id,advent_event_id,period,rotate_no,advent_boss_1_area_type,advent_boss_2_area_type,advent_boss_3_area_type,advent_boss_4_area_type,advent_boss_5_area_type,advent_boss_6_area_type
1,1,1,1,1,2,999,999,999,999
2,1,1,2,3,4,999,999,999,999
3,1,1,3,5,6,999,999,999,999
4,1,1,4,2,3,999,999,999,999
5,1,1,5,4,5,999,999,999,999
6,1,1,6,6,1,999,999,999,999
7,1,1,7,3,4,999,999,999,999
8,1,1,8,5,6,999,999,999,999
9,1,1,9,1,2,999,999,999,999
10,1,1,10,4,5,999,999,999,999
11,1,1,11,6,1,999,999,999,999
12,1,1,12,2,3,999,999,999,999
13,1,2,1,5,6,999,999,999,999
14,1,2,2,1,2,999,999,999,999
15,1,2,3,3,4,999,999,999,999
16,1,2,4,6,1,999,999,999,999
17,1,2,5,2,3,999,999,999,999
18,1,2,6,4,5,999,999,999,999
19,1,2,7,1,2,999,999,999,999
20,1,2,8,3,4,999,999,999,999
21,1,2,9,5,6,999,999,999,999
22,1,2,10,2,3,999,999,999,999
23,1,2,11,4,5,999,999,999,999
24,1,2,12,6,1,999,999,999,999
25,1,3,1,3,4,999,999,999,999
26,1,3,2,5,6,999,999,999,999
27,1,3,3,1,2,999,999,999,999
28,1,3,4,4,5,999,999,999,999
29,1,3,5,6,1,999,999,999,999
30,1,3,6,2,3,999,999,999,999
31,1,3,7,5,6,999,999,999,999
32,1,3,8,1,2,999,999,999,999
33,1,3,9,3,4,999,999,999,999
34,1,3,10,6,1,999,999,999,999
35,1,3,11,2,3,999,999,999,999
36,1,3,12,4,5,999,999,999,999
37,1,4,1,1,2,999,999,999,999
38,1,4,2,3,4,999,999,999,999
39,1,4,3,5,6,999,999,999,999
40,1,4,4,2,3,999,999,999,999
41,1,4,5,4,5,999,999,999,999
42,1,4,6,6,1,999,999,999,999
43,1,4,7,3,4,999,999,999,999
44,1,4,8,5,6,999,999,999,999
45,1,4,9,1,2,999,999,999,999
46,1,4,10,4,5,999,999,999,999
47,1,4,11,6,1,999,999,999,999
48,1,4,12,2,3,999,999,999,999
49,1,5,1,5,6,999,999,999,999
50,1,5,2,1,2,999,999,999,999
51,1,5,3,3,4,999,999,999,999
52,1,5,4,6,1,999,999,999,999
53,1,5,5,2,3,999,999,999,999
54,1,5,6,4,5,999,999,999,999
55,1,5,7,1,2,999,999,999,999
56,1,5,8,3,4,999,999,999,999
57,1,5,9,5,6,999,999,999,999
58,1,5,10,2,3,999,999,999,999
59,1,5,11,4,5,999,999,999,999
60,1,5,12,6,1,999,999,999,999
61,1,6,1,3,4,999,999,999,999
62,1,6,2,5,6,999,999,999,999
63,1,6,3,1,2,999,999,999,999
64,1,6,4,4,5,999,999,999,999
65,1,6,5,6,1,999,999,999,999
66,1,6,6,2,3,999,999,999,999
67,1,6,7,5,6,999,999,999,999
68,1,6,8,1,2,999,999,999,999
69,1,6,9,3,4,999,999,999,999
70,1,6,10,6,1,999,999,999,999
71,1,6,11,2,3,999,999,999,999
72,1,6,12,4,5,999,999,999,999
73,1,7,1,1,2,999,999,999,999
74,1,7,2,3,4,999,999,999,999
75,1,7,3,5,6,999,999,999,999
76,1,7,4,2,3,999,999,999,999
77,1,7,5,4,5,999,999,999,999
78,1,7,6,6,1,999,999,999,999
79,1,7,7,3,4,999,999,999,999
80,1,7,8,5,6,999,999,999,999
81,1,7,9,1,2,999,999,999,999
82,1,7,10,4,5,999,999,999,999
83,1,7,11,6,1,999,999,999,999
84,1,7,12,2,3,999,999,999,999
85,1,8,1,5,6,999,999,999,999
86,1,8,2,1,2,999,999,999,999
87,1,8,3,3,4,999,999,999,999
88,1,8,4,6,1,999,999,999,999
89,1,8,5,2,3,999,999,999,999
90,1,8,6,4,5,999,999,999,999
91,1,8,7,1,2,999,999,999,999
92,1,8,8,3,4,999,999,999,999
93,1,8,9,5,6,999,999,999,999
94,1,8,10,2,3,999,999,999,999
95,1,8,11,4,5,999,999,999,999
96,1,8,12,6,1,999,999,999,999
97,1,9,1,3,4,999,999,999,999
98,1,9,2,5,6,999,999,999,999
99,1,9,3,1,2,999,999,999,999
100,1,9,4,4,5,999,999,999,999
101,1,9,5,6,1,999,999,999,999
102,1,9,6,2,3,999,999,999,999
103,1,9,7,5,6,999,999,999,999
104,1,9,8,1,2,999,999,999,999
105,1,9,9,3,4,999,999,999,999
106,1,9,10,6,1,999,999,999,999
107,1,9,11,2,3,999,999,999,999
108,1,9,12,4,5,999,999,999,999
109,1,10,1,1,2,999,999,999,999
110,1,10,2,3,4,999,999,999,999
111,1,10,3,5,6,999,999,999,999
112,1,10,4,2,3,999,999,999,999
113,1,10,5,4,5,999,999,999,999
114,1,10,6,6,1,999,999,999,999
115,1,10,7,3,4,999,999,999,999
116,1,10,8,5,6,999,999,999,999
117,1,10,9,1,2,999,999,999,999
118,1,10,10,4,5,999,999,999,999
119,1,10,11,6,1,999,999,999,999
120,1,10,12,2,3,999,999,999,999
121,1,11,1,5,6,999,999,999,999
122,1,11,2,1,2,999,999,999,999
123,1,11,3,3,4,999,999,999,999
124,1,11,4,6,1,999,999,999,999
125,1,11,5,2,3,999,999,999,999
126,1,11,6,4,5,999,999,999,999
127,1,11,7,1,2,999,999,999,999
128,1,11,8,3,4,999,999,999,999
129,1,11,9,5,6,999,999,999,999
130,1,11,10,2,3,999,999,999,999
131,1,11,11,4,5,999,999,999,999
132,1,11,12,6,1,999,999,999,999
133,1,12,1,3,4,999,999,999,999
134,1,12,2,5,6,999,999,999,999
135,1,12,3,1,2,999,999,999,999
136,1,12,4,4,5,999,999,999,999
137,1,12,5,6,1,999,999,999,999
138,1,12,6,2,3,999,999,999,999
139,1,12,7,5,6,999,999,999,999
140,1,12,8,1,2,999,999,999,999
141,1,12,9,3,4,999,999,999,999
142,1,12,10,6,1,999,999,999,999
143,1,12,11,2,3,999,999,999,999
144,1,12,12,4,5,999,999,999,999
145,1,13,1,1,2,999,999,999,999
146,1,13,2,3,4,999,999,999,999
147,1,13,3,5,6,999,999,999,999
148,1,13,4,2,3,999,999,999,999
149,1,13,5,4,5,999,999,999,999
150,1,13,6,6,1,999,999,999,999
151,1,13,7,3,4,999,999,999,999
152,1,13,8,5,6,999,999,999,999
153,1,13,9,1,2,999,999,999,999
154,1,13,10,4,5,999,999,999,999
155,1,13,11,6,1,999,999,999,999
156,1,13,12,2,3,999,999,999,999
157,1,14,1,5,6,999,999,999,999
158,1,14,2,1,2,999,999,999,999
159,1,14,3,3,4,999,999,999,999
160,1,14,4,6,1,999,999,999,999
161,1,14,5,2,3,999,999,999,999
162,1,14,6,4,5,999,999,999,999
163,1,14,7,1,2,999,999,999,999
164,1,14,8,3,4,999,999,999,999
165,1,14,9,5,6,999,999,999,999
166,1,14,10,2,3,999,999,999,999
167,1,14,11,4,5,999,999,999,999
168,1,14,12,6,1,999,999,999,999
169,1,15,1,3,4,999,999,999,999
170,1,15,2,5,6,999,999,999,999
171,1,15,3,1,2,999,999,999,999
172,1,15,4,4,5,999,999,999,999
173,1,15,5,6,1,999,999,999,999
174,1,15,6,2,3,999,999,999,999
175,1,15,7,5,6,999,999,999,999
176,1,15,8,1,2,999,999,999,999
177,1,15,9,3,4,999,999,999,999
178,1,15,10,6,1,999,999,999,999
179,1,15,11,2,3,999,999,999,999
180,1,15,12,4,5,999,999,999,999
181,1,16,1,1,2,999,999,999,999
182,1,16,2,3,4,999,999,999,999
183,1,16,3,5,6,999,999,999,999
184,1,16,4,2,3,999,999,999,999
185,1,16,5,4,5,999,999,999,999
186,1,16,6,6,1,999,999,999,999
187,1,16,7,3,4,999,999,999,999
188,1,16,8,5,6,999,999,999,999
189,1,16,9,1,2,999,999,999,999
190,1,16,10,4,5,999,999,999,999
191,1,16,11,6,1,999,999,999,999
192,1,16,12,2,3,999,999,999,999
193,1,17,1,5,6,999,999,999,999
194,1,17,2,1,2,999,999,999,999
195,1,17,3,3,4,999,999,999,999
196,1,17,4,6,1,999,999,999,999
197,1,17,5,2,3,999,999,999,999
198,1,17,6,4,5,999,999,999,999
199,1,17,7,1,2,999,999,999,999
200,1,17,8,3,4,999,999,999,999
201,1,17,9,5,6,999,999,999,999
202,1,17,10,2,3,999,999,999,999
203,1,17,11,4,5,999,999,999,999
204,1,17,12,6,1,999,999,999,999
205,1,18,1,3,4,999,999,999,999
206,1,18,2,5,6,999,999,999,999
207,1,18,3,1,2,999,999,999,999
208,1,18,4,4,5,999,999,999,999
209,1,18,5,6,1,999,999,999,999
210,1,18,6,2,3,999,999,999,999
211,1,18,7,5,6,999,999,999,999
212,1,18,8,1,2,999,999,999,999
213,1,18,9,3,4,999,999,999,999
214,1,18,10,6,1,999,999,999,999
215,1,18,11,2,3,999,999,999,999
216,1,18,12,4,5,999,999,999,999
217,1,19,1,3,4,999,999,999,999
218,1,19,2,5,6,999,999,999,999
219,1,19,3,1,2,999,999,999,999
220,1,19,4,4,5,999,999,999,999
221,1,19,5,6,1,999,999,999,999
222,1,19,6,2,3,999,999,999,999
223,1,19,7,5,6,999,999,999,999
224,1,19,8,1,2,999,999,999,999
225,1,19,9,3,4,999,999,999,999
226,1,19,10,6,1,999,999,999,999
227,1,19,11,2,3,999,999,999,999
228,1,19,12,4,5,999,999,999,999
229,2,1,1,1,2,999,999,999,999
230,2,1,2,3,4,999,999,999,999
231,2,1,3,5,6,999,999,999,999
232,2,1,4,2,3,999,999,999,999
233,2,1,5,4,5,999,999,999,999
234,2,1,6,6,1,999,999,999,999
235,2,1,7,3,4,999,999,999,999
236,2,1,8,5,6,999,999,999,999
237,2,1,9,1,2,999,999,999,999
238,2,1,10,4,5,999,999,999,999
239,2,1,11,6,1,999,999,999,999
240,2,1,12,2,3,999,999,999,999
241,2,2,1,5,6,999,999,999,999
242,2,2,2,1,2,999,999,999,999
243,2,2,3,3,4,999,999,999,999
244,2,2,4,6,1,999,999,999,999
245,2,2,5,2,3,999,999,999,999
246,2,2,6,4,5,999,999,999,999
247,2,2,7,1,2,999,999,999,999
248,2,2,8,3,4,999,999,999,999
249,2,2,9,5,6,999,999,999,999
250,2,2,10,2,3,999,999,999,999
251,2,2,11,4,5,999,999,999,999
252,2,2,12,6,1,999,999,999,999
253,2,3,1,3,4,999,999,999,999
254,2,3,2,5,6,999,999,999,999
255,2,3,3,1,2,999,999,999,999
256,2,3,4,4,5,999,999,999,999
257,2,3,5,6,1,999,999,999,999
258,2,3,6,2,3,999,999,999,999
259,2,3,7,5,6,999,999,999,999
260,2,3,8,1,2,999,999,999,999
261,2,3,9,3,4,999,999,999,999
262,2,3,10,6,1,999,999,999,999
263,2,3,11,2,3,999,999,999,999
264,2,3,12,4,5,999,999,999,999
265,2,4,1,1,2,999,999,999,999
266,2,4,2,3,4,999,999,999,999
267,2,4,3,5,6,999,999,999,999
268,2,4,4,2,3,999,999,999,999
269,2,4,5,4,5,999,999,999,999
270,2,4,6,6,1,999,999,999,999
271,2,4,7,3,4,999,999,999,999
272,2,4,8,5,6,999,999,999,999
273,2,4,9,1,2,999,999,999,999
274,2,4,10,4,5,999,999,999,999
275,2,4,11,6,1,999,999,999,999
276,2,4,12,2,3,999,999,999,999
277,2,5,1,5,6,999,999,999,999
278,2,5,2,1,2,999,999,999,999
279,2,5,3,3,4,999,999,999,999
280,2,5,4,6,1,999,999,999,999
281,2,5,5,2,3,999,999,999,999
282,2,5,6,4,5,999,999,999,999
283,2,5,7,1,2,999,999,999,999
284,2,5,8,3,4,999,999,999,999
285,2,5,9,5,6,999,999,999,999
286,2,5,10,2,3,999,999,999,999
287,2,5,11,4,5,999,999,999,999
288,2,5,12,6,1,999,999,999,999
289,2,6,1,3,4,999,999,999,999
290,2,6,2,5,6,999,999,999,999
291,2,6,3,1,2,999,999,999,999
292,2,6,4,4,5,999,999,999,999
293,2,6,5,6,1,999,999,999,999
294,2,6,6,2,3,999,999,999,999
295,2,6,7,5,6,999,999,999,999
296,2,6,8,1,2,999,999,999,999
297,2,6,9,3,4,999,999,999,999
298,2,6,10,6,1,999,999,999,999
299,2,6,11,2,3,999,999,999,999
300,2,6,12,4,5,999,999,999,999
301,2,7,1,1,2,999,999,999,999
302,2,7,2,3,4,999,999,999,999
303,2,7,3,5,6,999,999,999,999
304,2,7,4,2,3,999,999,999,999
305,2,7,5,4,5,999,999,999,999
306,2,7,6,6,1,999,999,999,999
307,2,7,7,3,4,999,999,999,999
308,2,7,8,5,6,999,999,999,999
309,2,7,9,1,2,999,999,999,999
310,2,7,10,4,5,999,999,999,999
311,2,7,11,6,1,999,999,999,999
312,2,7,12,2,3,999,999,999,999
313,2,8,1,5,6,999,999,999,999
314,2,8,2,1,2,999,999,999,999
315,2,8,3,3,4,999,999,999,999
316,2,8,4,6,1,999,999,999,999
317,2,8,5,2,3,999,999,999,999
318,2,8,6,4,5,999,999,999,999
319,2,8,7,1,2,999,999,999,999
320,2,8,8,3,4,999,999,999,999
321,2,8,9,5,6,999,999,999,999
322,2,8,10,2,3,999,999,999,999
323,2,8,11,4,5,999,999,999,999
324,2,8,12,6,1,999,999,999,999
325,2,9,1,3,4,999,999,999,999
326,2,9,2,5,6,999,999,999,999
327,2,9,3,1,2,999,999,999,999
328,2,9,4,4,5,999,999,999,999
329,2,9,5,6,1,999,999,999,999
330,2,9,6,2,3,999,999,999,999
331,2,9,7,5,6,999,999,999,999
332,2,9,8,1,2,999,999,999,999
333,2,9,9,3,4,999,999,999,999
334,2,9,10,6,1,999,999,999,999
335,2,9,11,2,3,999,999,999,999
336,2,9,12,4,5,999,999,999,999
337,2,10,1,1,2,999,999,999,999
338,2,10,2,3,4,999,999,999,999
339,2,10,3,5,6,999,999,999,999
340,2,10,4,2,3,999,999,999,999
341,2,10,5,4,5,999,999,999,999
342,2,10,6,6,1,999,999,999,999
343,2,10,7,3,4,999,999,999,999
344,2,10,8,5,6,999,999,999,999
345,2,10,9,1,2,999,999,999,999
346,2,10,10,4,5,999,999,999,999
347,2,10,11,6,1,999,999,999,999
348,2,10,12,2,3,999,999,999,999
349,2,11,1,5,6,999,999,999,999
350,2,11,2,1,2,999,999,999,999
351,2,11,3,3,4,999,999,999,999
352,2,11,4,6,1,999,999,999,999
353,2,11,5,2,3,999,999,999,999
354,2,11,6,4,5,999,999,999,999
355,2,11,7,1,2,999,999,999,999
356,2,11,8,3,4,999,999,999,999
357,2,11,9,5,6,999,999,999,999
358,2,11,10,2,3,999,999,999,999
359,2,11,11,4,5,999,999,999,999
360,2,11,12,6,1,999,999,999,999
361,2,12,1,3,4,999,999,999,999
362,2,12,2,5,6,999,999,999,999
363,2,12,3,1,2,999,999,999,999
364,2,12,4,4,5,999,999,999,999
365,2,12,5,6,1,999,999,999,999
366,2,12,6,2,3,999,999,999,999
367,2,12,7,5,6,999,999,999,999
368,2,12,8,1,2,999,999,999,999
369,2,12,9,3,4,999,999,999,999
370,2,12,10,6,1,999,999,999,999
371,2,12,11,2,3,999,999,999,999
372,2,12,12,4,5,999,999,999,999
373,2,13,1,1,2,999,999,999,999
374,2,13,2,3,4,999,999,999,999
375,2,13,3,5,6,999,999,999,999
376,2,13,4,2,3,999,999,999,999
377,2,13,5,4,5,999,999,999,999
378,2,13,6,6,1,999,999,999,999
379,2,13,7,3,4,999,999,999,999
380,2,13,8,5,6,999,999,999,999
381,2,13,9,1,2,999,999,999,999
382,2,13,10,4,5,999,999,999,999
383,2,13,11,6,1,999,999,999,999
384,2,13,12,2,3,999,999,999,999
385,2,14,1,5,6,999,999,999,999
386,2,14,2,1,2,999,999,999,999
387,2,14,3,3,4,999,999,999,999
388,2,14,4,6,1,999,999,999,999
389,2,14,5,2,3,999,999,999,999
390,2,14,6,4,5,999,999,999,999
391,2,14,7,1,2,999,999,999,999
392,2,14,8,3,4,999,999,999,999
393,2,14,9,5,6,999,999,999,999
394,2,14,10,2,3,999,999,999,999
395,2,14,11,4,5,999,999,999,999
396,2,14,12,6,1,999,999,999,999
397,2,15,1,3,4,999,999,999,999
398,2,15,2,5,6,999,999,999,999
399,2,15,3,1,2,999,999,999,999
400,2,15,4,4,5,999,999,999,999
401,2,15,5,6,1,999,999,999,999
402,2,15,6,2,3,999,999,999,999
403,2,15,7,5,6,999,999,999,999
404,2,15,8,1,2,999,999,999,999
405,2,15,9,3,4,999,999,999,999
406,2,15,10,6,1,999,999,999,999
407,2,15,11,2,3,999,999,999,999
408,2,15,12,4,5,999,999,999,999
409,3,1,1,3,4,5,999,999,999
410,3,1,2,5,6,1,999,999,999
411,3,1,3,2,3,4,999,999,999
412,3,1,4,4,5,6,999,999,999
413,3,1,5,6,1,2,999,999,999
414,3,1,6,3,4,5,999,999,999
415,3,1,7,5,6,1,999,999,999
416,3,1,8,1,2,3,999,999,999
417,3,1,9,4,5,6,999,999,999
418,3,1,10,6,1,2,999,999,999
419,3,1,11,2,3,4,999,999,999
420,3,1,12,5,6,1,999,999,999
421,3,2,1,1,2,3,999,999,999
422,3,2,2,3,4,5,999,999,999
423,3,2,3,6,1,2,999,999,999
424,3,2,4,2,3,4,999,999,999
425,3,2,5,4,5,6,999,999,999
426,3,2,6,1,2,3,999,999,999
427,3,2,7,3,4,5,999,999,999
428,3,2,8,5,6,1,999,999,999
429,3,2,9,2,3,4,999,999,999
430,3,2,10,4,5,6,999,999,999
431,3,2,11,6,1,2,999,999,999
432,3,2,12,3,4,5,999,999,999
433,3,3,1,5,6,1,999,999,999
434,3,3,2,1,2,3,999,999,999
435,3,3,3,4,5,6,999,999,999
436,3,3,4,6,1,2,999,999,999
437,3,3,5,2,3,4,999,999,999
438,3,3,6,5,6,1,999,999,999
439,3,3,7,1,2,3,999,999,999
440,3,3,8,3,4,5,999,999,999
441,3,3,9,6,1,2,999,999,999
442,3,3,10,2,3,4,999,999,999
443,3,3,11,4,5,6,999,999,999
444,3,3,12,1,2,3,999,999,999
445,3,4,1,3,4,5,999,999,999
446,3,4,2,5,6,1,999,999,999
447,3,4,3,2,3,4,999,999,999
448,3,4,4,4,5,6,999,999,999
449,3,4,5,6,1,2,999,999,999
450,3,4,6,3,4,5,999,999,999
451,3,4,7,5,6,1,999,999,999
452,3,4,8,1,2,3,999,999,999
453,3,4,9,4,5,6,999,999,999
454,3,4,10,6,1,2,999,999,999
455,3,4,11,2,3,4,999,999,999
456,3,4,12,5,6,1,999,999,999
457,3,5,1,1,2,3,999,999,999
458,3,5,2,3,4,5,999,999,999
459,3,5,3,6,1,2,999,999,999
460,3,5,4,2,3,4,999,999,999
461,3,5,5,4,5,6,999,999,999
462,3,5,6,1,2,3,999,999,999
463,3,5,7,3,4,5,999,999,999
464,3,5,8,5,6,1,999,999,999
465,3,5,9,2,3,4,999,999,999
466,3,5,10,4,5,6,999,999,999
467,3,5,11,6,1,2,999,999,999
468,3,5,12,3,4,5,999,999,999
469,3,6,1,5,6,1,999,999,999
470,3,6,2,1,2,3,999,999,999
471,3,6,3,4,5,6,999,999,999
472,3,6,4,6,1,2,999,999,999
473,3,6,5,2,3,4,999,999,999
474,3,6,6,5,6,1,999,999,999
475,3,6,7,1,2,3,999,999,999
476,3,6,8,3,4,5,999,999,999
477,3,6,9,6,1,2,999,999,999
478,3,6,10,2,3,4,999,999,999
479,3,6,11,4,5,6,999,999,999
480,3,6,12,1,2,3,999,999,999
481,3,7,1,3,4,5,999,999,999
482,3,7,2,5,6,1,999,999,999
483,3,7,3,2,3,4,999,999,999
484,3,7,4,4,5,6,999,999,999
485,3,7,5,6,1,2,999,999,999
486,3,7,6,3,4,5,999,999,999
487,3,7,7,5,6,1,999,999,999
488,3,7,8,1,2,3,999,999,999
489,3,7,9,4,5,6,999,999,999
490,3,7,10,6,1,2,999,999,999
491,3,7,11,2,3,4,999,999,999
492,3,7,12,5,6,1,999,999,999
493,3,8,1,1,2,3,999,999,999
494,3,8,2,3,4,5,999,999,999
495,3,8,3,6,1,2,999,999,999
496,3,8,4,2,3,4,999,999,999
497,3,8,5,4,5,6,999,999,999
498,3,8,6,1,2,3,999,999,999
499,3,8,7,3,4,5,999,999,999
500,3,8,8,5,6,1,999,999,999
501,3,8,9,2,3,4,999,999,999
502,3,8,10,4,5,6,999,999,999
503,3,8,11,6,1,2,999,999,999
504,3,8,12,3,4,5,999,999,999
505,3,9,1,5,6,1,999,999,999
506,3,9,2,1,2,3,999,999,999
507,3,9,3,4,5,6,999,999,999
508,3,9,4,6,1,2,999,999,999
509,3,9,5,2,3,4,999,999,999
510,3,9,6,5,6,1,999,999,999
511,3,9,7,1,2,3,999,999,999
512,3,9,8,3,4,5,999,999,999
513,3,9,9,6,1,2,999,999,999
514,3,9,10,2,3,4,999,999,999
515,3,9,11,4,5,6,999,999,999
516,3,9,12,1,2,3,999,999,999
517,3,10,1,3,4,5,999,999,999
518,3,10,2,5,6,1,999,999,999
519,3,10,3,2,3,4,999,999,999
520,3,10,4,4,5,6,999,999,999
521,3,10,5,6,1,2,999,999,999
522,3,10,6,3,4,5,999,999,999
523,3,10,7,5,6,1,999,999,999
524,3,10,8,1,2,3,999,999,999
525,3,10,9,4,5,6,999,999,999
526,3,10,10,6,1,2,999,999,999
527,3,10,11,2,3,4,999,999,999
528,3,10,12,5,6,1,999,999,999
529,3,11,1,1,2,3,999,999,999
530,3,11,2,3,4,5,999,999,999
531,3,11,3,6,1,2,999,999,999
532,3,11,4,2,3,4,999,999,999
533,3,11,5,4,5,6,999,999,999
534,3,11,6,1,2,3,999,999,999
535,3,11,7,3,4,5,999,999,999
536,3,11,8,5,6,1,999,999,999
537,3,11,9,2,3,4,999,999,999
538,3,11,10,4,5,6,999,999,999
539,3,11,11,6,1,2,999,999,999
540,3,11,12,3,4,5,999,999,999
541,3,12,1,5,6,1,999,999,999
542,3,12,2,1,2,3,999,999,999
543,3,12,3,4,5,6,999,999,999
544,3,12,4,6,1,2,999,999,999
545,3,12,5,2,3,4,999,999,999
546,3,12,6,5,6,1,999,999,999
547,3,12,7,1,2,3,999,999,999
548,3,12,8,3,4,5,999,999,999
549,3,12,9,6,1,2,999,999,999
550,3,12,10,2,3,4,999,999,999
551,3,12,11,4,5,6,999,999,999
552,3,12,12,1,2,3,999,999,999
553,3,13,1,3,4,5,999,999,999
554,3,13,2,5,6,1,999,999,999
555,3,13,3,2,3,4,999,999,999
556,3,13,4,4,5,6,999,999,999
557,3,13,5,6,1,2,999,999,999
558,3,13,6,3,4,5,999,999,999
559,3,13,7,5,6,1,999,999,999
560,3,13,8,1,2,3,999,999,999
561,3,13,9,4,5,6,999,999,999
562,3,13,10,6,1,2,999,999,999
563,3,13,11,2,3,4,999,999,999
564,3,13,12,5,6,1,999,999,999
565,3,14,1,1,2,3,999,999,999
566,3,14,2,3,4,5,999,999,999
567,3,14,3,6,1,2,999,999,999
568,3,14,4,2,3,4,999,999,999
569,3,14,5,4,5,6,999,999,999
570,3,14,6,1,2,3,999,999,999
571,3,14,7,3,4,5,999,999,999
572,3,14,8,5,6,1,999,999,999
573,3,14,9,2,3,4,999,999,999
574,3,14,10,4,5,6,999,999,999
575,3,14,11,6,1,2,999,999,999
576,3,14,12,3,4,5,999,999,999
577,4,1,1,5,6,1,999,999,999
578,4,1,2,1,2,3,999,999,999
579,4,1,3,4,5,6,999,999,999
580,4,1,4,6,1,2,999,999,999
581,4,1,5,2,3,4,999,999,999
582,4,1,6,5,6,1,999,999,999
583,4,1,7,1,2,3,999,999,999
584,4,1,8,3,4,5,999,999,999
585,4,1,9,6,1,2,999,999,999
586,4,1,10,2,3,4,999,999,999
587,4,1,11,4,5,6,999,999,999
588,4,1,12,1,2,3,999,999,999
589,4,2,1,3,4,5,999,999,999
590,4,2,2,5,6,1,999,999,999
591,4,2,3,2,3,4,999,999,999
592,4,2,4,4,5,6,999,999,999
593,4,2,5,6,1,2,999,999,999
594,4,2,6,3,4,5,999,999,999
595,4,2,7,5,6,1,999,999,999
596,4,2,8,1,2,3,999,999,999
597,4,2,9,4,5,6,999,999,999
598,4,2,10,6,1,2,999,999,999
599,4,2,11,2,3,4,999,999,999
600,4,2,12,5,6,1,999,999,999
601,4,3,1,1,2,3,999,999,999
602,4,3,2,3,4,5,999,999,999
603,4,3,3,6,1,2,999,999,999
604,4,3,4,2,3,4,999,999,999
605,4,3,5,4,5,6,999,999,999
606,4,3,6,1,2,3,999,999,999
607,4,3,7,3,4,5,999,999,999
608,4,3,8,5,6,1,999,999,999
609,4,3,9,2,3,4,999,999,999
610,4,3,10,4,5,6,999,999,999
611,4,3,11,6,1,2,999,999,999
612,4,3,12,3,4,5,999,999,999
613,4,4,1,5,6,1,999,999,999
614,4,4,2,1,2,3,999,999,999
615,4,4,3,4,5,6,999,999,999
616,4,4,4,6,1,2,999,999,999
617,4,4,5,2,3,4,999,999,999
618,4,4,6,5,6,1,999,999,999
619,4,4,7,1,2,3,999,999,999
620,4,4,8,3,4,5,999,999,999
621,4,4,9,6,1,2,999,999,999
622,4,4,10,2,3,4,999,999,999
623,4,4,11,4,5,6,999,999,999
624,4,4,12,3,4,5,999,999,999
625,4,5,1,5,6,1,999,999,999
626,4,5,2,1,2,3,999,999,999
627,4,5,3,4,5,6,999,999,999
628,4,5,4,6,1,2,999,999,999
629,4,5,5,2,3,4,999,999,999
630,4,5,6,5,6,1,999,999,999
631,4,5,7,1,2,3,999,999,999
632,4,5,8,3,4,5,999,999,999
633,4,5,9,6,1,2,999,999,999
634,4,5,10,2,3,4,999,999,999
635,4,5,11,4,5,6,999,999,999
636,4,5,12,1,2,3,999,999,999
637,4,6,1,3,4,5,999,999,999
638,4,6,2,5,6,1,999,999,999
639,4,6,3,2,3,4,999,999,999
640,4,6,4,4,5,6,999,999,999
641,4,6,5,6,1,2,999,999,999
642,4,6,6,3,4,5,999,999,999
643,4,6,7,5,6,1,999,999,999
644,4,6,8,1,2,3,999,999,999
645,4,6,9,4,5,6,999,999,999
646,4,6,10,6,1,2,999,999,999
647,4,6,11,2,3,4,999,999,999
648,4,6,12,5,6,1,999,999,999
649,4,7,1,1,2,3,999,999,999
650,4,7,2,3,4,5,999,999,999
651,4,7,3,6,1,2,999,999,999
652,4,7,4,2,3,4,999,999,999
653,4,7,5,4,5,6,999,999,999
654,4,7,6,1,2,3,999,999,999
655,4,7,7,3,4,5,999,999,999
656,4,7,8,5,6,1,999,999,999
657,4,7,9,2,3,4,999,999,999
658,4,7,10,4,5,6,999,999,999
659,4,7,11,6,1,2,999,999,999
660,4,7,12,3,4,5,999,999,999
661,4,8,1,5,6,1,999,999,999
662,4,8,2,1,2,3,999,999,999
663,4,8,3,4,5,6,999,999,999
664,4,8,4,6,1,2,999,999,999
665,4,8,5,2,3,4,999,999,999
666,4,8,6,5,6,1,999,999,999
667,4,8,7,1,2,3,999,999,999
668,4,8,8,3,4,5,999,999,999
669,4,8,9,6,1,2,999,999,999
670,4,8,10,2,3,4,999,999,999
671,4,8,11,4,5,6,999,999,999
672,4,8,12,1,2,3,999,999,999
673,4,9,1,3,4,5,999,999,999
674,4,9,2,5,6,1,999,999,999
675,4,9,3,2,3,4,999,999,999
676,4,9,4,4,5,6,999,999,999
677,4,9,5,6,1,2,999,999,999
678,4,9,6,3,4,5,999,999,999
679,4,9,7,5,6,1,999,999,999
680,4,9,8,1,2,3,999,999,999
681,4,9,9,4,5,6,999,999,999
682,4,9,10,6,1,2,999,999,999
683,4,9,11,2,3,4,999,999,999
684,4,9,12,5,6,1,999,999,999
685,4,10,1,1,2,3,999,999,999
686,4,10,2,3,4,5,999,999,999
687,4,10,3,6,1,2,999,999,999
688,4,10,4,2,3,4,999,999,999
689,4,10,5,4,5,6,999,999,999
690,4,10,6,1,2,3,999,999,999
691,4,10,7,3,4,5,999,999,999
692,4,10,8,5,6,1,999,999,999
693,4,10,9,2,3,4,999,999,999
694,4,10,10,4,5,6,999,999,999
695,4,10,11,6,1,2,999,999,999
696,4,10,12,3,4,5,999,999,999
697,4,11,1,5,6,1,999,999,999
698,4,11,2,1,2,3,999,999,999
699,4,11,3,4,5,6,999,999,999
700,4,11,4,6,1,2,999,999,999
701,4,11,5,2,3,4,999,999,999
702,4,11,6,5,6,1,999,999,999
703,4,11,7,1,2,3,999,999,999
704,4,11,8,3,4,5,999,999,999
705,4,11,9,6,1,2,999,999,999
706,4,11,10,2,3,4,999,999,999
707,4,11,11,4,5,6,999,999,999
708,4,11,12,1,2,3,999,999,999
709,4,12,1,3,4,5,999,999,999
710,4,12,2,5,6,1,999,999,999
711,4,12,3,2,3,4,999,999,999
712,4,12,4,4,5,6,999,999,999
713,4,12,5,6,1,2,999,999,999
714,4,12,6,3,4,5,999,999,999
715,4,12,7,5,6,1,999,999,999
716,4,12,8,1,2,3,999,999,999
717,4,12,9,4,5,6,999,999,999
718,4,12,10,6,1,2,999,999,999
719,4,12,11,2,3,4,999,999,999
720,4,12,12,5,6,1,999,999,999
721,4,13,1,1,2,3,999,999,999
722,4,13,2,3,4,5,999,999,999
723,4,13,3,6,1,2,999,999,999
724,4,13,4,2,3,4,999,999,999
725,4,13,5,4,5,6,999,999,999
726,4,13,6,1,2,3,999,999,999
727,4,13,7,3,4,5,999,999,999
728,4,13,8,5,6,1,999,999,999
729,4,13,9,2,3,4,999,999,999
730,4,13,10,4,5,6,999,999,999
731,4,13,11,6,1,2,999,999,999
732,4,13,12,3,4,5,999,999,999
733,5,1,1,1,2,3,999,999,999
734,5,1,2,4,5,6,999,999,999
735,5,1,3,2,3,1,999,999,999
736,5,1,4,5,6,4,999,999,999
737,5,1,5,3,1,2,999,999,999
738,5,1,6,6,4,5,999,999,999
739,5,1,7,2,3,1,999,999,999
740,5,1,8,5,6,4,999,999,999
741,5,1,9,3,1,2,999,999,999
742,5,1,10,6,4,5,999,999,999
743,5,1,11,1,2,3,999,999,999
744,5,1,12,4,5,6,999,999,999
745,5,2,1,3,1,2,999,999,999
746,5,2,2,6,4,5,999,999,999
747,5,2,3,1,2,3,999,999,999
748,5,2,4,4,5,6,999,999,999
749,5,2,5,2,3,1,999,999,999
750,5,2,6,5,6,4,999,999,999
751,5,2,7,1,2,3,999,999,999
752,5,2,8,4,5,6,999,999,999
753,5,2,9,2,3,1,999,999,999
754,5,2,10,5,6,4,999,999,999
755,5,2,11,3,1,2,999,999,999
756,5,2,12,6,4,5,999,999,999
757,5,3,1,2,3,1,999,999,999
758,5,3,2,5,6,4,999,999,999
759,5,3,3,3,1,2,999,999,999
760,5,3,4,6,4,5,999,999,999
761,5,3,5,1,2,3,999,999,999
762,5,3,6,4,5,6,999,999,999
763,5,3,7,3,1,2,999,999,999
764,5,3,8,6,4,5,999,999,999
765,5,3,9,1,2,3,999,999,999
766,5,3,10,4,5,6,999,999,999
767,5,3,11,2,3,1,999,999,999
768,5,3,12,5,6,4,999,999,999
769,5,4,1,1,2,3,999,999,999
770,5,4,2,4,5,6,999,999,999
771,5,4,3,2,3,1,999,999,999
772,5,4,4,5,6,4,999,999,999
773,5,4,5,3,1,2,999,999,999
774,5,4,6,6,4,5,999,999,999
775,5,4,7,2,3,1,999,999,999
776,5,4,8,5,6,4,999,999,999
777,5,4,9,3,1,2,999,999,999
778,5,4,10,6,4,5,999,999,999
779,5,4,11,1,2,3,999,999,999
780,5,4,12,4,5,6,999,999,999
781,5,5,1,3,1,2,999,999,999
782,5,5,2,6,4,5,999,999,999
783,5,5,3,1,2,3,999,999,999
784,5,5,4,4,5,6,999,999,999
785,5,5,5,2,3,1,999,999,999
786,5,5,6,5,6,4,999,999,999
787,5,5,7,1,2,3,999,999,999
788,5,5,8,4,5,6,999,999,999
789,5,5,9,2,3,1,999,999,999
790,5,5,10,5,6,4,999,999,999
791,5,5,11,3,1,2,999,999,999
792,5,5,12,6,4,5,999,999,999
793,5,6,1,2,3,1,999,999,999
794,5,6,2,5,6,4,999,999,999
795,5,6,3,3,1,2,999,999,999
796,5,6,4,6,4,5,999,999,999
797,5,6,5,1,2,3,999,999,999
798,5,6,6,4,5,6,999,999,999
799,5,6,7,3,1,2,999,999,999
800,5,6,8,6,4,5,999,999,999
801,5,6,9,1,2,3,999,999,999
802,5,6,10,4,5,6,999,999,999
803,5,6,11,2,3,1,999,999,999
804,5,6,12,5,6,4,999,999,999
805,5,7,1,1,2,3,999,999,999
806,5,7,2,4,5,6,999,999,999
807,5,7,3,2,3,1,999,999,999
808,5,7,4,5,6,4,999,999,999
809,5,7,5,3,1,2,999,999,999
810,5,7,6,6,4,5,999,999,999
811,5,7,7,2,3,1,999,999,999
812,5,7,8,5,6,4,999,999,999
813,5,7,9,3,1,2,999,999,999
814,5,7,10,6,4,5,999,999,999
815,5,7,11,1,2,3,999,999,999
816,5,7,12,4,5,6,999,999,999
817,5,8,1,3,1,2,999,999,999
818,5,8,2,6,4,5,999,999,999
819,5,8,3,1,2,3,999,999,999
820,5,8,4,4,5,6,999,999,999
821,5,8,5,2,3,1,999,999,999
822,5,8,6,5,6,4,999,999,999
823,5,8,7,1,2,3,999,999,999
824,5,8,8,4,5,6,999,999,999
825,5,8,9,2,3,1,999,999,999
826,5,8,10,5,6,4,999,999,999
827,5,8,11,3,1,2,999,999,999
828,5,8,12,6,4,5,999,999,999
829,5,9,1,2,3,1,999,999,999
830,5,9,2,5,6,4,999,999,999
831,5,9,3,3,1,2,999,999,999
832,5,9,4,6,4,5,999,999,999
833,5,9,5,1,2,3,999,999,999
834,5,9,6,4,5,6,999,999,999
835,5,9,7,3,1,2,999,999,999
836,5,9,8,6,4,5,999,999,999
837,5,9,9,1,2,3,999,999,999
838,5,9,10,4,5,6,999,999,999
839,5,9,11,2,3,1,999,999,999
840,5,9,12,5,6,4,999,999,999
841,5,10,1,1,2,3,999,999,999
842,5,10,2,4,5,6,999,999,999
843,5,10,3,2,3,1,999,999,999
844,5,10,4,5,6,4,999,999,999
845,5,10,5,3,1,2,999,999,999
846,5,10,6,6,4,5,999,999,999
847,5,10,7,2,3,1,999,999,999
848,5,10,8,5,6,4,999,999,999
849,5,10,9,3,1,2,999,999,999
850,5,10,10,6,4,5,999,999,999
851,5,10,11,1,2,3,999,999,999
852,5,10,12,4,5,6,999,999,999
853,5,11,1,3,1,2,999,999,999
854,5,11,2,6,4,5,999,999,999
855,5,11,3,1,2,3,999,999,999
856,5,11,4,4,5,6,999,999,999
857,5,11,5,2,3,1,999,999,999
858,5,11,6,5,6,4,999,999,999
859,5,11,7,1,2,3,999,999,999
860,5,11,8,4,5,6,999,999,999
861,5,11,9,2,3,1,999,999,999
862,5,11,10,5,6,4,999,999,999
863,5,11,11,3,1,2,999,999,999
864,5,11,12,6,4,5,999,999,999
865,5,12,1,2,3,1,999,999,999
866,5,12,2,5,6,4,999,999,999
867,5,12,3,3,1,2,999,999,999
868,5,12,4,6,4,5,999,999,999
869,5,12,5,1,2,3,999,999,999
870,5,12,6,4,5,6,999,999,999
871,5,12,7,3,1,2,999,999,999
872,5,12,8,6,4,5,999,999,999
873,5,12,9,1,2,3,999,999,999
874,5,12,10,4,5,6,999,999,999
875,5,12,11,2,3,1,999,999,999
876,5,12,12,5,6,4,999,999,999
877,5,13,1,1,2,3,999,999,999
878,5,13,2,4,5,6,999,999,999
879,5,13,3,2,3,1,999,999,999
880,5,13,4,5,6,4,999,999,999
881,5,13,5,3,1,2,999,999,999
882,5,13,6,6,4,5,999,999,999
883,5,13,7,2,3,1,999,999,999
884,5,13,8,5,6,4,999,999,999
885,5,13,9,3,1,2,999,999,999
886,5,13,10,6,4,5,999,999,999
887,5,13,11,1,2,3,999,999,999
888,5,13,12,4,5,6,999,999,999
889,5,14,1,3,1,2,999,999,999
890,5,14,2,6,4,5,999,999,999
891,5,14,3,1,2,3,999,999,999
892,5,14,4,4,5,6,999,999,999
893,5,14,5,2,3,1,999,999,999
894,5,14,6,5,6,4,999,999,999
895,5,14,7,1,2,3,999,999,999
896,5,14,8,4,5,6,999,999,999
897,5,14,9,2,3,1,999,999,999
898,5,14,10,5,6,4,999,999,999
899,5,14,11,3,1,2,999,999,999
900,5,14,12,6,4,5,999,999,999
901,6,1,1,2,3,1,999,999,999
902,6,1,2,5,6,4,999,999,999
903,6,1,3,3,1,2,999,999,999
904,6,1,4,6,4,5,999,999,999
905,6,1,5,1,2,3,999,999,999
906,6,1,6,4,5,6,999,999,999
907,6,1,7,3,1,2,999,999,999
908,6,1,8,6,4,5,999,999,999
909,6,1,9,1,2,3,999,999,999
910,6,1,10,4,5,6,999,999,999
911,6,1,11,2,3,1,999,999,999
912,6,1,12,5,6,4,999,999,999
913,6,2,1,1,2,3,999,999,999
914,6,2,2,4,5,6,999,999,999
915,6,2,3,2,3,1,999,999,999
916,6,2,4,5,6,4,999,999,999
917,6,2,5,3,1,2,999,999,999
918,6,2,6,6,4,5,999,999,999
919,6,2,7,2,3,1,999,999,999
920,6,2,8,5,6,4,999,999,999
921,6,2,9,3,1,2,999,999,999
922,6,2,10,6,4,5,999,999,999
923,6,2,11,1,2,3,999,999,999
924,6,2,12,4,5,6,999,999,999
925,6,3,1,3,1,2,999,999,999
926,6,3,2,6,4,5,999,999,999
927,6,3,3,1,2,3,999,999,999
928,6,3,4,4,5,6,999,999,999
929,6,3,5,2,3,1,999,999,999
930,6,3,6,5,6,4,999,999,999
931,6,3,7,1,2,3,999,999,999
932,6,3,8,4,5,6,999,999,999
933,6,3,9,2,3,1,999,999,999
934,6,3,10,5,6,4,999,999,999
935,6,3,11,3,1,2,999,999,999
936,6,3,12,6,4,5,999,999,999
937,6,4,1,2,3,1,999,999,999
938,6,4,2,5,6,4,999,999,999
939,6,4,3,3,1,2,999,999,999
940,6,4,4,6,4,5,999,999,999
941,6,4,5,1,2,3,999,999,999
942,6,4,6,4,5,6,999,999,999
943,6,4,7,3,1,2,999,999,999
944,6,4,8,6,4,5,999,999,999
945,6,4,9,1,2,3,999,999,999
946,6,4,10,4,5,6,999,999,999
947,6,4,11,2,3,1,999,999,999
948,6,4,12,5,6,4,999,999,999
949,6,5,1,1,2,3,999,999,999
950,6,5,2,4,5,6,999,999,999
951,6,5,3,2,3,1,999,999,999
952,6,5,4,5,6,4,999,999,999
953,6,5,5,3,1,2,999,999,999
954,6,5,6,6,4,5,999,999,999
955,6,5,7,2,3,1,999,999,999
956,6,5,8,5,6,4,999,999,999
957,6,5,9,3,1,2,999,999,999
958,6,5,10,6,4,5,999,999,999
959,6,5,11,1,2,3,999,999,999
960,6,5,12,4,5,6,999,999,999
961,6,6,1,3,1,2,999,999,999
962,6,6,2,6,4,5,999,999,999
963,6,6,3,1,2,3,999,999,999
964,6,6,4,4,5,6,999,999,999
965,6,6,5,2,3,1,999,999,999
966,6,6,6,5,6,4,999,999,999
967,6,6,7,1,2,3,999,999,999
968,6,6,8,4,5,6,999,999,999
969,6,6,9,2,3,1,999,999,999
970,6,6,10,5,6,4,999,999,999
971,6,6,11,3,1,2,999,999,999
972,6,6,12,6,4,5,999,999,999
973,6,7,1,2,3,1,999,999,999
974,6,7,2,5,6,4,999,999,999
975,6,7,3,3,1,2,999,999,999
976,6,7,4,6,4,5,999,999,999
977,6,7,5,1,2,3,999,999,999
978,6,7,6,4,5,6,999,999,999
979,6,7,7,3,1,2,999,999,999
980,6,7,8,6,4,5,999,999,999
981,6,7,9,1,2,3,999,999,999
982,6,7,10,4,5,6,999,999,999
983,6,7,11,2,3,1,999,999,999
984,6,7,12,5,6,4,999,999,999
985,6,8,1,1,2,3,999,999,999
986,6,8,2,4,5,6,999,999,999
987,6,8,3,2,3,1,999,999,999
988,6,8,4,5,6,4,999,999,999
989,6,8,5,3,1,2,999,999,999
990,6,8,6,6,4,5,999,999,999
991,6,8,7,2,3,1,999,999,999
992,6,8,8,5,6,4,999,999,999
993,6,8,9,3,1,2,999,999,999
994,6,8,10,6,4,5,999,999,999
995,6,8,11,1,2,3,999,999,999
996,6,8,12,4,5,6,999,999,999
997,6,9,1,3,1,2,999,999,999
998,6,9,2,6,4,5,999,999,999
999,6,9,3,1,2,3,999,999,999
1000,6,9,4,4,5,6,999,999,999
1001,6,9,5,2,3,1,999,999,999
1002,6,9,6,5,6,4,999,999,999
1003,6,9,7,1,2,3,999,999,999
1004,6,9,8,4,5,6,999,999,999
1005,6,9,9,2,3,1,999,999,999
1006,6,9,10,5,6,4,999,999,999
1007,6,9,11,3,1,2,999,999,999
1008,6,9,12,6,4,5,999,999,999
1009,6,10,1,2,3,1,999,999,999
1010,6,10,2,5,6,4,999,999,999
1011,6,10,3,3,1,2,999,999,999
1012,6,10,4,6,4,5,999,999,999
1013,6,10,5,1,2,3,999,999,999
1014,6,10,6,4,5,6,999,999,999
1015,6,10,7,3,1,2,999,999,999
1016,6,10,8,6,4,5,999,999,999
1017,6,10,9,1,2,3,999,999,999
1018,6,10,10,4,5,6,999,999,999
1019,6,10,11,2,3,1,999,999,999
1020,6,10,12,5,6,4,999,999,999
1021,6,11,1,1,2,3,999,999,999
1022,6,11,2,4,5,6,999,999,999
1023,6,11,3,2,3,1,999,999,999
1024,6,11,4,5,6,4,999,999,999
1025,6,11,5,3,1,2,999,999,999
1026,6,11,6,6,4,5,999,999,999
1027,6,11,7,2,3,1,999,999,999
1028,6,11,8,5,6,4,999,999,999
1029,6,11,9,3,1,2,999,999,999
1030,6,11,10,6,4,5,999,999,999
1031,6,11,11,1,2,3,999,999,999
1032,6,11,12,4,5,6,999,999,999
1033,6,12,1,3,1,2,999,999,999
1034,6,12,2,6,4,5,999,999,999
1035,6,12,3,1,2,3,999,999,999
1036,6,12,4,4,5,6,999,999,999
1037,6,12,5,2,3,1,999,999,999
1038,6,12,6,5,6,4,999,999,999
1039,6,12,7,1,2,3,999,999,999
1040,6,12,8,4,5,6,999,999,999
1041,6,12,9,2,3,1,999,999,999
1042,6,12,10,5,6,4,999,999,999
1043,6,12,11,3,1,2,999,999,999
1044,6,12,12,6,4,5,999,999,999
1045,6,13,1,2,3,1,999,999,999
1046,6,13,2,5,6,4,999,999,999
1047,6,13,3,3,1,2,999,999,999
1048,6,13,4,6,4,5,999,999,999
1049,6,13,5,1,2,3,999,999,999
1050,6,13,6,4,5,6,999,999,999
1051,6,13,7,3,1,2,999,999,999
1052,6,13,8,6,4,5,999,999,999
1053,6,13,9,1,2,3,999,999,999
1054,6,13,10,4,5,6,999,999,999
1055,6,13,11,2,3,1,999,999,999
1056,6,13,12,5,6,4,999,999,999
1057,6,14,1,1,2,3,999,999,999
1058,6,14,2,4,5,6,999,999,999
1059,6,14,3,2,3,1,999,999,999
1060,6,14,4,5,6,4,999,999,999
1061,6,14,5,3,1,2,999,999,999
1062,6,14,6,6,4,5,999,999,999
1063,6,14,7,2,3,1,999,999,999
1064,6,14,8,5,6,4,999,999,999
1065,6,14,9,3,1,2,999,999,999
1066,6,14,10,6,4,5,999,999,999
1067,6,14,11,1,2,3,999,999,999
1068,6,14,12,4,5,6,999,999,999
1069,6,15,1,3,1,2,999,999,999
1070,6,15,2,6,4,5,999,999,999
1071,6,15,3,1,2,3,999,999,999
1072,6,15,4,4,5,6,999,999,999
1073,6,15,5,2,3,1,999,999,999
1074,6,15,6,5,6,4,999,999,999
1075,6,15,7,1,2,3,999,999,999
1076,6,15,8,4,5,6,999,999,999
1077,6,15,9,2,3,1,999,999,999
1078,6,15,10,5,6,4,999,999,999
1079,6,15,11,3,1,2,999,999,999
1080,6,15,12,6,4,5,999,999,999
1081,7,1,1,1,2,3,999,999,999
1082,7,1,2,4,5,6,999,999,999
1083,7,1,3,2,3,1,999,999,999
1084,7,1,4,5,6,4,999,999,999
1085,7,1,5,3,1,2,999,999,999
1086,7,1,6,6,4,5,999,999,999
1087,7,1,7,2,3,1,999,999,999
1088,7,1,8,5,6,4,999,999,999
1089,7,1,9,3,1,2,999,999,999
1090,7,1,10,6,4,5,999,999,999
1091,7,1,11,1,2,3,999,999,999
1092,7,1,12,4,5,6,999,999,999
1093,7,2,1,3,1,2,999,999,999
1094,7,2,2,6,4,5,999,999,999
1095,7,2,3,1,2,3,999,999,999
1096,7,2,4,4,5,6,999,999,999
1097,7,2,5,2,3,1,999,999,999
1098,7,2,6,5,6,4,999,999,999
1099,7,2,7,1,2,3,999,999,999
1100,7,2,8,4,5,6,999,999,999
1101,7,2,9,2,3,1,999,999,999
1102,7,2,10,5,6,4,999,999,999
1103,7,2,11,3,1,2,999,999,999
1104,7,2,12,6,4,5,999,999,999
1105,7,3,1,2,3,1,999,999,999
1106,7,3,2,5,6,4,999,999,999
1107,7,3,3,3,1,2,999,999,999
1108,7,3,4,6,4,5,999,999,999
1109,7,3,5,1,2,3,999,999,999
1110,7,3,6,4,5,6,999,999,999
1111,7,3,7,3,1,2,999,999,999
1112,7,3,8,6,4,5,999,999,999
1113,7,3,9,1,2,3,999,999,999
1114,7,3,10,4,5,6,999,999,999
1115,7,3,11,2,3,1,999,999,999
1116,7,3,12,5,6,4,999,999,999
1117,7,4,1,1,2,3,999,999,999
1118,7,4,2,4,5,6,999,999,999
1119,7,4,3,2,3,1,999,999,999
1120,7,4,4,5,6,4,999,999,999
1121,7,4,5,3,1,2,999,999,999
1122,7,4,6,6,4,5,999,999,999
1123,7,4,7,2,3,1,999,999,999
1124,7,4,8,5,6,4,999,999,999
1125,7,4,9,3,1,2,999,999,999
1126,7,4,10,6,4,5,999,999,999
1127,7,4,11,1,2,3,999,999,999
1128,7,4,12,4,5,6,999,999,999
1129,7,5,1,3,1,2,999,999,999
1130,7,5,2,6,4,5,999,999,999
1131,7,5,3,1,2,3,999,999,999
1132,7,5,4,4,5,6,999,999,999
1133,7,5,5,2,3,1,999,999,999
1134,7,5,6,5,6,4,999,999,999
1135,7,5,7,1,2,3,999,999,999
1136,7,5,8,4,5,6,999,999,999
1137,7,5,9,2,3,1,999,999,999
1138,7,5,10,5,6,4,999,999,999
1139,7,5,11,3,1,2,999,999,999
1140,7,5,12,6,4,5,999,999,999
1141,7,6,1,2,3,1,999,999,999
1142,7,6,2,5,6,4,999,999,999
1143,7,6,3,3,1,2,999,999,999
1144,7,6,4,6,4,5,999,999,999
1145,7,6,5,1,2,3,999,999,999
1146,7,6,6,4,5,6,999,999,999
1147,7,6,7,3,1,2,999,999,999
1148,7,6,8,6,4,5,999,999,999
1149,7,6,9,1,2,3,999,999,999
1150,7,6,10,4,5,6,999,999,999
1151,7,6,11,2,3,1,999,999,999
1152,7,6,12,5,6,4,999,999,999
1153,7,7,1,1,2,3,999,999,999
1154,7,7,2,4,5,6,999,999,999
1155,7,7,3,2,3,1,999,999,999
1156,7,7,4,5,6,4,999,999,999
1157,7,7,5,3,1,2,999,999,999
1158,7,7,6,6,4,5,999,999,999
1159,7,7,7,2,3,1,999,999,999
1160,7,7,8,5,6,4,999,999,999
1161,7,7,9,3,1,2,999,999,999
1162,7,7,10,6,4,5,999,999,999
1163,7,7,11,1,2,3,999,999,999
1164,7,7,12,4,5,6,999,999,999
1165,7,8,1,3,1,2,999,999,999
1166,7,8,2,6,4,5,999,999,999
1167,7,8,3,1,2,3,999,999,999
1168,7,8,4,4,5,6,999,999,999
1169,7,8,5,2,3,1,999,999,999
1170,7,8,6,5,6,4,999,999,999
1171,7,8,7,1,2,3,999,999,999
1172,7,8,8,4,5,6,999,999,999
1173,7,8,9,2,3,1,999,999,999
1174,7,8,10,5,6,4,999,999,999
1175,7,8,11,3,1,2,999,999,999
1176,7,8,12,6,4,5,999,999,999
1177,7,9,1,2,3,1,999,999,999
1178,7,9,2,5,6,4,999,999,999
1179,7,9,3,3,1,2,999,999,999
1180,7,9,4,6,4,5,999,999,999
1181,7,9,5,1,2,3,999,999,999
1182,7,9,6,4,5,6,999,999,999
1183,7,9,7,3,1,2,999,999,999
1184,7,9,8,6,4,5,999,999,999
1185,7,9,9,1,2,3,999,999,999
1186,7,9,10,4,5,6,999,999,999
1187,7,9,11,2,3,1,999,999,999
1188,7,9,12,5,6,4,999,999,999
1189,7,10,1,1,2,3,999,999,999
1190,7,10,2,4,5,6,999,999,999
1191,7,10,3,2,3,1,999,999,999
1192,7,10,4,5,6,4,999,999,999
1193,7,10,5,3,1,2,999,999,999
1194,7,10,6,6,4,5,999,999,999
1195,7,10,7,2,3,1,999,999,999
1196,7,10,8,5,6,4,999,999,999
1197,7,10,9,3,1,2,999,999,999
1198,7,10,10,6,4,5,999,999,999
1199,7,10,11,1,2,3,999,999,999
1200,7,10,12,4,5,6,999,999,999
1201,7,11,1,3,1,2,999,999,999
1202,7,11,2,6,4,5,999,999,999
1203,7,11,3,1,2,3,999,999,999
1204,7,11,4,4,5,6,999,999,999
1205,7,11,5,2,3,1,999,999,999
1206,7,11,6,5,6,4,999,999,999
1207,7,11,7,1,2,3,999,999,999
1208,7,11,8,4,5,6,999,999,999
1209,7,11,9,2,3,1,999,999,999
1210,7,11,10,5,6,4,999,999,999
1211,7,11,11,3,1,2,999,999,999
1212,7,11,12,6,4,5,999,999,999
1213,7,12,1,2,3,1,999,999,999
1214,7,12,2,5,6,4,999,999,999
1215,7,12,3,3,1,2,999,999,999
1216,7,12,4,6,4,5,999,999,999
1217,7,12,5,1,2,3,999,999,999
1218,7,12,6,4,5,6,999,999,999
1219,7,12,7,3,1,2,999,999,999
1220,7,12,8,6,4,5,999,999,999
1221,7,12,9,1,2,3,999,999,999
1222,7,12,10,4,5,6,999,999,999
1223,7,12,11,2,3,1,999,999,999
1224,7,12,12,5,6,4,999,999,999
1225,7,13,1,1,2,3,999,999,999
1226,7,13,2,4,5,6,999,999,999
1227,7,13,3,2,3,1,999,999,999
1228,7,13,4,5,6,4,999,999,999
1229,7,13,5,3,1,2,999,999,999
1230,7,13,6,6,4,5,999,999,999
1231,7,13,7,2,3,1,999,999,999
1232,7,13,8,5,6,4,999,999,999
1233,7,13,9,3,1,2,999,999,999
1234,7,13,10,6,4,5,999,999,999
1235,7,13,11,1,2,3,999,999,999
1236,7,13,12,4,5,6,999,999,999
1237,7,14,1,3,1,2,999,999,999
1238,7,14,2,6,4,5,999,999,999
1239,7,14,3,1,2,3,999,999,999
1240,7,14,4,4,5,6,999,999,999
1241,7,14,5,2,3,1,999,999,999
1242,7,14,6,5,6,4,999,999,999
1243,7,14,7,1,2,3,999,999,999
1244,7,14,8,4,5,6,999,999,999
1245,7,14,9,2,3,1,999,999,999
1246,7,14,10,5,6,4,999,999,999
1247,7,14,11,3,1,2,999,999,999
1248,7,14,12,6,4,5,999,999,999
1249,8,1,1,1,2,3,999,999,999
1250,8,1,2,3,4,5,999,999,999
1251,8,1,3,6,1,2,999,999,999
1252,8,1,4,2,3,4,999,999,999
1253,8,1,5,4,5,6,999,999,999
1254,8,1,6,1,2,3,999,999,999
1255,8,1,7,3,4,5,999,999,999
1256,8,1,8,5,6,1,999,999,999
1257,8,1,9,2,3,4,999,999,999
1258,8,1,10,4,5,6,999,999,999
1259,8,1,11,6,1,2,999,999,999
1260,8,1,12,3,4,5,999,999,999
1261,8,2,1,1,2,3,999,999,999
1262,8,2,2,4,5,6,999,999,999
1263,8,2,3,2,3,1,999,999,999
1264,8,2,4,5,6,4,999,999,999
1265,8,2,5,3,1,2,999,999,999
1266,8,2,6,6,4,5,999,999,999
1267,8,2,7,2,3,1,999,999,999
1268,8,2,8,5,6,4,999,999,999
1269,8,2,9,3,1,2,999,999,999
1270,8,2,10,6,4,5,999,999,999
1271,8,2,11,1,2,3,999,999,999
1272,8,2,12,4,5,6,999,999,999
1273,8,3,1,3,1,2,999,999,999
1274,8,3,2,6,4,5,999,999,999
1275,8,3,3,1,2,3,999,999,999
1276,8,3,4,4,5,6,999,999,999
1277,8,3,5,2,3,1,999,999,999
1278,8,3,6,5,6,4,999,999,999
1279,8,3,7,1,2,3,999,999,999
1280,8,3,8,4,5,6,999,999,999
1281,8,3,9,2,3,1,999,999,999
1282,8,3,10,5,6,4,999,999,999
1283,8,3,11,3,1,2,999,999,999
1284,8,3,12,6,4,5,999,999,999
1285,8,4,1,2,3,1,999,999,999
1286,8,4,2,5,6,4,999,999,999
1287,8,4,3,3,1,2,999,999,999
1288,8,4,4,6,4,5,999,999,999
1289,8,4,5,1,2,3,999,999,999
1290,8,4,6,4,5,6,999,999,999
1291,8,4,7,3,1,2,999,999,999
1292,8,4,8,6,4,5,999,999,999
1293,8,4,9,1,2,3,999,999,999
1294,8,4,10,4,5,6,999,999,999
1295,8,4,11,2,3,1,999,999,999
1296,8,4,12,5,6,4,999,999,999
1297,8,5,1,1,2,3,999,999,999
1298,8,5,2,4,5,6,999,999,999
1299,8,5,3,2,3,1,999,999,999
1300,8,5,4,5,6,4,999,999,999
1301,8,5,5,3,1,2,999,999,999
1302,8,5,6,6,4,5,999,999,999
1303,8,5,7,2,3,1,999,999,999
1304,8,5,8,5,6,4,999,999,999
1305,8,5,9,3,1,2,999,999,999
1306,8,5,10,6,4,5,999,999,999
1307,8,5,11,1,2,3,999,999,999
1308,8,5,12,4,5,6,999,999,999
1309,8,6,1,3,1,2,999,999,999
1310,8,6,2,6,4,5,999,999,999
1311,8,6,3,1,2,3,999,999,999
1312,8,6,4,4,5,6,999,999,999
1313,8,6,5,2,3,1,999,999,999
1314,8,6,6,5,6,4,999,999,999
1315,8,6,7,1,2,3,999,999,999
1316,8,6,8,4,5,6,999,999,999
1317,8,6,9,2,3,1,999,999,999
1318,8,6,10,5,6,4,999,999,999
1319,8,6,11,3,1,2,999,999,999
1320,8,6,12,6,4,5,999,999,999
1321,8,7,1,2,3,1,999,999,999
1322,8,7,2,5,6,4,999,999,999
1323,8,7,3,3,1,2,999,999,999
1324,8,7,4,6,4,5,999,999,999
1325,8,7,5,1,2,3,999,999,999
1326,8,7,6,4,5,6,999,999,999
1327,8,7,7,3,1,2,999,999,999
1328,8,7,8,6,4,5,999,999,999
1329,8,7,9,1,2,3,999,999,999
1330,8,7,10,4,5,6,999,999,999
1331,8,7,11,2,3,1,999,999,999
1332,8,7,12,5,6,4,999,999,999
1333,8,8,1,1,2,3,999,999,999
1334,8,8,2,4,5,6,999,999,999
1335,8,8,3,2,3,1,999,999,999
1336,8,8,4,5,6,4,999,999,999
1337,8,8,5,3,1,2,999,999,999
1338,8,8,6,6,4,5,999,999,999
1339,8,8,7,2,3,1,999,999,999
1340,8,8,8,5,6,4,999,999,999
1341,8,8,9,3,1,2,999,999,999
1342,8,8,10,6,4,5,999,999,999
1343,8,8,11,1,2,3,999,999,999
1344,8,8,12,4,5,6,999,999,999
1345,8,9,1,3,1,2,999,999,999
1346,8,9,2,6,4,5,999,999,999
1347,8,9,3,1,2,3,999,999,999
1348,8,9,4,4,5,6,999,999,999
1349,8,9,5,2,3,1,999,999,999
1350,8,9,6,5,6,4,999,999,999
1351,8,9,7,1,2,3,999,999,999
1352,8,9,8,4,5,6,999,999,999
1353,8,9,9,2,3,1,999,999,999
1354,8,9,10,5,6,4,999,999,999
1355,8,9,11,3,1,2,999,999,999
1356,8,9,12,6,4,5,999,999,999
1357,8,10,1,2,3,1,999,999,999
1358,8,10,2,5,6,4,999,999,999
1359,8,10,3,3,1,2,999,999,999
1360,8,10,4,6,4,5,999,999,999
1361,8,10,5,1,2,3,999,999,999
1362,8,10,6,4,5,6,999,999,999
1363,8,10,7,3,1,2,999,999,999
1364,8,10,8,6,4,5,999,999,999
1365,8,10,9,1,2,3,999,999,999
1366,8,10,10,4,5,6,999,999,999
1367,8,10,11,2,3,1,999,999,999
1368,8,10,12,5,6,4,999,999,999
1369,8,11,1,1,2,3,999,999,999
1370,8,11,2,4,5,6,999,999,999
1371,8,11,3,2,3,1,999,999,999
1372,8,11,4,5,6,4,999,999,999
1373,8,11,5,3,1,2,999,999,999
1374,8,11,6,6,4,5,999,999,999
1375,8,11,7,2,3,1,999,999,999
1376,8,11,8,5,6,4,999,999,999
1377,8,11,9,3,1,2,999,999,999
1378,8,11,10,6,4,5,999,999,999
1379,8,11,11,1,2,3,999,999,999
1380,8,11,12,4,5,6,999,999,999
1381,8,12,1,3,1,2,999,999,999
1382,8,12,2,6,4,5,999,999,999
1383,8,12,3,1,2,3,999,999,999
1384,8,12,4,4,5,6,999,999,999
1385,8,12,5,2,3,1,999,999,999
1386,8,12,6,5,6,4,999,999,999
1387,8,12,7,1,2,3,999,999,999
1388,8,12,8,4,5,6,999,999,999
1389,8,12,9,2,3,1,999,999,999
1390,8,12,10,5,6,4,999,999,999
1391,8,12,11,3,1,2,999,999,999
1392,8,12,12,6,4,5,999,999,999
1393,8,13,1,2,3,1,999,999,999
1394,8,13,2,5,6,4,999,999,999
1395,8,13,3,3,1,2,999,999,999
1396,8,13,4,6,4,5,999,999,999
1397,8,13,5,1,2,3,999,999,999
1398,8,13,6,4,5,6,999,999,999
1399,8,13,7,3,1,2,999,999,999
1400,8,13,8,6,4,5,999,999,999
1401,8,13,9,1,2,3,999,999,999
1402,8,13,10,4,5,6,999,999,999
1403,8,13,11,2,3,1,999,999,999
1404,8,13,12,5,6,4,999,999,999
1405,9,1,1,1,2,3,999,999,999
1406,9,1,2,4,5,6,999,999,999
1407,9,1,3,2,3,1,999,999,999
1408,9,1,4,5,6,4,999,999,999
1409,9,1,5,3,1,2,999,999,999
1410,9,1,6,6,4,5,999,999,999
1411,9,1,7,2,3,1,999,999,999
1412,9,1,8,5,6,4,999,999,999
1413,9,1,9,3,1,2,999,999,999
1414,9,1,10,6,4,5,999,999,999
1415,9,1,11,1,2,3,999,999,999
1416,9,1,12,4,5,6,999,999,999
1417,9,2,1,3,1,2,999,999,999
1418,9,2,2,6,4,5,999,999,999
1419,9,2,3,1,2,3,999,999,999
1420,9,2,4,4,5,6,999,999,999
1421,9,2,5,2,3,1,999,999,999
1422,9,2,6,5,6,4,999,999,999
1423,9,2,7,1,2,3,999,999,999
1424,9,2,8,4,5,6,999,999,999
1425,9,2,9,2,3,1,999,999,999
1426,9,2,10,5,6,4,999,999,999
1427,9,2,11,3,1,2,999,999,999
1428,9,2,12,6,4,5,999,999,999
1429,9,3,1,2,3,1,999,999,999
1430,9,3,2,5,6,4,999,999,999
1431,9,3,3,3,1,2,999,999,999
1432,9,3,4,6,4,5,999,999,999
1433,9,3,5,1,2,3,999,999,999
1434,9,3,6,4,5,6,999,999,999
1435,9,3,7,3,1,2,999,999,999
1436,9,3,8,6,4,5,999,999,999
1437,9,3,9,1,2,3,999,999,999
1438,9,3,10,4,5,6,999,999,999
1439,9,3,11,2,3,1,999,999,999
1440,9,3,12,5,6,4,999,999,999
1441,9,4,1,1,2,3,999,999,999
1442,9,4,2,4,5,6,999,999,999
1443,9,4,3,2,3,1,999,999,999
1444,9,4,4,5,6,4,999,999,999
1445,9,4,5,3,1,2,999,999,999
1446,9,4,6,6,4,5,999,999,999
1447,9,4,7,2,3,1,999,999,999
1448,9,4,8,5,6,4,999,999,999
1449,9,4,9,3,1,2,999,999,999
1450,9,4,10,6,4,5,999,999,999
1451,9,4,11,1,2,3,999,999,999
1452,9,4,12,4,5,6,999,999,999
1453,9,5,1,3,1,2,999,999,999
1454,9,5,2,6,4,5,999,999,999
1455,9,5,3,1,2,3,999,999,999
1456,9,5,4,4,5,6,999,999,999
1457,9,5,5,2,3,1,999,999,999
1458,9,5,6,5,6,4,999,999,999
1459,9,5,7,1,2,3,999,999,999
1460,9,5,8,4,5,6,999,999,999
1461,9,5,9,2,3,1,999,999,999
1462,9,5,10,5,6,4,999,999,999
1463,9,5,11,3,1,2,999,999,999
1464,9,5,12,6,4,5,999,999,999
1465,9,6,1,2,3,1,999,999,999
1466,9,6,2,5,6,4,999,999,999
1467,9,6,3,3,1,2,999,999,999
1468,9,6,4,6,4,5,999,999,999
1469,9,6,5,1,2,3,999,999,999
1470,9,6,6,4,5,6,999,999,999
1471,9,6,7,3,1,2,999,999,999
1472,9,6,8,6,4,5,999,999,999
1473,9,6,9,1,2,3,999,999,999
1474,9,6,10,4,5,6,999,999,999
1475,9,6,11,2,3,1,999,999,999
1476,9,6,12,5,6,4,999,999,999
1477,9,7,1,1,2,3,999,999,999
1478,9,7,2,4,5,6,999,999,999
1479,9,7,3,2,3,1,999,999,999
1480,9,7,4,5,6,4,999,999,999
1481,9,7,5,3,1,2,999,999,999
1482,9,7,6,6,4,5,999,999,999
1483,9,7,7,2,3,1,999,999,999
1484,9,7,8,5,6,4,999,999,999
1485,9,7,9,3,1,2,999,999,999
1486,9,7,10,6,4,5,999,999,999
1487,9,7,11,1,2,3,999,999,999
1488,9,7,12,4,5,6,999,999,999
1489,9,8,1,3,1,2,999,999,999
1490,9,8,2,6,4,5,999,999,999
1491,9,8,3,1,2,3,999,999,999
1492,9,8,4,4,5,6,999,999,999
1493,9,8,5,2,3,1,999,999,999
1494,9,8,6,5,6,4,999,999,999
1495,9,8,7,1,2,3,999,999,999
1496,9,8,8,4,5,6,999,999,999
1497,9,8,9,2,3,1,999,999,999
1498,9,8,10,5,6,4,999,999,999
1499,9,8,11,3,1,2,999,999,999
1500,9,8,12,6,4,5,999,999,999
1501,9,9,1,2,3,1,999,999,999
1502,9,9,2,5,6,4,999,999,999
1503,9,9,3,3,1,2,999,999,999
1504,9,9,4,6,4,5,999,999,999
1505,9,9,5,1,2,3,999,999,999
1506,9,9,6,4,5,6,999,999,999
1507,9,9,7,3,1,2,999,999,999
1508,9,9,8,6,4,5,999,999,999
1509,9,9,9,1,2,3,999,999,999
1510,9,9,10,4,5,6,999,999,999
1511,9,9,11,2,3,1,999,999,999
1512,9,9,12,5,6,4,999,999,999
1513,9,10,1,1,2,3,999,999,999
1514,9,10,2,4,5,6,999,999,999
1515,9,10,3,2,3,1,999,999,999
1516,9,10,4,5,6,4,999,999,999
1517,9,10,5,3,1,2,999,999,999
1518,9,10,6,6,4,5,999,999,999
1519,9,10,7,2,3,1,999,999,999
1520,9,10,8,5,6,4,999,999,999
1521,9,10,9,3,1,2,999,999,999
1522,9,10,10,6,4,5,999,999,999
1523,9,10,11,1,2,3,999,999,999
1524,9,10,12,4,5,6,999,999,999
1525,9,11,1,3,1,2,999,999,999
1526,9,11,2,6,4,5,999,999,999
1527,9,11,3,1,2,3,999,999,999
1528,9,11,4,4,5,6,999,999,999
1529,9,11,5,2,3,1,999,999,999
1530,9,11,6,5,6,4,999,999,999
1531,9,11,7,1,2,3,999,999,999
1532,9,11,8,4,5,6,999,999,999
1533,9,11,9,2,3,1,999,999,999
1534,9,11,10,5,6,4,999,999,999
1535,9,11,11,3,1,2,999,999,999
1536,9,11,12,6,4,5,999,999,999
1537,9,12,1,2,3,1,999,999,999
1538,9,12,2,5,6,4,999,999,999
1539,9,12,3,3,1,2,999,999,999
1540,9,12,4,6,4,5,999,999,999
1541,9,12,5,1,2,3,999,999,999
1542,9,12,6,4,5,6,999,999,999
1543,9,12,7,3,1,2,999,999,999
1544,9,12,8,6,4,5,999,999,999
1545,9,12,9,1,2,3,999,999,999
1546,9,12,10,4,5,6,999,999,999
1547,9,12,11,2,3,1,999,999,999
1548,9,12,12,5,6,4,999,999,999
1549,9,13,1,1,2,3,999,999,999
1550,9,13,2,4,5,6,999,999,999
1551,9,13,3,2,3,1,999,999,999
1552,9,13,4,5,6,4,999,999,999
1553,9,13,5,3,1,2,999,999,999
1554,9,13,6,6,4,5,999,999,999
1555,9,13,7,2,3,1,999,999,999
1556,9,13,8,5,6,4,999,999,999
1557,9,13,9,3,1,2,999,999,999
1558,9,13,10,6,4,5,999,999,999
1559,9,13,11,1,2,3,999,999,999
1560,9,13,12,4,5,6,999,999,999
1561,9,14,1,3,1,2,999,999,999
1562,9,14,2,6,4,5,999,999,999
1563,9,14,3,1,2,3,999,999,999
1564,9,14,4,4,5,6,999,999,999
1565,9,14,5,2,3,1,999,999,999
1566,9,14,6,5,6,4,999,999,999
1567,9,14,7,1,2,3,999,999,999
1568,9,14,8,4,5,6,999,999,999
1569,9,14,9,2,3,1,999,999,999
1570,9,14,10,5,6,4,999,999,999
1571,9,14,11,3,1,2,999,999,999
1572,9,14,12,6,4,5,999,999,999
1573,10,1,1,1,2,3,999,999,999
1574,10,1,2,4,5,6,999,999,999
1575,10,1,3,2,3,1,999,999,999
1576,10,1,4,5,6,4,999,999,999
1577,10,1,5,3,1,2,999,999,999
1578,10,1,6,6,4,5,999,999,999
1579,10,1,7,2,3,1,999,999,999
1580,10,1,8,5,6,4,999,999,999
1581,10,1,9,3,1,2,999,999,999
1582,10,1,10,6,4,5,999,999,999
1583,10,1,11,1,2,3,999,999,999
1584,10,1,12,4,5,6,999,999,999
1585,10,2,1,3,1,2,999,999,999
1586,10,2,2,6,4,5,999,999,999
1587,10,2,3,1,2,3,999,999,999
1588,10,2,4,4,5,6,999,999,999
1589,10,2,5,2,3,1,999,999,999
1590,10,2,6,5,6,4,999,999,999
1591,10,2,7,1,2,3,999,999,999
1592,10,2,8,4,5,6,999,999,999
1593,10,2,9,2,3,1,999,999,999
1594,10,2,10,5,6,4,999,999,999
1595,10,2,11,3,1,2,999,999,999
1596,10,2,12,6,4,5,999,999,999
1597,10,3,1,2,3,1,999,999,999
1598,10,3,2,5,6,4,999,999,999
1599,10,3,3,3,1,2,999,999,999
1600,10,3,4,6,4,5,999,999,999
1601,10,3,5,1,2,3,999,999,999
1602,10,3,6,4,5,6,999,999,999
1603,10,3,7,3,1,2,999,999,999
1604,10,3,8,6,4,5,999,999,999
1605,10,3,9,1,2,3,999,999,999
1606,10,3,10,4,5,6,999,999,999
1607,10,3,11,2,3,1,999,999,999
1608,10,3,12,5,6,4,999,999,999
1609,10,4,1,1,2,3,999,999,999
1610,10,4,2,4,5,6,999,999,999
1611,10,4,3,2,3,1,999,999,999
1612,10,4,4,5,6,4,999,999,999
1613,10,4,5,3,1,2,999,999,999
1614,10,4,6,6,4,5,999,999,999
1615,10,4,7,2,3,1,999,999,999
1616,10,4,8,5,6,4,999,999,999
1617,10,4,9,3,1,2,999,999,999
1618,10,4,10,6,4,5,999,999,999
1619,10,4,11,1,2,3,999,999,999
1620,10,4,12,4,5,6,999,999,999
1621,10,5,1,3,1,2,999,999,999
1622,10,5,2,6,4,5,999,999,999
1623,10,5,3,1,2,3,999,999,999
1624,10,5,4,4,5,6,999,999,999
1625,10,5,5,2,3,1,999,999,999
1626,10,5,6,5,6,4,999,999,999
1627,10,5,7,1,2,3,999,999,999
1628,10,5,8,4,5,6,999,999,999
1629,10,5,9,2,3,1,999,999,999
1630,10,5,10,5,6,4,999,999,999
1631,10,5,11,3,1,2,999,999,999
1632,10,5,12,6,4,5,999,999,999
1633,10,6,1,2,3,1,999,999,999
1634,10,6,2,5,6,4,999,999,999
1635,10,6,3,3,1,2,999,999,999
1636,10,6,4,6,4,5,999,999,999
1637,10,6,5,1,2,3,999,999,999
1638,10,6,6,4,5,6,999,999,999
1639,10,6,7,3,1,2,999,999,999
1640,10,6,8,6,4,5,999,999,999
1641,10,6,9,1,2,3,999,999,999
1642,10,6,10,4,5,6,999,999,999
1643,10,6,11,2,3,1,999,999,999
1644,10,6,12,5,6,4,999,999,999
1645,10,7,1,1,2,3,999,999,999
1646,10,7,2,4,5,6,999,999,999
1647,10,7,3,2,3,1,999,999,999
1648,10,7,4,5,6,4,999,999,999
1649,10,7,5,3,1,2,999,999,999
1650,10,7,6,6,4,5,999,999,999
1651,10,7,7,2,3,1,999,999,999
1652,10,7,8,5,6,4,999,999,999
1653,10,7,9,3,1,2,999,999,999
1654,10,7,10,6,4,5,999,999,999
1655,10,7,11,1,2,3,999,999,999
1656,10,7,12,4,5,6,999,999,999
1657,10,8,1,3,1,2,999,999,999
1658,10,8,2,6,4,5,999,999,999
1659,10,8,3,1,2,3,999,999,999
1660,10,8,4,4,5,6,999,999,999
1661,10,8,5,2,3,1,999,999,999
1662,10,8,6,5,6,4,999,999,999
1663,10,8,7,1,2,3,999,999,999
1664,10,8,8,4,5,6,999,999,999
1665,10,8,9,2,3,1,999,999,999
1666,10,8,10,5,6,4,999,999,999
1667,10,8,11,3,1,2,999,999,999
1668,10,8,12,6,4,5,999,999,999
1669,10,9,1,2,3,1,999,999,999
1670,10,9,2,5,6,4,999,999,999
1671,10,9,3,3,1,2,999,999,999
1672,10,9,4,6,4,5,999,999,999
1673,10,9,5,1,2,3,999,999,999
1674,10,9,6,4,5,6,999,999,999
1675,10,9,7,3,1,2,999,999,999
1676,10,9,8,6,4,5,999,999,999
1677,10,9,9,1,2,3,999,999,999
1678,10,9,10,4,5,6,999,999,999
1679,10,9,11,2,3,1,999,999,999
1680,10,9,12,5,6,4,999,999,999
1681,10,10,1,1,2,3,999,999,999
1682,10,10,2,4,5,6,999,999,999
1683,10,10,3,2,3,1,999,999,999
1684,10,10,4,5,6,4,999,999,999
1685,10,10,5,3,1,2,999,999,999
1686,10,10,6,6,4,5,999,999,999
1687,10,10,7,2,3,1,999,999,999
1688,10,10,8,5,6,4,999,999,999
1689,10,10,9,3,1,2,999,999,999
1690,10,10,10,6,4,5,999,999,999
1691,10,10,11,1,2,3,999,999,999
1692,10,10,12,4,5,6,999,999,999
1693,10,11,1,3,1,2,999,999,999
1694,10,11,2,6,4,5,999,999,999
1695,10,11,3,1,2,3,999,999,999
1696,10,11,4,4,5,6,999,999,999
1697,10,11,5,2,3,1,999,999,999
1698,10,11,6,5,6,4,999,999,999
1699,10,11,7,1,2,3,999,999,999
1700,10,11,8,4,5,6,999,999,999
1701,10,11,9,2,3,1,999,999,999
1702,10,11,10,5,6,4,999,999,999
1703,10,11,11,3,1,2,999,999,999
1704,10,11,12,6,4,5,999,999,999
1705,10,12,1,2,3,1,999,999,999
1706,10,12,2,5,6,4,999,999,999
1707,10,12,3,3,1,2,999,999,999
1708,10,12,4,6,4,5,999,999,999
1709,10,12,5,1,2,3,999,999,999
1710,10,12,6,4,5,6,999,999,999
1711,10,12,7,3,1,2,999,999,999
1712,10,12,8,6,4,5,999,999,999
1713,10,12,9,1,2,3,999,999,999
1714,10,12,10,4,5,6,999,999,999
1715,10,12,11,2,3,1,999,999,999
1716,10,12,12,5,6,4,999,999,999
1717,10,13,1,1,2,3,999,999,999
1718,10,13,2,4,5,6,999,999,999
1719,10,13,3,2,3,1,999,999,999
1720,10,13,4,5,6,4,999,999,999
1721,10,13,5,3,1,2,999,999,999
1722,10,13,6,6,4,5,999,999,999
1723,10,13,7,2,3,1,999,999,999
1724,10,13,8,5,6,4,999,999,999
1725,10,13,9,3,1,2,999,999,999
1726,10,13,10,6,4,5,999,999,999
1727,10,13,11,1,2,3,999,999,999
1728,10,13,12,4,5,6,999,999,999
1729,10,14,1,3,1,2,999,999,999
1730,10,14,2,6,4,5,999,999,999
1731,10,14,3,1,2,3,999,999,999
1732,10,14,4,4,5,6,999,999,999
1733,10,14,5,2,3,1,999,999,999
1734,10,14,6,5,6,4,999,999,999
1735,10,14,7,1,2,3,999,999,999
1736,10,14,8,4,5,6,999,999,999
1737,10,14,9,2,3,1,999,999,999
1738,10,14,10,5,6,4,999,999,999
1739,10,14,11,3,1,2,999,999,999
1740,10,14,12,6,4,5,999,999,999
1741,11,1,1,1,2,3,999,999,999
1742,11,1,2,3,4,5,999,999,999
1743,11,1,3,6,1,2,999,999,999
1744,11,1,4,2,3,4,999,999,999
1745,11,1,5,4,5,6,999,999,999
1746,11,1,6,1,2,3,999,999,999
1747,11,1,7,3,4,5,999,999,999
1748,11,1,8,5,6,1,999,999,999
1749,11,1,9,2,3,4,999,999,999
1750,11,1,10,4,5,6,999,999,999
1751,11,1,11,6,1,2,999,999,999
1752,11,1,12,3,4,5,999,999,999
1753,11,2,1,1,2,3,999,999,999
1754,11,2,2,4,5,6,999,999,999
1755,11,2,3,2,3,1,999,999,999
1756,11,2,4,5,6,4,999,999,999
1757,11,2,5,3,1,2,999,999,999
1758,11,2,6,6,4,5,999,999,999
1759,11,2,7,2,3,1,999,999,999
1760,11,2,8,5,6,4,999,999,999
1761,11,2,9,3,1,2,999,999,999
1762,11,2,10,6,4,5,999,999,999
1763,11,2,11,1,2,3,999,999,999
1764,11,2,12,4,5,6,999,999,999
1765,11,3,1,3,1,2,999,999,999
1766,11,3,2,6,4,5,999,999,999
1767,11,3,3,1,2,3,999,999,999
1768,11,3,4,4,5,6,999,999,999
1769,11,3,5,2,3,1,999,999,999
1770,11,3,6,5,6,4,999,999,999
1771,11,3,7,1,2,3,999,999,999
1772,11,3,8,4,5,6,999,999,999
1773,11,3,9,2,3,1,999,999,999
1774,11,3,10,5,6,4,999,999,999
1775,11,3,11,3,1,2,999,999,999
1776,11,3,12,6,4,5,999,999,999
1777,11,4,1,2,3,1,999,999,999
1778,11,4,2,5,6,4,999,999,999
1779,11,4,3,3,1,2,999,999,999
1780,11,4,4,6,4,5,999,999,999
1781,11,4,5,1,2,3,999,999,999
1782,11,4,6,4,5,6,999,999,999
1783,11,4,7,3,1,2,999,999,999
1784,11,4,8,6,4,5,999,999,999
1785,11,4,9,1,2,3,999,999,999
1786,11,4,10,4,5,6,999,999,999
1787,11,4,11,2,3,1,999,999,999
1788,11,4,12,5,6,4,999,999,999
1789,11,5,1,1,2,3,999,999,999
1790,11,5,2,4,5,6,999,999,999
1791,11,5,3,2,3,1,999,999,999
1792,11,5,4,5,6,4,999,999,999
1793,11,5,5,3,1,2,999,999,999
1794,11,5,6,6,4,5,999,999,999
1795,11,5,7,2,3,1,999,999,999
1796,11,5,8,5,6,4,999,999,999
1797,11,5,9,3,1,2,999,999,999
1798,11,5,10,6,4,5,999,999,999
1799,11,5,11,1,2,3,999,999,999
1800,11,5,12,4,5,6,999,999,999
1801,11,6,1,3,1,2,999,999,999
1802,11,6,2,6,4,5,999,999,999
1803,11,6,3,1,2,3,999,999,999
1804,11,6,4,4,5,6,999,999,999
1805,11,6,5,2,3,1,999,999,999
1806,11,6,6,5,6,4,999,999,999
1807,11,6,7,1,2,3,999,999,999
1808,11,6,8,4,5,6,999,999,999
1809,11,6,9,2,3,1,999,999,999
1810,11,6,10,5,6,4,999,999,999
1811,11,6,11,3,1,2,999,999,999
1812,11,6,12,6,4,5,999,999,999
1813,11,7,1,2,3,1,999,999,999
1814,11,7,2,5,6,4,999,999,999
1815,11,7,3,3,1,2,999,999,999
1816,11,7,4,6,4,5,999,999,999
1817,11,7,5,1,2,3,999,999,999
1818,11,7,6,4,5,6,999,999,999
1819,11,7,7,3,1,2,999,999,999
1820,11,7,8,6,4,5,999,999,999
1821,11,7,9,1,2,3,999,999,999
1822,11,7,10,4,5,6,999,999,999
1823,11,7,11,2,3,1,999,999,999
1824,11,7,12,5,6,4,999,999,999
1825,11,8,1,1,2,3,999,999,999
1826,11,8,2,4,5,6,999,999,999
1827,11,8,3,2,3,1,999,999,999
1828,11,8,4,5,6,4,999,999,999
1829,11,8,5,3,1,2,999,999,999
1830,11,8,6,6,4,5,999,999,999
1831,11,8,7,2,3,1,999,999,999
1832,11,8,8,5,6,4,999,999,999
1833,11,8,9,3,1,2,999,999,999
1834,11,8,10,6,4,5,999,999,999
1835,11,8,11,1,2,3,999,999,999
1836,11,8,12,4,5,6,999,999,999
1837,11,9,1,3,1,2,999,999,999
1838,11,9,2,6,4,5,999,999,999
1839,11,9,3,1,2,3,999,999,999
1840,11,9,4,4,5,6,999,999,999
1841,11,9,5,2,3,1,999,999,999
1842,11,9,6,5,6,4,999,999,999
1843,11,9,7,1,2,3,999,999,999
1844,11,9,8,4,5,6,999,999,999
1845,11,9,9,2,3,1,999,999,999
1846,11,9,10,5,6,4,999,999,999
1847,11,9,11,3,1,2,999,999,999
1848,11,9,12,6,4,5,999,999,999
1849,11,10,1,2,3,1,999,999,999
1850,11,10,2,5,6,4,999,999,999
1851,11,10,3,3,1,2,999,999,999
1852,11,10,4,6,4,5,999,999,999
1853,11,10,5,1,2,3,999,999,999
1854,11,10,6,4,5,6,999,999,999
1855,11,10,7,3,1,2,999,999,999
1856,11,10,8,6,4,5,999,999,999
1857,11,10,9,1,2,3,999,999,999
1858,11,10,10,4,5,6,999,999,999
1859,11,10,11,2,3,1,999,999,999
1860,11,10,12,5,6,4,999,999,999
1861,11,11,1,1,2,3,999,999,999
1862,11,11,2,4,5,6,999,999,999
1863,11,11,3,2,3,1,999,999,999
1864,11,11,4,5,6,4,999,999,999
1865,11,11,5,3,1,2,999,999,999
1866,11,11,6,6,4,5,999,999,999
1867,11,11,7,2,3,1,999,999,999
1868,11,11,8,5,6,4,999,999,999
1869,11,11,9,3,1,2,999,999,999
1870,11,11,10,6,4,5,999,999,999
1871,11,11,11,1,2,3,999,999,999
1872,11,11,12,4,5,6,999,999,999
1873,11,12,1,3,1,2,999,999,999
1874,11,12,2,6,4,5,999,999,999
1875,11,12,3,1,2,3,999,999,999
1876,11,12,4,4,5,6,999,999,999
1877,11,12,5,2,3,1,999,999,999
1878,11,12,6,5,6,4,999,999,999
1879,11,12,7,1,2,3,999,999,999
1880,11,12,8,4,5,6,999,999,999
1881,11,12,9,2,3,1,999,999,999
1882,11,12,10,5,6,4,999,999,999
1883,11,12,11,3,1,2,999,999,999
1884,11,12,12,6,4,5,999,999,999
1885,11,13,1,2,3,1,999,999,999
1886,11,13,2,5,6,4,999,999,999
1887,11,13,3,3,1,2,999,999,999
1888,11,13,4,6,4,5,999,999,999
1889,11,13,5,1,2,3,999,999,999
1890,11,13,6,4,5,6,999,999,999
1891,11,13,7,3,1,2,999,999,999
1892,11,13,8,6,4,5,999,999,999
1893,11,13,9,1,2,3,999,999,999
1894,11,13,10,4,5,6,999,999,999
1895,11,13,11,2,3,1,999,999,999
1896,11,13,12,5,6,4,999,999,999
1897,11,14,1,1,2,3,999,999,999
1898,11,14,2,4,5,6,999,999,999
1899,11,14,3,2,3,1,999,999,999
1900,11,14,4,5,6,4,999,999,999
1901,11,14,5,3,1,2,999,999,999
1902,11,14,6,6,4,5,999,999,999
1903,11,14,7,2,3,1,999,999,999
1904,11,14,8,5,6,4,999,999,999
1905,11,14,9,3,1,2,999,999,999
1906,11,14,10,6,4,5,999,999,999
1907,11,14,11,1,2,3,999,999,999
1908,11,14,12,4,5,6,999,999,999
1909,12,1,1,1,2,3,999,999,999
1910,12,1,2,4,5,6,999,999,999
1911,12,1,3,2,3,1,999,999,999
1912,12,1,4,5,6,4,999,999,999
1913,12,1,5,3,1,2,999,999,999
1914,12,1,6,6,4,5,999,999,999
1915,12,1,7,2,3,1,999,999,999
1916,12,1,8,5,6,4,999,999,999
1917,12,1,9,3,1,2,999,999,999
1918,12,1,10,6,4,5,999,999,999
1919,12,1,11,1,2,3,999,999,999
1920,12,1,12,4,5,6,999,999,999
1921,12,2,1,3,1,2,999,999,999
1922,12,2,2,6,4,5,999,999,999
1923,12,2,3,1,2,3,999,999,999
1924,12,2,4,4,5,6,999,999,999
1925,12,2,5,2,3,1,999,999,999
1926,12,2,6,5,6,4,999,999,999
1927,12,2,7,1,2,3,999,999,999
1928,12,2,8,4,5,6,999,999,999
1929,12,2,9,2,3,1,999,999,999
1930,12,2,10,5,6,4,999,999,999
1931,12,2,11,3,1,2,999,999,999
1932,12,2,12,6,4,5,999,999,999
1933,12,3,1,2,3,1,999,999,999
1934,12,3,2,5,6,4,999,999,999
1935,12,3,3,3,1,2,999,999,999
1936,12,3,4,6,4,5,999,999,999
1937,12,3,5,1,2,3,999,999,999
1938,12,3,6,4,5,6,999,999,999
1939,12,3,7,3,1,2,999,999,999
1940,12,3,8,6,4,5,999,999,999
1941,12,3,9,1,2,3,999,999,999
1942,12,3,10,4,5,6,999,999,999
1943,12,3,11,2,3,1,999,999,999
1944,12,3,12,5,6,4,999,999,999
1945,12,4,1,1,2,3,999,999,999
1946,12,4,2,4,5,6,999,999,999
1947,12,4,3,2,3,1,999,999,999
1948,12,4,4,5,6,4,999,999,999
1949,12,4,5,3,1,2,999,999,999
1950,12,4,6,6,4,5,999,999,999
1951,12,4,7,1,2,3,999,999,999
1952,12,4,8,4,5,6,999,999,999
1953,12,4,9,2,3,1,999,999,999
1954,12,4,10,5,6,4,999,999,999
1955,12,4,11,3,1,2,999,999,999
1956,12,4,12,6,4,5,999,999,999
1957,12,5,1,2,3,1,999,999,999
1958,12,5,2,5,6,4,999,999,999
1959,12,5,3,3,1,2,999,999,999
1960,12,5,4,6,4,5,999,999,999
1961,12,5,5,1,2,3,999,999,999
1962,12,5,6,4,5,6,999,999,999
1963,12,5,7,3,1,2,999,999,999
1964,12,5,8,6,4,5,999,999,999
1965,12,5,9,1,2,3,999,999,999
1966,12,5,10,4,5,6,999,999,999
1967,12,5,11,2,3,1,999,999,999
1968,12,5,12,5,6,4,999,999,999
1969,12,6,1,1,2,3,999,999,999
1970,12,6,2,4,5,6,999,999,999
1971,12,6,3,2,3,1,999,999,999
1972,12,6,4,5,6,4,999,999,999
1973,12,6,5,3,1,2,999,999,999
1974,12,6,6,6,4,5,999,999,999
1975,12,6,7,2,3,1,999,999,999
1976,12,6,8,5,6,4,999,999,999
1977,12,6,9,3,1,2,999,999,999
1978,12,6,10,6,4,5,999,999,999
1979,12,6,11,1,2,3,999,999,999
1980,12,6,12,4,5,6,999,999,999
1981,12,7,1,3,1,2,999,999,999
1982,12,7,2,6,4,5,999,999,999
1983,12,7,3,1,2,3,999,999,999
1984,12,7,4,4,5,6,999,999,999
1985,12,7,5,2,3,1,999,999,999
1986,12,7,6,5,6,4,999,999,999
1987,12,7,7,1,2,3,999,999,999
1988,12,7,8,4,5,6,999,999,999
1989,12,7,9,2,3,1,999,999,999
1990,12,7,10,5,6,4,999,999,999
1991,12,7,11,3,1,2,999,999,999
1992,12,7,12,6,4,5,999,999,999
1993,12,8,1,2,3,1,999,999,999
1994,12,8,2,5,6,4,999,999,999
1995,12,8,3,3,1,2,999,999,999
1996,12,8,4,6,4,5,999,999,999
1997,12,8,5,1,2,3,999,999,999
1998,12,8,6,4,5,6,999,999,999
1999,12,8,7,3,1,2,999,999,999
2000,12,8,8,6,4,5,999,999,999
2001,12,8,9,1,2,3,999,999,999
2002,12,8,10,4,5,6,999,999,999
2003,12,8,11,2,3,1,999,999,999
2004,12,8,12,5,6,4,999,999,999
2005,12,9,1,1,2,3,999,999,999
2006,12,9,2,4,5,6,999,999,999
2007,12,9,3,2,3,1,999,999,999
2008,12,9,4,5,6,4,999,999,999
2009,12,9,5,3,1,2,999,999,999
2010,12,9,6,6,4,5,999,999,999
2011,12,9,7,2,3,1,999,999,999
2012,12,9,8,5,6,4,999,999,999
2013,12,9,9,3,1,2,999,999,999
2014,12,9,10,6,4,5,999,999,999
2015,12,9,11,1,2,3,999,999,999
2016,12,9,12,4,5,6,999,999,999
2017,12,10,1,3,1,2,999,999,999
2018,12,10,2,6,4,5,999,999,999
2019,12,10,3,1,2,3,999,999,999
2020,12,10,4,4,5,6,999,999,999
2021,12,10,5,2,3,1,999,999,999
2022,12,10,6,5,6,4,999,999,999
2023,12,10,7,1,2,3,999,999,999
2024,12,10,8,4,5,6,999,999,999
2025,12,10,9,2,3,1,999,999,999
2026,12,10,10,5,6,4,999,999,999
2027,12,10,11,3,1,2,999,999,999
2028,12,10,12,6,4,5,999,999,999
2029,13,1,1,2,3,1,999,999,999
2030,13,1,2,5,6,4,999,999,999
2031,13,1,3,3,1,2,999,999,999
2032,13,1,4,6,4,5,999,999,999
2033,13,1,5,1,2,3,999,999,999
2034,13,1,6,4,5,6,999,999,999
2035,13,1,7,3,1,2,999,999,999
2036,13,1,8,6,4,5,999,999,999
2037,13,1,9,1,2,3,999,999,999
2038,13,1,10,4,5,6,999,999,999
2039,13,1,11,2,3,1,999,999,999
2040,13,1,12,5,6,4,999,999,999
2041,13,2,1,1,2,3,999,999,999
2042,13,2,2,4,5,6,999,999,999
2043,13,2,3,2,3,1,999,999,999
2044,13,2,4,5,6,4,999,999,999
2045,13,2,5,3,1,2,999,999,999
2046,13,2,6,6,4,5,999,999,999
2047,13,2,7,2,3,1,999,999,999
2048,13,2,8,5,6,4,999,999,999
2049,13,2,9,3,1,2,999,999,999
2050,13,2,10,6,4,5,999,999,999
2051,13,2,11,1,2,3,999,999,999
2052,13,2,12,4,5,6,999,999,999
2053,13,3,1,3,1,2,999,999,999
2054,13,3,2,6,4,5,999,999,999
2055,13,3,3,1,2,3,999,999,999
2056,13,3,4,4,5,6,999,999,999
2057,13,3,5,2,3,1,999,999,999
2058,13,3,6,5,6,4,999,999,999
2059,13,3,7,1,2,3,999,999,999
2060,13,3,8,4,5,6,999,999,999
2061,13,3,9,2,3,1,999,999,999
2062,13,3,10,5,6,4,999,999,999
2063,13,3,11,3,1,2,999,999,999
2064,13,3,12,6,4,5,999,999,999
2065,13,4,1,2,3,1,999,999,999
2066,13,4,2,5,6,4,999,999,999
2067,13,4,3,3,1,2,999,999,999
2068,13,4,4,6,4,5,999,999,999
2069,13,4,5,1,2,3,999,999,999
2070,13,4,6,4,5,6,999,999,999
2071,13,4,7,3,1,2,999,999,999
2072,13,4,8,6,4,5,999,999,999
2073,13,4,9,1,2,3,999,999,999
2074,13,4,10,4,5,6,999,999,999
2075,13,4,11,2,3,1,999,999,999
2076,13,4,12,5,6,4,999,999,999
2077,13,5,1,1,2,3,999,999,999
2078,13,5,2,4,5,6,999,999,999
2079,13,5,3,2,3,1,999,999,999
2080,13,5,4,5,6,4,999,999,999
2081,13,5,5,3,1,2,999,999,999
2082,13,5,6,6,4,5,999,999,999
2083,13,5,7,2,3,1,999,999,999
2084,13,5,8,5,6,4,999,999,999
2085,13,5,9,3,1,2,999,999,999
2086,13,5,10,6,4,5,999,999,999
2087,13,5,11,1,2,3,999,999,999
2088,13,5,12,4,5,6,999,999,999
2089,13,6,1,3,1,2,999,999,999
2090,13,6,2,6,4,5,999,999,999
2091,13,6,3,1,2,3,999,999,999
2092,13,6,4,4,5,6,999,999,999
2093,13,6,5,2,3,1,999,999,999
2094,13,6,6,5,6,4,999,999,999
2095,13,6,7,1,2,3,999,999,999
2096,13,6,8,4,5,6,999,999,999
2097,13,6,9,2,3,1,999,999,999
2098,13,6,10,5,6,4,999,999,999
2099,13,6,11,3,1,2,999,999,999
2100,13,6,12,6,4,5,999,999,999
2101,13,7,1,2,3,1,999,999,999
2102,13,7,2,5,6,4,999,999,999
2103,13,7,3,3,1,2,999,999,999
2104,13,7,4,6,4,5,999,999,999
2105,13,7,5,1,2,3,999,999,999
2106,13,7,6,4,5,6,999,999,999
2107,13,7,7,3,1,2,999,999,999
2108,13,7,8,6,4,5,999,999,999
2109,13,7,9,1,2,3,999,999,999
2110,13,7,10,4,5,6,999,999,999
2111,13,7,11,2,3,1,999,999,999
2112,13,7,12,5,6,4,999,999,999
2113,13,8,1,1,2,3,999,999,999
2114,13,8,2,4,5,6,999,999,999
2115,13,8,3,2,3,1,999,999,999
2116,13,8,4,5,6,4,999,999,999
2117,13,8,5,3,1,2,999,999,999
2118,13,8,6,6,4,5,999,999,999
2119,13,8,7,1,2,3,999,999,999
2120,13,8,8,3,4,5,999,999,999
2121,13,8,9,6,1,2,999,999,999
2122,13,8,10,2,3,4,999,999,999
2123,13,8,11,4,5,6,999,999,999
2124,13,8,12,1,2,3,999,999,999
2125,13,9,1,3,4,5,999,999,999
2126,13,9,2,5,6,1,999,999,999
2127,13,9,3,2,3,4,999,999,999
2128,13,9,4,4,5,6,999,999,999
2129,13,9,5,6,1,2,999,999,999
2130,13,9,6,3,4,5,999,999,999
2131,13,9,7,1,2,3,999,999,999
2132,13,9,8,4,5,6,999,999,999
2133,13,9,9,2,3,1,999,999,999
2134,13,9,10,5,6,4,999,999,999
2135,13,9,11,3,1,2,999,999,999
2136,13,9,12,6,4,5,999,999,999
2137,13,10,1,2,3,1,999,999,999
2138,13,10,2,5,6,4,999,999,999
2139,13,10,3,3,1,2,999,999,999
2140,13,10,4,6,4,5,999,999,999
2141,13,10,5,1,2,3,999,999,999
2142,13,10,6,4,5,6,999,999,999
2143,13,10,7,3,1,2,999,999,999
2144,13,10,8,6,4,5,999,999,999
2145,13,10,9,1,2,3,999,999,999
2146,13,10,10,4,5,6,999,999,999
2147,13,10,11,2,3,1,999,999,999
2148,13,10,12,5,6,4,999,999,999
2149,13,11,1,1,2,3,999,999,999
2150,13,11,2,4,5,6,999,999,999
2151,13,11,3,2,3,1,999,999,999
2152,13,11,4,5,6,4,999,999,999
2153,13,11,5,3,1,2,999,999,999
2154,13,11,6,6,4,5,999,999,999
2155,13,11,7,2,3,1,999,999,999
2156,13,11,8,5,6,4,999,999,999
2157,13,11,9,3,1,2,999,999,999
2158,13,11,10,6,4,5,999,999,999
2159,13,11,11,1,2,3,999,999,999
2160,13,11,12,4,5,6,999,999,999
2161,13,12,1,3,1,2,999,999,999
2162,13,12,2,6,4,5,999,999,999
2163,13,12,3,1,2,3,999,999,999
2164,13,12,4,4,5,6,999,999,999
2165,13,12,5,2,3,1,999,999,999
2166,13,12,6,5,6,4,999,999,999
2167,13,12,7,1,2,3,999,999,999
2168,13,12,8,4,5,6,999,999,999
2169,13,12,9,2,3,1,999,999,999
2170,13,12,10,5,6,4,999,999,999
2171,13,12,11,3,1,2,999,999,999
2172,13,12,12,6,4,5,999,999,999
2173,13,13,1,2,3,1,999,999,999
2174,13,13,2,5,6,4,999,999,999
2175,13,13,3,3,1,2,999,999,999
2176,13,13,4,6,4,5,999,999,999
2177,13,13,5,1,2,3,999,999,999
2178,13,13,6,4,5,6,999,999,999
2179,13,13,7,3,1,2,999,999,999
2180,13,13,8,6,4,5,999,999,999
2181,13,13,9,1,2,3,999,999,999
2182,13,13,10,4,5,6,999,999,999
2183,13,13,11,2,3,1,999,999,999
2184,13,13,12,5,6,4,999,999,999
2185,14,1,1,1,2,3,4,5,6
2186,14,1,2,6,1,2,3,4,5
2187,14,1,3,5,6,1,2,3,4
2188,14,1,4,4,5,6,1,2,3
2189,14,1,5,3,4,5,6,1,2
2190,14,1,6,2,3,4,5,6,1
2191,14,1,7,1,2,3,4,5,6
2192,14,1,8,6,1,2,3,4,5
2193,14,1,9,5,6,1,2,3,4
2194,14,1,10,4,5,6,1,2,3
2195,14,1,11,3,4,5,6,1,2
2196,14,1,12,2,3,4,5,6,1
2197,14,2,1,6,1,2,3,4,5
2198,14,2,2,5,6,1,2,3,4
2199,14,2,3,4,5,6,1,2,3
2200,14,2,4,3,4,5,6,1,2
2201,14,2,5,2,3,4,5,6,1
2202,14,2,6,1,2,3,4,5,6
2203,14,2,7,6,1,2,3,4,5
2204,14,2,8,5,6,1,2,3,4
2205,14,2,9,4,5,6,1,2,3
2206,14,2,10,3,4,5,6,1,2
2207,14,2,11,2,3,4,5,6,1
2208,14,2,12,1,2,3,4,5,6
2209,14,3,1,5,6,1,2,3,4
2210,14,3,2,4,5,6,1,2,3
2211,14,3,3,3,4,5,6,1,2
2212,14,3,4,2,3,4,5,6,1
2213,14,3,5,1,2,3,4,5,6
2214,14,3,6,6,1,2,3,4,5
2215,14,3,7,5,6,1,2,3,4
2216,14,3,8,4,5,6,1,2,3
2217,14,3,9,3,4,5,6,1,2
2218,14,3,10,2,3,4,5,6,1
2219,14,3,11,1,2,3,4,5,6
2220,14,3,12,6,1,2,3,4,5
2221,14,4,1,4,5,6,1,2,3
2222,14,4,2,3,4,5,6,1,2
2223,14,4,3,2,3,4,5,6,1
2224,14,4,4,1,2,3,4,5,6
2225,14,4,5,6,1,2,3,4,5
2226,14,4,6,5,6,1,2,3,4
2227,14,4,7,4,5,6,1,2,3
2228,14,4,8,3,4,5,6,1,2
2229,14,4,9,2,3,4,5,6,1
2230,14,4,10,1,2,3,4,5,6
2231,14,4,11,6,1,2,3,4,5
2232,14,4,12,5,6,1,2,3,4
2233,14,5,1,3,4,5,6,1,2
2234,14,5,2,2,3,4,5,6,1
2235,14,5,3,1,2,3,4,5,6
2236,14,5,4,6,1,2,3,4,5
2237,14,5,5,5,6,1,2,3,4
2238,14,5,6,4,5,6,1,2,3
2239,14,5,7,3,4,5,6,1,2
2240,14,5,8,2,3,4,5,6,1
2241,14,5,9,1,2,3,4,5,6
2242,14,5,10,6,1,2,3,4,5
2243,14,5,11,5,6,1,2,3,4
2244,14,5,12,4,5,6,1,2,3
2245,14,6,1,2,3,4,5,6,1
2246,14,6,2,1,2,3,4,5,6
2247,14,6,3,6,1,2,3,4,5
2248,14,6,4,5,6,1,2,3,4
2249,14,6,5,4,5,6,1,2,3
2250,14,6,6,3,4,5,6,1,2
2251,14,6,7,2,3,4,5,6,1
2252,14,6,8,1,2,3,4,5,6
2253,14,6,9,6,1,2,3,4,5
2254,14,6,10,5,6,1,2,3,4
2255,14,6,11,4,5,6,1,2,3
2256,14,6,12,3,4,5,6,1,2
2257,14,7,1,1,2,3,4,5,6
2258,14,7,2,6,1,2,3,4,5
2259,14,7,3,5,6,1,2,3,4
2260,14,7,4,4,5,6,1,2,3
2261,14,7,5,3,4,5,6,1,2
2262,14,7,6,2,3,4,5,6,1
2263,14,7,7,1,2,3,4,5,6
2264,14,7,8,6,1,2,3,4,5
2265,14,7,9,5,6,1,2,3,4
2266,14,7,10,4,5,6,1,2,3
2267,14,7,11,3,4,5,6,1,2
2268,14,7,12,2,3,4,5,6,1
2269,14,8,1,6,1,2,3,4,5
2270,14,8,2,5,6,1,2,3,4
2271,14,8,3,4,5,6,1,2,3
2272,14,8,4,3,4,5,6,1,2
2273,14,8,5,2,3,4,5,6,1
2274,14,8,6,1,2,3,4,5,6
2275,14,8,7,6,1,2,3,4,5
2276,14,8,8,5,6,1,2,3,4
2277,14,8,9,4,5,6,1,2,3
2278,14,8,10,3,4,5,6,1,2
2279,14,8,11,2,3,4,5,6,1
2280,14,8,12,1,2,3,4,5,6
2281,14,9,1,5,6,1,2,3,4
2282,14,9,2,4,5,6,1,2,3
2283,14,9,3,3,4,5,6,1,2
2284,14,9,4,2,3,4,5,6,1
2285,14,9,5,1,2,3,4,5,6
2286,14,9,6,6,1,2,3,4,5
2287,14,9,7,5,6,1,2,3,4
2288,14,9,8,4,5,6,1,2,3
2289,14,9,9,3,4,5,6,1,2
2290,14,9,10,2,3,4,5,6,1
2291,14,9,11,1,2,3,4,5,6
2292,14,9,12,6,1,2,3,4,5
2293,14,10,1,4,5,6,1,2,3
2294,14,10,2,3,4,5,6,1,2
2295,14,10,3,2,3,4,5,6,1
2296,14,10,4,1,2,3,4,5,6
2297,14,10,5,6,1,2,3,4,5
2298,14,10,6,5,6,1,2,3,4
2299,14,10,7,4,5,6,1,2,3
2300,14,10,8,3,4,5,6,1,2
2301,14,10,9,2,3,4,5,6,1
2302,14,10,10,1,2,3,4,5,6
2303,14,10,11,6,1,2,3,4,5
2304,14,10,12,5,6,1,2,3,4
2305,14,11,1,3,4,5,6,1,2
2306,14,11,2,2,3,4,5,6,1
2307,14,11,3,1,2,3,4,5,6
2308,14,11,4,6,1,2,3,4,5
2309,14,11,5,5,6,1,2,3,4
2310,14,11,6,4,5,6,1,2,3
2311,14,11,7,3,4,5,6,1,2
2312,14,11,8,2,3,4,5,6,1
2313,14,11,9,1,2,3,4,5,6
2314,14,11,10,6,1,2,3,4,5
2315,14,11,11,5,6,1,2,3,4
2316,14,11,12,4,5,6,1,2,3
2317,14,12,1,2,3,4,5,6,1
2318,14,12,2,1,2,3,4,5,6
2319,14,12,3,6,1,2,3,4,5
2320,14,12,4,5,6,1,2,3,4
2321,14,12,5,4,5,6,1,2,3
2322,14,12,6,3,4,5,6,1,2
2323,14,12,7,2,3,4,5,6,1
2324,14,12,8,1,2,3,4,5,6
2325,14,12,9,6,1,2,3,4,5
2326,14,12,10,5,6,1,2,3,4
2327,14,12,11,4,5,6,1,2,3
2328,14,12,12,3,4,5,6,1,2
2329,14,13,1,1,2,3,4,5,6
2330,14,13,2,6,1,2,3,4,5
2331,14,13,3,5,6,1,2,3,4
2332,14,13,4,4,5,6,1,2,3
2333,14,13,5,3,4,5,6,1,2
2334,14,13,6,2,3,4,5,6,1
2335,14,13,7,1,2,3,4,5,6
2336,14,13,8,6,1,2,3,4,5
2337,14,13,9,5,6,1,2,3,4
2338,14,13,10,4,5,6,1,2,3
2339,14,13,11,3,4,5,6,1,2
2340,14,13,12,2,3,4,5,6,1
2341,14,14,1,6,1,2,3,4,5
2342,14,14,2,5,6,1,2,3,4
2343,14,14,3,4,5,6,1,2,3
2344,14,14,4,3,4,5,6,1,2
2345,14,14,5,2,3,4,5,6,1
2346,14,14,6,1,2,3,4,5,6
2347,14,14,7,6,1,2,3,4,5
2348,14,14,8,5,6,1,2,3,4
2349,14,14,9,4,5,6,1,2,3
2350,14,14,10,3,4,5,6,1,2
2351,14,14,11,2,3,4,5,6,1
2352,14,14,12,1,2,3,4,5,6
2353,14,15,1,5,6,1,2,3,4
2354,14,15,2,4,5,6,1,2,3
2355,14,15,3,3,4,5,6,1,2
2356,14,15,4,2,3,4,5,6,1
2357,14,15,5,1,2,3,4,5,6
2358,14,15,6,6,1,2,3,4,5
2359,14,15,7,5,6,1,2,3,4
2360,14,15,8,4,5,6,1,2,3
2361,14,15,9,3,4,5,6,1,2
2362,14,15,10,2,3,4,5,6,1
2363,14,15,11,1,2,3,4,5,6
2364,14,15,12,6,1,2,3,4,5
2365,14,16,1,4,5,6,1,2,3
2366,14,16,2,3,4,5,6,1,2
2367,14,16,3,2,3,4,5,6,1
2368,14,16,4,1,2,3,4,5,6
2369,14,16,5,6,1,2,3,4,5
2370,14,16,6,5,6,1,2,3,4
2371,14,16,7,4,5,6,1,2,3
2372,14,16,8,3,4,5,6,1,2
2373,14,16,9,2,3,4,5,6,1
2374,14,16,10,1,2,3,4,5,6
2375,14,16,11,6,1,2,3,4,5
2376,14,16,12,5,6,1,2,3,4
2377,14,17,1,3,4,5,6,1,2
2378,14,17,2,2,3,4,5,6,1
2379,14,17,3,1,2,3,4,5,6
2380,14,17,4,6,1,2,3,4,5
2381,14,17,5,5,6,1,2,3,4
2382,14,17,6,4,5,6,1,2,3
2383,14,17,7,3,4,5,6,1,2
2384,14,17,8,2,3,4,5,6,1
2385,14,17,9,1,2,3,4,5,6
2386,14,17,10,6,1,2,3,4,5
2387,14,17,11,5,6,1,2,3,4
2388,14,17,12,4,5,6,1,2,3
2389,14,18,1,2,3,4,5,6,1
2390,14,18,2,1,2,3,4,5,6
2391,14,18,3,6,1,2,3,4,5
2392,14,18,4,5,6,1,2,3,4
2393,14,18,5,4,5,6,1,2,3
2394,14,18,6,3,4,5,6,1,2
2395,14,18,7,2,3,4,5,6,1
2396,14,18,8,1,2,3,4,5,6
2397,14,18,9,6,1,2,3,4,5
2398,14,18,10,5,6,1,2,3,4
2399,14,18,11,4,5,6,1,2,3
2400,14,18,12,3,4,5,6,1,2
2401,14,19,1,1,2,3,4,5,6
2402,14,19,2,6,1,2,3,4,5
2403,14,19,3,5,6,1,2,3,4
2404,14,19,4,4,5,6,1,2,3
2405,14,19,5,3,4,5,6,1,2
2406,14,19,6,2,3,4,5,6,1
2407,14,19,7,1,2,3,4,5,6
2408,14,19,8,6,1,2,3,4,5
2409,14,19,9,5,6,1,2,3,4
2410,14,19,10,4,5,6,1,2,3
2411,14,19,11,3,4,5,6,1,2
2412,14,19,12,2,3,4,5,6,1
2413,14,20,1,6,1,2,3,4,5
2414,14,20,2,5,6,1,2,3,4
2415,14,20,3,4,5,6,1,2,3
2416,14,20,4,3,4,5,6,1,2
2417,14,20,5,2,3,4,5,6,1
2418,14,20,6,1,2,3,4,5,6
2419,14,20,7,6,1,2,3,4,5
2420,14,20,8,5,6,1,2,3,4
2421,14,20,9,4,5,6,1,2,3
2422,14,20,10,3,4,5,6,1,2
2423,14,20,11,2,3,4,5,6,1
2424,14,20,12,1,2,3,4,5,6
2425,14,21,1,5,6,1,2,3,4
2426,14,21,2,4,5,6,1,2,3
2427,14,21,3,3,4,5,6,1,2
2428,14,21,4,2,3,4,5,6,1
2429,14,21,5,1,2,3,4,5,6
2430,14,21,6,6,1,2,3,4,5
2431,14,21,7,5,6,1,2,3,4
2432,14,21,8,4,5,6,1,2,3
2433,14,21,9,3,4,5,6,1,2
2434,14,21,10,2,3,4,5,6,1
2435,14,21,11,1,2,3,4,5,6
2436,14,21,12,6,1,2,3,4,5
2437,14,22,1,4,5,6,1,2,3
2438,14,22,2,3,4,5,6,1,2
2439,14,22,3,2,3,4,5,6,1
2440,14,22,4,1,2,3,4,5,6
2441,14,22,5,6,1,2,3,4,5
2442,14,22,6,5,6,1,2,3,4
2443,14,22,7,4,5,6,1,2,3
2444,14,22,8,3,4,5,6,1,2
2445,14,22,9,2,3,4,5,6,1
2446,14,22,10,1,2,3,4,5,6
2447,14,22,11,6,1,2,3,4,5
2448,14,22,12,5,6,1,2,3,4
2449,14,23,1,3,4,5,6,1,2
2450,14,23,2,2,3,4,5,6,1
2451,14,23,3,1,2,3,4,5,6
2452,14,23,4,6,1,2,3,4,5
2453,14,23,5,5,6,1,2,3,4
2454,14,23,6,4,5,6,1,2,3
2455,14,23,7,3,4,5,6,1,2
2456,14,23,8,2,3,4,5,6,1
2457,14,23,9,1,2,3,4,5,6
2458,14,23,10,6,1,2,3,4,5
2459,14,23,11,5,6,1,2,3,4
2460,14,23,12,4,5,6,1,2,3
2461,14,24,1,2,3,4,5,6,1
2462,14,24,2,1,2,3,4,5,6
2463,14,24,3,6,1,2,3,4,5
2464,14,24,4,5,6,1,2,3,4
2465,14,24,5,4,5,6,1,2,3
2466,14,24,6,3,4,5,6,1,2
2467,14,24,7,2,3,4,5,6,1
2468,14,24,8,1,2,3,4,5,6
2469,14,24,9,6,1,2,3,4,5
2470,14,24,10,5,6,1,2,3,4
2471,14,24,11,4,5,6,1,2,3
2472,14,24,12,3,4,5,6,1,2
2473,14,25,1,1,2,3,4,5,6
2474,14,25,2,6,1,2,3,4,5
2475,14,25,3,5,6,1,2,3,4
2476,14,25,4,4,5,6,1,2,3
2477,14,25,5,3,4,5,6,1,2
2478,14,25,6,2,3,4,5,6,1
2479,14,25,7,1,2,3,4,5,6
2480,14,25,8,6,1,2,3,4,5
2481,14,25,9,5,6,1,2,3,4
2482,14,25,10,4,5,6,1,2,3
2483,14,25,11,3,4,5,6,1,2
2484,14,25,12,2,3,4,5,6,1
2485,14,26,1,6,1,2,3,4,5
2486,14,26,2,5,6,1,2,3,4
2487,14,26,3,4,5,6,1,2,3
2488,14,26,4,3,4,5,6,1,2
2489,14,26,5,2,3,4,5,6,1
2490,14,26,6,1,2,3,4,5,6
2491,14,26,7,6,1,2,3,4,5
2492,14,26,8,5,6,1,2,3,4
2493,14,26,9,4,5,6,1,2,3
2494,14,26,10,3,4,5,6,1,2
2495,14,26,11,2,3,4,5,6,1
2496,14,26,12,1,2,3,4,5,6
2497,14,27,1,5,6,1,2,3,4
2498,14,27,2,4,5,6,1,2,3
2499,14,27,3,3,4,5,6,1,2
2500,14,27,4,2,3,4,5,6,1
2501,14,27,5,1,2,3,4,5,6
2502,14,27,6,6,1,2,3,4,5
2503,14,27,7,5,6,1,2,3,4
2504,14,27,8,4,5,6,1,2,3
2505,14,27,9,3,4,5,6,1,2
2506,14,27,10,2,3,4,5,6,1
2507,14,27,11,1,2,3,4,5,6
2508,14,27,12,6,1,2,3,4,5
2509,14,28,1,4,5,6,1,2,3
2510,14,28,2,3,4,5,6,1,2
2511,14,28,3,2,3,4,5,6,1
2512,14,28,4,1,2,3,4,5,6
2513,14,28,5,6,1,2,3,4,5
2514,14,28,6,5,6,1,2,3,4
2515,14,28,7,4,5,6,1,2,3
2516,14,28,8,3,4,5,6,1,2
2517,14,28,9,2,3,4,5,6,1
2518,14,28,10,1,2,3,4,5,6
2519,14,28,11,6,1,2,3,4,5
2520,14,28,12,5,6,1,2,3,4
2521,14,29,1,3,4,5,6,1,2
2522,14,29,2,2,3,4,5,6,1
2523,14,29,3,1,2,3,4,5,6
2524,14,29,4,6,1,2,3,4,5
2525,14,29,5,5,6,1,2,3,4
2526,14,29,6,4,5,6,1,2,3
2527,14,29,7,3,4,5,6,1,2
2528,14,29,8,2,3,4,5,6,1
2529,14,29,9,1,2,3,4,5,6
2530,14,29,10,6,1,2,3,4,5
2531,14,29,11,5,6,1,2,3,4
2532,14,29,12,4,5,6,1,2,3
2533,14,30,1,2,3,4,5,6,1
2534,14,30,2,1,2,3,4,5,6
2535,14,30,3,6,1,2,3,4,5
2536,14,30,4,5,6,1,2,3,4
2537,14,30,5,4,5,6,1,2,3
2538,14,30,6,3,4,5,6,1,2
2539,14,30,7,2,3,4,5,6,1
2540,14,30,8,1,2,3,4,5,6
2541,14,30,9,6,1,2,3,4,5
2542,14,30,10,5,6,1,2,3,4
2543,14,30,11,4,5,6,1,2,3
2544,14,30,12,3,4,5,6,1,2
2545,14,31,1,1,2,3,4,5,6
2546,14,31,2,6,1,2,3,4,5
2547,14,31,3,5,6,1,2,3,4
2548,14,31,4,4,5,6,1,2,3
2549,14,31,5,3,4,5,6,1,2
2550,14,31,6,2,3,4,5,6,1
2551,14,31,7,1,2,3,4,5,6
2552,14,31,8,6,1,2,3,4,5
2553,14,31,9,5,6,1,2,3,4
2554,14,31,10,4,5,6,1,2,3
2555,14,31,11,3,4,5,6,1,2
2556,14,31,12,2,3,4,5,6,1
2557,14,32,1,1,2,3,4,5,6
2558,14,32,2,6,1,2,3,4,5
2559,14,32,3,5,6,1,2,3,4
2560,14,32,4,4,5,6,1,2,3
2561,14,32,5,3,4,5,6,1,2
2562,14,32,6,2,3,4,5,6,1
2563,14,32,7,999,999,999,999,999,999
2564,14,32,8,999,999,999,999,999,999
2565,14,32,9,999,999,999,999,999,999
2566,14,32,10,999,999,999,999,999,999
2567,14,32,11,999,999,999,999,999,999
2568,14,32,12,999,999,999,999,999,999
2569,15,1,1,1,2,3,999,999,999
2570,15,1,2,4,5,6,999,999,999
2571,15,1,3,2,3,1,999,999,999
2572,15,1,4,5,6,4,999,999,999
2573,15,1,5,3,1,2,999,999,999
2574,15,1,6,6,4,5,999,999,999
2575,15,1,7,1,2,3,999,999,999
2576,15,1,8,4,5,6,999,999,999
2577,15,1,9,2,3,1,999,999,999
2578,15,1,10,5,6,4,999,999,999
2579,15,1,11,3,1,2,999,999,999
2580,15,1,12,6,4,5,999,999,999
2581,15,2,1,4,5,6,999,999,999
2582,15,2,2,2,3,1,999,999,999
2583,15,2,3,5,6,4,999,999,999
2584,15,2,4,3,1,2,999,999,999
2585,15,2,5,6,4,5,999,999,999
2586,15,2,6,1,2,3,999,999,999
2587,15,2,7,4,5,6,999,999,999
2588,15,2,8,2,3,1,999,999,999
2589,15,2,9,5,6,4,999,999,999
2590,15,2,10,3,1,2,999,999,999
2591,15,2,11,6,4,5,999,999,999
2592,15,2,12,1,2,3,999,999,999
2593,15,3,1,2,3,1,999,999,999
2594,15,3,2,5,6,4,999,999,999
2595,15,3,3,3,1,2,999,999,999
2596,15,3,4,6,4,5,999,999,999
2597,15,3,5,1,2,3,999,999,999
2598,15,3,6,4,5,6,999,999,999
2599,15,3,7,2,3,1,999,999,999
2600,15,3,8,5,6,4,999,999,999
2601,15,3,9,3,1,2,999,999,999
2602,15,3,10,6,4,5,999,999,999
2603,15,3,11,1,2,3,999,999,999
2604,15,3,12,4,5,6,999,999,999
2605,15,4,1,5,6,4,999,999,999
2606,15,4,2,3,1,2,999,999,999
2607,15,4,3,6,4,5,999,999,999
2608,15,4,4,1,2,3,999,999,999
2609,15,4,5,4,5,6,999,999,999
2610,15,4,6,2,3,1,999,999,999
2611,15,4,7,5,6,4,999,999,999
2612,15,4,8,3,1,2,999,999,999
2613,15,4,9,6,4,5,999,999,999
2614,15,4,10,1,2,3,999,999,999
2615,15,4,11,4,5,6,999,999,999
2616,15,4,12,2,3,1,999,999,999
2617,15,5,1,3,1,2,999,999,999
2618,15,5,2,6,4,5,999,999,999
2619,15,5,3,1,2,3,999,999,999
2620,15,5,4,4,5,6,999,999,999
2621,15,5,5,2,3,1,999,999,999
2622,15,5,6,5,6,4,999,999,999
2623,15,5,7,3,1,2,999,999,999
2624,15,5,8,6,4,5,999,999,999
2625,15,5,9,1,2,3,999,999,999
2626,15,5,10,4,5,6,999,999,999
2627,15,5,11,2,3,1,999,999,999
2628,15,5,12,5,6,4,999,999,999
2629,15,6,1,6,4,5,999,999,999
2630,15,6,2,1,2,3,999,999,999
2631,15,6,3,4,5,6,999,999,999
2632,15,6,4,2,3,1,999,999,999
2633,15,6,5,5,6,4,999,999,999
2634,15,6,6,3,1,2,999,999,999
2635,15,6,7,6,4,5,999,999,999
2636,15,6,8,1,2,3,999,999,999
2637,15,6,9,4,5,6,999,999,999
2638,15,6,10,2,3,1,999,999,999
2639,15,6,11,5,6,4,999,999,999
2640,15,6,12,3,1,2,999,999,999
2641,15,7,1,1,2,3,999,999,999
2642,15,7,2,4,5,6,999,999,999
2643,15,7,3,2,3,1,999,999,999
2644,15,7,4,5,6,4,999,999,999
2645,15,7,5,3,1,2,999,999,999
2646,15,7,6,6,4,5,999,999,999
2647,15,7,7,1,2,3,999,999,999
2648,15,7,8,4,5,6,999,999,999
2649,15,7,9,2,3,1,999,999,999
2650,15,7,10,5,6,4,999,999,999
2651,15,7,11,3,1,2,999,999,999
2652,15,7,12,6,4,5,999,999,999
2653,15,8,1,4,5,6,999,999,999
2654,15,8,2,2,3,1,999,999,999
2655,15,8,3,5,6,4,999,999,999
2656,15,8,4,3,1,2,999,999,999
2657,15,8,5,6,4,5,999,999,999
2658,15,8,6,1,2,3,999,999,999
2659,15,8,7,4,5,6,999,999,999
2660,15,8,8,2,3,1,999,999,999
2661,15,8,9,5,6,4,999,999,999
2662,15,8,10,3,1,2,999,999,999
2663,15,8,11,6,4,5,999,999,999
2664,15,8,12,1,2,3,999,999,999
2665,15,9,1,2,3,1,999,999,999
2666,15,9,2,5,6,4,999,999,999
2667,15,9,3,3,1,2,999,999,999
2668,15,9,4,6,4,5,999,999,999
2669,15,9,5,1,2,3,999,999,999
2670,15,9,6,4,5,6,999,999,999
2671,15,9,7,2,3,1,999,999,999
2672,15,9,8,5,6,4,999,999,999
2673,15,9,9,3,1,2,999,999,999
2674,15,9,10,6,4,5,999,999,999
2675,15,9,11,1,2,3,999,999,999
2676,15,9,12,4,5,6,999,999,999
2677,15,10,1,5,6,4,999,999,999
2678,15,10,2,3,1,2,999,999,999
2679,15,10,3,6,4,5,999,999,999
2680,15,10,4,1,2,3,999,999,999
2681,15,10,5,4,5,6,999,999,999
2682,15,10,6,2,3,1,999,999,999
2683,15,10,7,5,6,4,999,999,999
2684,15,10,8,3,1,2,999,999,999
2685,15,10,9,6,4,5,999,999,999
2686,15,10,10,1,2,3,999,999,999
2687,15,10,11,4,5,6,999,999,999
2688,15,10,12,2,3,1,999,999,999
2689,15,11,1,3,1,2,999,999,999
2690,15,11,2,6,4,5,999,999,999
2691,15,11,3,1,2,3,999,999,999
2692,15,11,4,4,5,6,999,999,999
2693,15,11,5,2,3,1,999,999,999
2694,15,11,6,5,6,4,999,999,999
2695,15,11,7,3,1,2,999,999,999
2696,15,11,8,6,4,5,999,999,999
2697,15,11,9,1,2,3,999,999,999
2698,15,11,10,4,5,6,999,999,999
2699,15,11,11,2,3,1,999,999,999
2700,15,11,12,5,6,4,999,999,999
2701,15,12,1,6,4,5,999,999,999
2702,15,12,2,1,2,3,999,999,999
2703,15,12,3,4,5,6,999,999,999
2704,15,12,4,2,3,1,999,999,999
2705,15,12,5,5,6,4,999,999,999
2706,15,12,6,3,1,2,999,999,999
2707,15,12,7,6,4,5,999,999,999
2708,15,12,8,1,2,3,999,999,999
2709,15,12,9,4,5,6,999,999,999
2710,15,12,10,2,3,1,999,999,999
2711,15,12,11,5,6,4,999,999,999
2712,15,12,12,3,1,2,999,999,999
2713,15,13,1,1,2,3,999,999,999
2714,15,13,2,4,5,6,999,999,999
2715,15,13,3,2,3,1,999,999,999
2716,15,13,4,5,6,4,999,999,999
2717,15,13,5,3,1,2,999,999,999
2718,15,13,6,6,4,5,999,999,999
2719,15,13,7,1,2,3,999,999,999
2720,15,13,8,4,5,6,999,999,999
2721,15,13,9,2,3,1,999,999,999
2722,15,13,10,5,6,4,999,999,999
2723,15,13,11,3,1,2,999,999,999
2724,15,13,12,6,4,5,999,999,999
2725,15,14,1,4,5,6,999,999,999
2726,15,14,2,2,3,1,999,999,999
2727,15,14,3,5,6,4,999,999,999
2728,15,14,4,3,1,2,999,999,999
2729,15,14,5,6,4,5,999,999,999
2730,15,14,6,1,2,3,999,999,999
2731,15,14,7,4,5,6,999,999,999
2732,15,14,8,2,3,1,999,999,999
2733,15,14,9,5,6,4,999,999,999
2734,15,14,10,3,1,2,999,999,999
2735,15,14,11,6,4,5,999,999,999
2736,15,14,12,1,2,3,999,999,999
2737,15,15,1,2,3,1,999,999,999
2738,15,15,2,5,6,4,999,999,999
2739,15,15,3,3,1,2,999,999,999
2740,15,15,4,6,4,5,999,999,999
2741,15,15,5,1,2,3,999,999,999
2742,15,15,6,4,5,6,999,999,999
2743,15,15,7,2,3,1,999,999,999
2744,15,15,8,5,6,4,999,999,999
2745,15,15,9,3,1,2,999,999,999
2746,15,15,10,6,4,5,999,999,999
2747,15,15,11,1,2,3,999,999,999
2748,15,15,12,4,5,6,999,999,999
2749,15,16,1,5,6,4,999,999,999
2750,15,16,2,3,1,2,999,999,999
2751,15,16,3,6,4,5,999,999,999
2752,15,16,4,1,2,3,999,999,999
2753,15,16,5,4,5,6,999,999,999
2754,15,16,6,2,3,1,999,999,999
2755,15,16,7,5,6,4,999,999,999
2756,15,16,8,3,1,2,999,999,999
2757,15,16,9,6,4,5,999,999,999
2758,15,16,10,1,2,3,999,999,999
2759,15,16,11,4,5,6,999,999,999
2760,15,16,12,2,3,1,999,999,999
2761,15,17,1,3,1,2,999,999,999
2762,15,17,2,6,4,5,999,999,999
2763,15,17,3,1,2,3,999,999,999
2764,15,17,4,4,5,6,999,999,999
2765,15,17,5,2,3,1,999,999,999
2766,15,17,6,5,6,4,999,999,999
2767,15,17,7,3,1,2,999,999,999
2768,15,17,8,6,4,5,999,999,999
2769,15,17,9,1,2,3,999,999,999
2770,15,17,10,4,5,6,999,999,999
2771,15,17,11,2,3,1,999,999,999
2772,15,17,12,5,6,4,999,999,999
2773,15,18,1,6,4,5,999,999,999
2774,15,18,2,1,2,3,999,999,999
2775,15,18,3,4,5,6,999,999,999
2776,15,18,4,2,3,1,999,999,999
2777,15,18,5,5,6,4,999,999,999
2778,15,18,6,3,1,2,999,999,999
2779,15,18,7,6,4,5,999,999,999
2780,15,18,8,1,2,3,999,999,999
2781,15,18,9,4,5,6,999,999,999
2782,15,18,10,2,3,1,999,999,999
2783,15,18,11,5,6,4,999,999,999
2784,15,18,12,3,1,2,999,999,999
2785,15,19,1,1,2,3,999,999,999
2786,15,19,2,4,5,6,999,999,999
2787,15,19,3,2,3,1,999,999,999
2788,15,19,4,5,6,4,999,999,999
2789,15,19,5,3,1,2,999,999,999
2790,15,19,6,6,4,5,999,999,999
2791,15,19,7,1,2,3,999,999,999
2792,15,19,8,4,5,6,999,999,999
2793,15,19,9,2,3,1,999,999,999
2794,15,19,10,5,6,4,999,999,999
2795,15,19,11,3,1,2,999,999,999
2796,15,19,12,6,4,5,999,999,999
2797,15,20,1,4,5,6,999,999,999
2798,15,20,2,2,3,1,999,999,999
2799,15,20,3,5,6,4,999,999,999
2800,15,20,4,3,1,2,999,999,999
2801,15,20,5,6,4,5,999,999,999
2802,15,20,6,1,2,3,999,999,999
2803,15,20,7,4,5,6,999,999,999
2804,15,20,8,2,3,1,999,999,999
2805,15,20,9,5,6,4,999,999,999
2806,15,20,10,3,1,2,999,999,999
2807,15,20,11,6,4,5,999,999,999
2808,15,20,12,1,2,3,999,999,999
2809,16,1,1,6,4,5,999,999,999
2810,16,1,2,1,2,3,999,999,999
2811,16,1,3,4,5,6,999,999,999
2812,16,1,4,2,3,1,999,999,999
2813,16,1,5,5,6,4,999,999,999
2814,16,1,6,3,1,2,999,999,999
2815,16,1,7,6,4,5,999,999,999
2816,16,1,8,1,2,3,999,999,999
2817,16,1,9,4,5,6,999,999,999
2818,16,1,10,2,3,1,999,999,999
2819,16,1,11,5,6,4,999,999,999
2820,16,1,12,3,1,2,999,999,999
2821,16,2,1,6,4,5,999,999,999
2822,16,2,2,4,5,6,999,999,999
2823,16,2,3,2,3,1,999,999,999
2824,16,2,4,5,6,4,999,999,999
2825,16,2,5,3,1,2,999,999,999
2826,16,2,6,6,4,5,999,999,999
2827,16,2,7,1,2,3,999,999,999
2828,16,2,8,4,5,6,999,999,999
2829,16,2,9,2,3,1,999,999,999
2830,16,2,10,5,6,4,999,999,999
2831,16,2,11,3,1,2,999,999,999
2832,16,2,12,6,4,5,999,999,999
2833,16,3,1,1,2,3,999,999,999
2834,16,3,2,2,3,1,999,999,999
2835,16,3,3,5,6,4,999,999,999
2836,16,3,4,3,1,2,999,999,999
2837,16,3,5,6,4,5,999,999,999
2838,16,3,6,1,2,3,999,999,999
2839,16,3,7,4,5,6,999,999,999
2840,16,3,8,2,3,1,999,999,999
2841,16,3,9,5,6,4,999,999,999
2842,16,3,10,3,1,2,999,999,999
2843,16,3,11,6,4,5,999,999,999
2844,16,3,12,1,2,3,999,999,999
2845,16,4,1,4,5,6,999,999,999
2846,16,4,2,5,6,4,999,999,999
2847,16,4,3,3,1,2,999,999,999
2848,16,4,4,6,4,5,999,999,999
2849,16,4,5,1,2,3,999,999,999
2850,16,4,6,4,5,6,999,999,999
2851,16,4,7,2,3,1,999,999,999
2852,16,4,8,5,6,4,999,999,999
2853,16,4,9,3,1,2,999,999,999
2854,16,4,10,6,4,5,999,999,999
2855,16,4,11,1,2,3,999,999,999
2856,16,4,12,4,5,6,999,999,999
2857,16,5,1,2,3,1,999,999,999
2858,16,5,2,3,1,2,999,999,999
2859,16,5,3,6,4,5,999,999,999
2860,16,5,4,1,2,3,999,999,999
2861,16,5,5,4,5,6,999,999,999
2862,16,5,6,2,3,1,999,999,999
2863,16,5,7,5,6,4,999,999,999
2864,16,5,8,3,1,2,999,999,999
2865,16,5,9,6,4,5,999,999,999
2866,16,5,10,1,2,3,999,999,999
2867,16,5,11,4,5,6,999,999,999
2868,16,5,12,2,3,1,999,999,999
2869,16,6,1,5,6,4,999,999,999
2870,16,6,2,6,4,5,999,999,999
2871,16,6,3,1,2,3,999,999,999
2872,16,6,4,4,5,6,999,999,999
2873,16,6,5,2,3,1,999,999,999
2874,16,6,6,5,6,4,999,999,999
2875,16,6,7,3,1,2,999,999,999
2876,16,6,8,6,4,5,999,999,999
2877,16,6,9,1,2,3,999,999,999
2878,16,6,10,4,5,6,999,999,999
2879,16,6,11,2,3,1,999,999,999
2880,16,6,12,5,6,4,999,999,999
2881,16,7,1,3,1,2,999,999,999
2882,16,7,2,1,2,3,999,999,999
2883,16,7,3,4,5,6,999,999,999
2884,16,7,4,2,3,1,999,999,999
2885,16,7,5,5,6,4,999,999,999
2886,16,7,6,3,1,2,999,999,999
2887,16,7,7,6,4,5,999,999,999
2888,16,7,8,1,2,3,999,999,999
2889,16,7,9,4,5,6,999,999,999
2890,16,7,10,2,3,1,999,999,999
2891,16,7,11,5,6,4,999,999,999
2892,16,7,12,3,1,2,999,999,999
2893,16,8,1,6,4,5,999,999,999
2894,16,8,2,4,5,6,999,999,999
2895,16,8,3,2,3,1,999,999,999
2896,16,8,4,5,6,4,999,999,999
2897,16,8,5,3,1,2,999,999,999
2898,16,8,6,6,4,5,999,999,999
2899,16,8,7,1,2,3,999,999,999
2900,16,8,8,4,5,6,999,999,999
2901,16,8,9,2,3,1,999,999,999
2902,16,8,10,5,6,4,999,999,999
2903,16,8,11,3,1,2,999,999,999
2904,16,8,12,6,4,5,999,999,999
2905,16,9,1,1,2,3,999,999,999
2906,16,9,2,2,3,1,999,999,999
2907,16,9,3,5,6,4,999,999,999
2908,16,9,4,3,1,2,999,999,999
2909,16,9,5,6,4,5,999,999,999
2910,16,9,6,1,2,3,999,999,999
2911,16,9,7,4,5,6,999,999,999
2912,16,9,8,2,3,1,999,999,999
2913,16,9,9,5,6,4,999,999,999
2914,16,9,10,3,1,2,999,999,999
2915,16,9,11,6,4,5,999,999,999
2916,16,9,12,1,2,3,999,999,999
2917,16,10,1,4,5,6,999,999,999
2918,16,10,2,5,6,4,999,999,999
2919,16,10,3,3,1,2,999,999,999
2920,16,10,4,6,4,5,999,999,999
2921,16,10,5,1,2,3,999,999,999
2922,16,10,6,4,5,6,999,999,999
2923,16,10,7,2,3,1,999,999,999
2924,16,10,8,5,6,4,999,999,999
2925,16,10,9,3,1,2,999,999,999
2926,16,10,10,6,4,5,999,999,999
2927,16,10,11,1,2,3,999,999,999
2928,16,10,12,4,5,6,999,999,999
2929,16,11,1,2,3,1,999,999,999
2930,16,11,2,3,1,2,999,999,999
2931,16,11,3,6,4,5,999,999,999
2932,16,11,4,1,2,3,999,999,999
2933,16,11,5,4,5,6,999,999,999
2934,16,11,6,2,3,1,999,999,999
2935,16,11,7,5,6,4,999,999,999
2936,16,11,8,3,1,2,999,999,999
2937,16,11,9,6,4,5,999,999,999
2938,16,11,10,1,2,3,999,999,999
2939,16,11,11,4,5,6,999,999,999
2940,16,11,12,2,3,1,999,999,999
2941,16,12,1,5,6,4,999,999,999
2942,16,12,2,6,4,5,999,999,999
2943,16,12,3,1,2,3,999,999,999
2944,16,12,4,4,5,6,999,999,999
2945,16,12,5,2,3,1,999,999,999
2946,16,12,6,5,6,4,999,999,999
2947,16,12,7,3,1,2,999,999,999
2948,16,12,8,6,4,5,999,999,999
2949,16,12,9,1,2,3,999,999,999
2950,16,12,10,4,5,6,999,999,999
2951,16,12,11,2,3,1,999,999,999
2952,16,12,12,5,6,4,999,999,999
2953,16,13,1,3,1,2,999,999,999
2954,16,13,2,1,2,3,999,999,999
2955,16,13,3,4,5,6,999,999,999
2956,16,13,4,2,3,1,999,999,999
2957,16,13,5,5,6,4,999,999,999
2958,16,13,6,3,1,2,999,999,999
2959,16,13,7,6,4,5,999,999,999
2960,16,13,8,1,2,3,999,999,999
2961,16,13,9,4,5,6,999,999,999
2962,16,13,10,2,3,1,999,999,999
2963,16,13,11,5,6,4,999,999,999
2964,16,13,12,3,1,2,999,999,999
2965,16,14,1,6,4,5,999,999,999
2966,16,14,2,4,5,6,999,999,999
2967,16,14,3,2,3,1,999,999,999
2968,16,14,4,5,6,4,999,999,999
2969,16,14,5,3,1,2,999,999,999
2970,16,14,6,6,4,5,999,999,999
2971,16,14,7,1,2,3,999,999,999
2972,16,14,8,4,5,6,999,999,999
2973,16,14,9,2,3,1,999,999,999
2974,16,14,10,5,6,4,999,999,999
2975,16,14,11,3,1,2,999,999,999
2976,16,14,12,6,4,5,999,999,999
2977,16,15,1,1,2,3,999,999,999
2978,16,15,2,2,3,1,999,999,999
2979,16,15,3,5,6,4,999,999,999
2980,16,15,4,3,1,2,999,999,999
2981,16,15,5,6,4,5,999,999,999
2982,16,15,6,1,2,3,999,999,999
2983,16,15,7,4,5,6,999,999,999
2984,16,15,8,2,3,1,999,999,999
2985,16,15,9,5,6,4,999,999,999
2986,16,15,10,3,1,2,999,999,999
2987,16,15,11,6,4,5,999,999,999
2988,16,15,12,1,2,3,999,999,999
2989,16,16,1,4,5,6,999,999,999
2990,16,16,2,5,6,4,999,999,999
2991,16,16,3,3,1,2,999,999,999
2992,16,16,4,6,4,5,999,999,999
2993,16,16,5,1,2,3,999,999,999
2994,16,16,6,4,5,6,999,999,999
2995,16,16,7,2,3,1,999,999,999
2996,16,16,8,5,6,4,999,999,999
2997,16,16,9,3,1,2,999,999,999
2998,16,16,10,6,4,5,999,999,999
2999,16,16,11,1,2,3,999,999,999
3000,16,16,12,4,5,6,999,999,999
3001,16,17,1,2,3,1,999,999,999
3002,16,17,2,3,1,2,999,999,999
3003,16,17,3,6,4,5,999,999,999
3004,16,17,4,1,2,3,999,999,999
3005,16,17,5,4,5,6,999,999,999
3006,16,17,6,2,3,1,999,999,999
3007,16,17,7,5,6,4,999,999,999
3008,16,17,8,3,1,2,999,999,999
3009,16,17,9,6,4,5,999,999,999
3010,16,17,10,1,2,3,999,999,999
3011,16,17,11,4,5,6,999,999,999
3012,16,17,12,2,3,1,999,999,999
3013,16,18,1,5,6,4,999,999,999
3014,16,18,2,6,4,5,999,999,999
3015,16,18,3,1,2,3,999,999,999
3016,16,18,4,4,5,6,999,999,999
3017,16,18,5,2,3,1,999,999,999
3018,16,18,6,5,6,4,999,999,999
3019,16,18,7,3,1,2,999,999,999
3020,16,18,8,6,4,5,999,999,999
3021,16,18,9,1,2,3,999,999,999
3022,16,18,10,4,5,6,999,999,999
3023,16,18,11,2,3,1,999,999,999
3024,16,18,12,5,6,4,999,999,999
3025,16,19,1,3,1,2,999,999,999
3026,16,19,2,1,2,3,999,999,999
3027,16,19,3,4,5,6,999,999,999
3028,16,19,4,2,3,1,999,999,999
3029,16,19,5,5,6,4,999,999,999
3030,16,19,6,3,1,2,999,999,999
3031,16,19,7,6,4,5,999,999,999
3032,16,19,8,1,2,3,999,999,999
3033,16,19,9,4,5,6,999,999,999
3034,16,19,10,2,3,1,999,999,999
3035,16,19,11,5,6,4,999,999,999
3036,16,19,12,3,1,2,999,999,999
3037,16,20,1,6,4,5,999,999,999
3038,16,20,2,4,5,6,999,999,999
3039,16,20,3,2,3,1,999,999,999
3040,16,20,4,5,6,4,999,999,999
3041,16,20,5,3,1,2,999,999,999
3042,16,20,6,6,4,5,999,999,999
3043,16,20,7,1,2,3,999,999,999
3044,16,20,8,4,5,6,999,999,999
3045,16,20,9,2,3,1,999,999,999
3046,16,20,10,5,6,4,999,999,999
3047,16,20,11,3,1,2,999,999,999
3048,16,20,12,6,4,5,999,999,999
3049,17,1,1,4,5,6,999,999,999
3050,17,1,2,1,2,3,999,999,999
3051,17,1,3,5,6,5,999,999,999
3052,17,1,4,2,3,1,999,999,999
3053,17,1,5,6,4,5,999,999,999
3054,17,1,6,3,1,2,999,999,999
3055,17,1,7,1,2,3,999,999,999
3056,17,1,8,4,5,6,999,999,999
3057,17,1,9,2,3,1,999,999,999
3058,17,1,10,5,6,4,999,999,999
3059,17,1,11,3,1,2,999,999,999
3060,17,1,12,6,4,5,999,999,999
3061,17,2,1,1,2,3,999,999,999
3062,17,2,2,4,5,6,999,999,999
3063,17,2,3,2,3,1,999,999,999
3064,17,2,4,5,6,4,999,999,999
3065,17,2,5,3,1,2,999,999,999
3066,17,2,6,6,4,5,999,999,999
3067,17,2,7,4,5,6,999,999,999
3068,17,2,8,2,3,1,999,999,999
3069,17,2,9,5,6,4,999,999,999
3070,17,2,10,3,1,2,999,999,999
3071,17,2,11,6,4,5,999,999,999
3072,17,2,12,1,2,3,999,999,999
3073,17,3,1,4,5,6,999,999,999
3074,17,3,2,2,3,1,999,999,999
3075,17,3,3,5,6,4,999,999,999
3076,17,3,4,3,1,2,999,999,999
3077,17,3,5,6,4,5,999,999,999
3078,17,3,6,1,2,3,999,999,999
3079,17,3,7,2,3,1,999,999,999
3080,17,3,8,5,6,4,999,999,999
3081,17,3,9,3,1,2,999,999,999
3082,17,3,10,6,4,5,999,999,999
3083,17,3,11,1,2,3,999,999,999
3084,17,3,12,4,5,6,999,999,999
3085,17,4,1,2,3,1,999,999,999
3086,17,4,2,5,6,4,999,999,999
3087,17,4,3,3,1,2,999,999,999
3088,17,4,4,6,4,5,999,999,999
3089,17,4,5,1,2,3,999,999,999
3090,17,4,6,4,5,6,999,999,999
3091,17,4,7,5,6,4,999,999,999
3092,17,4,8,3,1,2,999,999,999
3093,17,4,9,6,4,5,999,999,999
3094,17,4,10,1,2,3,999,999,999
3095,17,4,11,4,5,6,999,999,999
3096,17,4,12,2,3,1,999,999,999
3097,17,5,1,5,6,4,999,999,999
3098,17,5,2,3,1,2,999,999,999
3099,17,5,3,6,4,5,999,999,999
3100,17,5,4,1,2,3,999,999,999
3101,17,5,5,4,5,6,999,999,999
3102,17,5,6,2,3,1,999,999,999
3103,17,5,7,3,1,2,999,999,999
3104,17,5,8,6,4,5,999,999,999
3105,17,5,9,1,2,3,999,999,999
3106,17,5,10,4,5,6,999,999,999
3107,17,5,11,2,3,1,999,999,999
3108,17,5,12,5,6,4,999,999,999
3109,17,6,1,3,1,2,999,999,999
3110,17,6,2,6,4,5,999,999,999
3111,17,6,3,1,2,3,999,999,999
3112,17,6,4,4,5,6,999,999,999
3113,17,6,5,2,3,1,999,999,999
3114,17,6,6,5,6,4,999,999,999
3115,17,6,7,6,4,5,999,999,999
3116,17,6,8,1,2,3,999,999,999
3117,17,6,9,4,5,6,999,999,999
3118,17,6,10,2,3,1,999,999,999
3119,17,6,11,5,6,4,999,999,999
3120,17,6,12,3,1,2,999,999,999
3121,17,7,1,6,4,5,999,999,999
3122,17,7,2,1,2,3,999,999,999
3123,17,7,3,4,5,6,999,999,999
3124,17,7,4,2,3,1,999,999,999
3125,17,7,5,5,6,4,999,999,999
3126,17,7,6,3,1,2,999,999,999
3127,17,7,7,1,2,3,999,999,999
3128,17,7,8,4,5,6,999,999,999
3129,17,7,9,2,3,1,999,999,999
3130,17,7,10,5,6,4,999,999,999
3131,17,7,11,3,1,2,999,999,999
3132,17,7,12,6,4,5,999,999,999
3133,17,8,1,1,2,3,999,999,999
3134,17,8,2,4,5,6,999,999,999
3135,17,8,3,2,3,1,999,999,999
3136,17,8,4,5,6,4,999,999,999
3137,17,8,5,3,1,2,999,999,999
3138,17,8,6,6,4,5,999,999,999
3139,17,8,7,4,5,6,999,999,999
3140,17,8,8,2,3,1,999,999,999
3141,17,8,9,5,6,4,999,999,999
3142,17,8,10,3,1,2,999,999,999
3143,17,8,11,6,4,5,999,999,999
3144,17,8,12,1,2,3,999,999,999
3145,17,9,1,4,5,6,999,999,999
3146,17,9,2,2,3,1,999,999,999
3147,17,9,3,5,6,4,999,999,999
3148,17,9,4,3,1,2,999,999,999
3149,17,9,5,6,4,5,999,999,999
3150,17,9,6,1,2,3,999,999,999
3151,17,9,7,2,3,1,999,999,999
3152,17,9,8,5,6,4,999,999,999
3153,17,9,9,3,1,2,999,999,999
3154,17,9,10,6,4,5,999,999,999
3155,17,9,11,1,2,3,999,999,999
3156,17,9,12,4,5,6,999,999,999
3157,17,10,1,2,3,1,999,999,999
3158,17,10,2,5,6,4,999,999,999
3159,17,10,3,3,1,2,999,999,999
3160,17,10,4,6,4,5,999,999,999
3161,17,10,5,1,2,3,999,999,999
3162,17,10,6,4,5,6,999,999,999
3163,17,10,7,5,6,4,999,999,999
3164,17,10,8,3,1,2,999,999,999
3165,17,10,9,6,4,5,999,999,999
3166,17,10,10,1,2,3,999,999,999
3167,17,10,11,4,5,6,999,999,999
3168,17,10,12,2,3,1,999,999,999
3169,17,11,1,5,6,4,999,999,999
3170,17,11,2,3,1,2,999,999,999
3171,17,11,3,6,4,5,999,999,999
3172,17,11,4,1,2,3,999,999,999
3173,17,11,5,4,5,6,999,999,999
3174,17,11,6,2,3,1,999,999,999
3175,17,11,7,3,1,2,999,999,999
3176,17,11,8,6,4,5,999,999,999
3177,17,11,9,1,2,3,999,999,999
3178,17,11,10,4,5,6,999,999,999
3179,17,11,11,2,3,1,999,999,999
3180,17,11,12,5,6,4,999,999,999
3181,17,12,1,3,1,2,999,999,999
3182,17,12,2,6,4,5,999,999,999
3183,17,12,3,1,2,3,999,999,999
3184,17,12,4,4,5,6,999,999,999
3185,17,12,5,2,3,1,999,999,999
3186,17,12,6,5,6,4,999,999,999
3187,17,12,7,6,4,5,999,999,999
3188,17,12,8,1,2,3,999,999,999
3189,17,12,9,4,5,6,999,999,999
3190,17,12,10,2,3,1,999,999,999
3191,17,12,11,5,6,4,999,999,999
3192,17,12,12,3,1,2,999,999,999
3193,17,13,1,6,4,5,999,999,999
3194,17,13,2,1,2,3,999,999,999
3195,17,13,3,4,5,6,999,999,999
3196,17,13,4,2,3,1,999,999,999
3197,17,13,5,5,6,4,999,999,999
3198,17,13,6,3,1,2,999,999,999
3199,17,13,7,1,2,3,999,999,999
3200,17,13,8,4,5,6,999,999,999
3201,17,13,9,2,3,1,999,999,999
3202,17,13,10,5,6,4,999,999,999
3203,17,13,11,3,1,2,999,999,999
3204,17,13,12,6,4,5,999,999,999
3205,17,14,1,1,2,3,999,999,999
3206,17,14,2,4,5,6,999,999,999
3207,17,14,3,2,3,1,999,999,999
3208,17,14,4,5,6,4,999,999,999
3209,17,14,5,3,1,2,999,999,999
3210,17,14,6,6,4,5,999,999,999
3211,17,14,7,4,5,6,999,999,999
3212,17,14,8,2,3,1,999,999,999
3213,17,14,9,5,6,4,999,999,999
3214,17,14,10,3,1,2,999,999,999
3215,17,14,11,6,4,5,999,999,999
3216,17,14,12,1,2,3,999,999,999
3217,18,1,1,4,5,6,999,999,999
3218,18,1,2,2,3,1,999,999,999
3219,18,1,3,5,6,4,999,999,999
3220,18,1,4,3,1,2,999,999,999
3221,18,1,5,6,4,5,999,999,999
3222,18,1,6,1,2,3,999,999,999
3223,18,1,7,2,3,1,999,999,999
3224,18,1,8,5,6,4,999,999,999
3225,18,1,9,3,1,2,999,999,999
3226,18,1,10,6,4,5,999,999,999
3227,18,1,11,1,2,3,999,999,999
3228,18,1,12,4,5,6,999,999,999
3229,18,2,1,2,3,1,999,999,999
3230,18,2,2,5,6,4,999,999,999
3231,18,2,3,3,1,2,999,999,999
3232,18,2,4,6,4,5,999,999,999
3233,18,2,5,1,2,3,999,999,999
3234,18,2,6,4,5,6,999,999,999
3235,18,2,7,5,6,4,999,999,999
3236,18,2,8,3,1,2,999,999,999
3237,18,2,9,6,4,5,999,999,999
3238,18,2,10,1,2,3,999,999,999
3239,18,2,11,4,5,6,999,999,999
3240,18,2,12,2,3,1,999,999,999
3241,18,3,1,5,6,4,999,999,999
3242,18,3,2,3,1,2,999,999,999
3243,18,3,3,6,4,5,999,999,999
3244,18,3,4,1,2,3,999,999,999
3245,18,3,5,4,5,6,999,999,999
3246,18,3,6,2,3,1,999,999,999
3247,18,3,7,3,1,2,999,999,999
3248,18,3,8,6,4,5,999,999,999
3249,18,3,9,1,2,3,999,999,999
3250,18,3,10,4,5,6,999,999,999
3251,18,3,11,2,3,1,999,999,999
3252,18,3,12,5,6,4,999,999,999
3253,18,4,1,3,1,2,999,999,999
3254,18,4,2,6,4,5,999,999,999
3255,18,4,3,1,2,3,999,999,999
3256,18,4,4,4,5,6,999,999,999
3257,18,4,5,2,3,1,999,999,999
3258,18,4,6,5,6,4,999,999,999
3259,18,4,7,6,4,5,999,999,999
3260,18,4,8,1,2,3,999,999,999
3261,18,4,9,4,5,6,999,999,999
3262,18,4,10,2,3,1,999,999,999
3263,18,4,11,5,6,4,999,999,999
3264,18,4,12,3,1,2,999,999,999
3265,18,5,1,6,4,5,999,999,999
3266,18,5,2,1,2,3,999,999,999
3267,18,5,3,4,5,6,999,999,999
3268,18,5,4,2,3,1,999,999,999
3269,18,5,5,5,6,4,999,999,999
3270,18,5,6,3,1,2,999,999,999
3271,18,5,7,1,2,3,999,999,999
3272,18,5,8,4,5,6,999,999,999
3273,18,5,9,2,3,1,999,999,999
3274,18,5,10,5,6,4,999,999,999
3275,18,5,11,3,1,2,999,999,999
3276,18,5,12,6,4,5,999,999,999
3277,18,6,1,1,2,3,999,999,999
3278,18,6,2,4,5,6,999,999,999
3279,18,6,3,2,3,1,999,999,999
3280,18,6,4,5,6,4,999,999,999
3281,18,6,5,3,1,2,999,999,999
3282,18,6,6,6,4,5,999,999,999
3283,18,6,7,4,5,6,999,999,999
3284,18,6,8,2,3,1,999,999,999
3285,18,6,9,5,6,4,999,999,999
3286,18,6,10,3,1,2,999,999,999
3287,18,6,11,6,4,5,999,999,999
3288,18,6,12,1,2,3,999,999,999
3289,18,7,1,4,5,6,999,999,999
3290,18,7,2,2,3,1,999,999,999
3291,18,7,3,5,6,4,999,999,999
3292,18,7,4,3,1,2,999,999,999
3293,18,7,5,6,4,5,999,999,999
3294,18,7,6,1,2,3,999,999,999
3295,18,7,7,2,3,1,999,999,999
3296,18,7,8,5,6,4,999,999,999
3297,18,7,9,3,1,2,999,999,999
3298,18,7,10,6,4,5,999,999,999
3299,18,7,11,1,2,3,999,999,999
3300,18,7,12,4,5,6,999,999,999
3301,18,8,1,2,3,1,999,999,999
3302,18,8,2,5,6,4,999,999,999
3303,18,8,3,3,1,2,999,999,999
3304,18,8,4,6,4,5,999,999,999
3305,18,8,5,1,2,3,999,999,999
3306,18,8,6,4,5,6,999,999,999
3307,18,8,7,5,6,4,999,999,999
3308,18,8,8,3,1,2,999,999,999
3309,18,8,9,6,4,5,999,999,999
3310,18,8,10,1,2,3,999,999,999
3311,18,8,11,4,5,6,999,999,999
3312,18,8,12,2,3,1,999,999,999
3313,18,9,1,5,6,4,999,999,999
3314,18,9,2,3,1,2,999,999,999
3315,18,9,3,6,4,5,999,999,999
3316,18,9,4,1,2,3,999,999,999
3317,18,9,5,4,5,6,999,999,999
3318,18,9,6,2,3,1,999,999,999
3319,18,9,7,3,1,2,999,999,999
3320,18,9,8,6,4,5,999,999,999
3321,18,9,9,1,2,3,999,999,999
3322,18,9,10,4,5,6,999,999,999
3323,18,9,11,2,3,1,999,999,999
3324,18,9,12,5,6,4,999,999,999
3325,18,10,1,3,1,2,999,999,999
3326,18,10,2,6,4,5,999,999,999
3327,18,10,3,1,2,3,999,999,999
3328,18,10,4,4,5,6,999,999,999
3329,18,10,5,2,3,1,999,999,999
3330,18,10,6,5,6,4,999,999,999
3331,18,10,7,6,4,5,999,999,999
3332,18,10,8,1,2,3,999,999,999
3333,18,10,9,4,5,6,999,999,999
3334,18,10,10,2,3,1,999,999,999
3335,18,10,11,5,6,4,999,999,999
3336,18,10,12,3,1,2,999,999,999
3337,18,11,1,6,4,5,999,999,999
3338,18,11,2,1,2,3,999,999,999
3339,18,11,3,4,5,6,999,999,999
3340,18,11,4,2,3,1,999,999,999
3341,18,11,5,5,6,4,999,999,999
3342,18,11,6,3,1,2,999,999,999
3343,18,11,7,1,2,3,999,999,999
3344,18,11,8,4,5,6,999,999,999
3345,18,11,9,2,3,1,999,999,999
3346,18,11,10,5,6,4,999,999,999
3347,18,11,11,3,1,2,999,999,999
3348,18,11,12,6,4,5,999,999,999
3349,18,12,1,1,2,3,999,999,999
3350,18,12,2,4,5,6,999,999,999
3351,18,12,3,2,3,1,999,999,999
3352,18,12,4,5,6,4,999,999,999
3353,18,12,5,3,1,2,999,999,999
3354,18,12,6,6,4,5,999,999,999
3355,18,12,7,4,5,6,999,999,999
3356,18,12,8,2,3,1,999,999,999
3357,18,12,9,5,6,4,999,999,999
3358,18,12,10,3,1,2,999,999,999
3359,18,12,11,6,4,5,999,999,999
3360,18,12,12,1,2,3,999,999,999
3361,18,13,1,4,5,6,999,999,999
3362,18,13,2,2,3,1,999,999,999
3363,18,13,3,5,6,4,999,999,999
3364,18,13,4,3,1,2,999,999,999
3365,18,13,5,6,4,5,999,999,999
3366,18,13,6,1,2,3,999,999,999
3367,18,13,7,2,3,1,999,999,999
3368,18,13,8,5,6,4,999,999,999
3369,18,13,9,3,1,2,999,999,999
3370,18,13,10,6,4,5,999,999,999
3371,18,13,11,1,2,3,999,999,999
3372,18,13,12,4,5,6,999,999,999
3373,18,14,1,2,3,1,999,999,999
3374,18,14,2,5,6,4,999,999,999
3375,18,14,3,3,1,2,999,999,999
3376,18,14,4,6,4,5,999,999,999
3377,18,14,5,1,2,3,999,999,999
3378,18,14,6,4,5,6,999,999,999
3379,18,14,7,5,6,4,999,999,999
3380,18,14,8,3,1,2,999,999,999
3381,18,14,9,6,4,5,999,999,999
3382,18,14,10,1,2,3,999,999,999
3383,18,14,11,4,5,6,999,999,999
3384,18,14,12,2,3,1,999,999,999
99990,99990,1,1,1,2,3,4,5,6
99991,99991,1,1,1,2,3,4,5,6
99992,99992,1,1,1,2,3,4,5,6
