id,lot_group,group_name,item_type,item_id,item_option,amount,rate,pickup,new,prob_up,rare,probability
1,18062701,LOT18062701sp,6,115010,,1,25,0,0,0,0,0.25
2,18062701,LOT18062701sp,6,134010,,1,25,0,0,0,0,0.25
3,18062701,LOT18062701sp,6,155010,,1,25,0,0,0,0,0.25
4,18062701,LOT18062701sp,6,133010,,1,25,0,0,0,0,0.25
5,18062701,LOT18062701sp,6,180010,,1,25,0,0,0,0,0.25
6,18062701,LOT18062701sp,6,209010,,1,25,0,0,0,0,0.25
7,18062701,LOT18062701sp,6,193010,,1,25,0,0,0,0,0.25
8,18062701,LOT18062701sp,6,221010,,1,25,0,0,0,0,0.25
9,18062701,LOT18062701sp,6,145000,,1,3267,0,0,0,0,32.67
10,18062701,LOT18062701sp,6,122000,,1,3267,0,0,0,0,32.67
11,18062701,LOT18062701sp,6,132000,,1,3267,0,0,0,0,32.67
12,18062702,LOT18062702fs,6,115010,,1,13,0,0,0,0,0.13
13,18062702,LOT18062702fs,6,134010,,1,13,0,0,0,0,0.13
14,18062702,LOT18062702fs,6,155010,,1,13,0,0,0,0,0.13
15,18062702,LOT18062702fs,6,133010,,1,13,0,0,0,0,0.13
16,18062702,LOT18062702fs,6,180010,,1,13,0,0,0,0,0.13
17,18062702,LOT18062702fs,6,209010,,1,13,0,0,0,0,0.13
18,18062702,LOT18062702fs,6,193010,,1,13,0,0,0,0,0.13
19,18062702,LOT18062702fs,6,221010,,1,13,0,0,0,0,0.13
20,18062702,LOT18062702fs,6,122010,,1,13,0,0,0,0,0.13
21,18062702,LOT18062702fs,6,124010,,1,13,0,0,0,0,0.13
22,18062702,LOT18062702fs,6,141010,,1,13,0,0,0,0,0.13
23,18062702,LOT18062702fs,6,158010,,1,13,0,0,0,0,0.13
24,18062702,LOT18062702fs,6,165010,,1,13,0,0,0,0,0.13
25,18062702,LOT18062702fs,6,185010,,1,13,0,0,0,0,0.13
26,18062702,LOT18062702fs,6,194010,,1,13,0,0,0,0,0.13
27,18062702,LOT18062702fs,6,220010,,1,13,0,0,0,0,0.13
28,18062702,LOT18062702fs,6,145000,,1,500,0,0,0,0,5
29,18062702,LOT18062702fs,6,122000,,1,500,0,0,0,0,5
30,18062702,LOT18062702fs,6,132000,,1,500,0,0,0,0,5
31,18062702,LOT18062702fs,6,508000,,1,1038,0,0,0,0,10.38
32,18062702,LOT18062702fs,6,104010,,1,1038,0,0,0,0,10.38
33,18062702,LOT18062702fs,6,127010,,1,1038,0,0,0,0,10.38
34,18062702,LOT18062702fs,6,142010,,1,1038,0,0,0,0,10.38
35,18062702,LOT18062702fs,6,151010,,1,1038,0,0,0,0,10.38
36,18062702,LOT18062702fs,6,171020,,1,1038,0,0,0,0,10.38
37,18062702,LOT18062702fs,6,340000,,1,1038,0,0,0,0,10.38
38,18062702,LOT18062702fs,6,205010,,1,1038,0,0,0,0,10.38
39,18062703,LOT18062703os,6,134000,,1,10,0,0,0,0,0.1
40,18062703,LOT18062703os,6,603000,,1,25,0,0,0,0,0.25
41,18062703,LOT18062703os,6,285000,,1,25,0,0,0,0,0.25
42,18062703,LOT18062703os,6,529000,,1,25,0,0,0,0,0.25
43,18062703,LOT18062703os,6,452000,,1,25,0,0,0,0,0.25
44,18062703,LOT18062703os,6,765000,,1,25,0,0,0,0,0.25
45,18062703,LOT18062703os,6,597010,,1,25,0,0,0,0,0.25
46,18062703,LOT18062703os,6,453000,,1,25,0,0,0,0,0.25
47,18062703,LOT18062703os,6,314000,,1,25,0,0,0,0,0.25
48,18062703,LOT18062703os,6,508000,,1,38,0,0,0,0,0.38
49,18062703,LOT18062703os,6,104010,,1,38,0,0,0,0,0.38
50,18062703,LOT18062703os,6,127010,,1,38,0,0,0,0,0.38
51,18062703,LOT18062703os,6,142010,,1,38,0,0,0,0,0.38
52,18062703,LOT18062703os,6,151010,,1,38,0,0,0,0,0.38
53,18062703,LOT18062703os,6,171020,,1,38,0,0,0,0,0.38
54,18062703,LOT18062703os,6,340000,,1,38,0,0,0,0,0.38
55,18062703,LOT18062703os,6,205010,,1,38,0,0,0,0,0.38
56,18062703,LOT18062703os,6,105010,,1,188,0,0,0,0,1.88
57,18062703,LOT18062703os,6,121000,,1,188,0,0,0,0,1.88
58,18062703,LOT18062703os,6,188000,,1,188,0,0,0,0,1.88
59,18062703,LOT18062703os,6,578000,,1,188,0,0,0,0,1.88
60,18062703,LOT18062703os,6,202010,,1,188,0,0,0,0,1.88
61,18062703,LOT18062703os,6,584000,,1,188,0,0,0,0,1.88
62,18062703,LOT18062703os,6,142000,,1,188,0,0,0,0,1.88
63,18062703,LOT18062703os,6,207000,,1,188,0,0,0,0,1.88
64,18062703,LOT18062703os,6,103000,,1,999,0,0,0,0,9.99
65,18062703,LOT18062703os,6,106000,,1,999,0,0,0,0,9.99
66,18062703,LOT18062703os,6,138000,,1,999,0,0,0,0,9.99
67,18062703,LOT18062703os,6,315000,,1,999,0,0,0,0,9.99
68,18062703,LOT18062703os,6,317000,,1,999,0,0,0,0,9.99
69,18062703,LOT18062703os,6,503000,,1,999,0,0,0,0,9.99
70,18062703,LOT18062703os,6,539000,,1,999,0,0,0,0,9.99
71,18062703,LOT18062703os,6,595000,,1,999,0,0,0,0,9.99
72,18062704,LOT18062704re,6,115010,,1,50,0,0,0,0,0.5
73,18062704,LOT18062704re,6,122010,,1,100,0,0,0,0,1
74,18062704,LOT18062704re,6,113020,,1,100,0,0,0,0,1
75,18062704,LOT18062704re,6,107010,,1,300,0,0,0,0,3
76,18062704,LOT18062704re,6,116000,,1,750,0,0,0,0,7.5
77,18062704,LOT18062704re,6,108000,,1,750,0,0,0,0,7.5
78,18062704,LOT18062704re,6,105000,,1,2000,0,0,0,0,20
79,18062704,LOT18062704re,6,502000,,1,5950,0,0,0,0,59.5
80,18062705,LOT18062705ye,6,134010,,1,50,0,0,0,0,0.5
81,18062705,LOT18062705ye,6,124010,,1,100,0,0,0,0,1
82,18062705,LOT18062705ye,6,129000,,1,100,0,0,0,0,1
83,18062705,LOT18062705ye,6,131020,,1,300,0,0,0,0,3
84,18062705,LOT18062705ye,6,119000,,1,750,0,0,0,0,7.5
85,18062705,LOT18062705ye,6,104010,,1,750,0,0,0,0,7.5
86,18062705,LOT18062705ye,6,507000,,1,2000,0,0,0,0,20
87,18062705,LOT18062705ye,6,118000,,1,5950,0,0,0,0,59.5
88,18062706,LOT18062706or,6,155010,,1,50,0,0,0,0,0.5
89,18062706,LOT18062706or,6,141010,,1,100,0,0,0,0,1
90,18062706,LOT18062706or,6,190020,,1,100,0,0,0,0,1
91,18062706,LOT18062706or,6,136000,,1,150,0,0,0,0,1.5
92,18062706,LOT18062706or,6,190000,,1,150,0,0,0,0,1.5
93,18062706,LOT18062706or,6,144000,,1,750,0,0,0,0,7.5
94,18062706,LOT18062706or,6,142010,,1,750,0,0,0,0,7.5
95,18062706,LOT18062706or,6,140000,,1,5950,0,0,0,0,59.5
96,18062707,LOT18062707pe,6,133010,,1,50,0,0,0,0,0.5
97,18062707,LOT18062707pe,6,158010,,1,200,0,0,0,0,2
98,18062707,LOT18062707pe,6,150010,,1,150,0,0,0,0,1.5
99,18062707,LOT18062707pe,6,139010,,1,150,0,0,0,0,1.5
100,18062707,LOT18062707pe,6,150000,,1,750,0,0,0,0,7.5
101,18062707,LOT18062707pe,6,175000,,1,750,0,0,0,0,7.5
102,18062707,LOT18062707pe,6,159010,,1,2000,0,0,0,0,20
103,18062707,LOT18062707pe,6,556000,,1,5950,0,0,0,0,59.5
104,18062708,LOT18062708gr,6,180010,,1,50,0,0,0,0,0.5
105,18062708,LOT18062708gr,6,178010,,1,100,0,0,0,0,1
106,18062708,LOT18062708gr,6,165010,,1,100,0,0,0,0,1
107,18062708,LOT18062708gr,6,579000,,1,750,0,0,0,0,7.5
108,18062708,LOT18062708gr,6,168000,,1,300,0,0,0,0,3
109,18062708,LOT18062708gr,6,177000,,1,750,0,0,0,0,7.5
110,18062708,LOT18062708gr,6,205000,,1,2000,0,0,0,0,20
111,18062708,LOT18062708gr,6,167000,,1,5950,0,0,0,0,59.5
112,18062709,LOT18062709bl,6,209010,,1,50,0,0,0,0,0.5
113,18062709,LOT18062709bl,6,185010,,1,100,0,0,0,0,1
114,18062709,LOT18062709bl,6,198010,,1,100,0,0,0,0,1
115,18062709,LOT18062709bl,6,183010,,1,150,0,0,0,0,1.5
116,18062709,LOT18062709bl,6,207020,,1,150,0,0,0,0,1.5
117,18062709,LOT18062709bl,6,206000,,1,1500,0,0,0,0,15
118,18062709,LOT18062709bl,6,186010,,1,2000,0,0,0,0,20
119,18062709,LOT18062709bl,6,197000,,1,5950,0,0,0,0,59.5
120,18062710,LOT18062710pu,6,193010,,1,50,0,0,0,0,0.5
121,18062710,LOT18062710pu,6,170010,,1,100,0,0,0,0,1
122,18062710,LOT18062710pu,6,194010,,1,100,0,0,0,0,1
123,18062710,LOT18062710pu,6,195010,,1,150,0,0,0,0,1.5
124,18062710,LOT18062710pu,6,192000,,1,150,0,0,0,0,1.5
125,18062710,LOT18062710pu,6,188010,,1,1500,0,0,0,0,15
126,18062710,LOT18062710pu,6,187000,,1,2975,0,0,0,0,29.75
127,18062710,LOT18062710pu,6,151000,,1,2975,0,0,0,0,29.75
128,18062711,LOT18062711lb,6,221010,,1,50,0,0,0,0,0.5
129,18062711,LOT18062711lb,6,216010,,1,100,0,0,0,0,1
130,18062711,LOT18062711lb,6,220010,,1,100,0,0,0,0,1
131,18062711,LOT18062711lb,6,220020,,1,150,0,0,0,0,1.5
132,18062711,LOT18062711lb,6,216000,,1,150,0,0,0,0,1.5
133,18062711,LOT18062711lb,6,217000,,1,1500,0,0,0,0,15
134,18062711,LOT18062711lb,6,171000,,1,1000,0,0,0,0,10
135,18062711,LOT18062711lb,6,215000,,1,1000,0,0,0,0,10
136,18062712,LOT18062712yo,6,109010,,1,19,0,0,0,0,0.19
137,18062712,LOT18062712yo,6,117010,,1,19,1,0,0,0,0.19
138,18062712,LOT18062712yo,6,209000,,1,19,0,0,0,0,0.19
139,18062712,LOT18062712yo,6,210010,,1,19,0,0,0,0,0.19
140,18062712,LOT18062712yo,6,360000,,1,19,0,0,0,0,0.19
141,18062712,LOT18062712yo,6,146010,,1,19,1,0,0,0,0.19
142,18062712,LOT18062712yo,6,214000,,1,19,0,0,0,0,0.19
143,18062712,LOT18062712yo,6,221000,,1,19,0,0,0,0,0.19
144,18062712,LOT18062712yo,6,193000,,1,19,0,0,0,0,0.19
145,18062712,LOT18062712yo,6,196010,,1,19,1,0,0,0,0.19
146,18062712,LOT18062712yo,6,166000,,1,19,0,0,0,0,0.19
147,18062712,LOT18062712yo,6,166010,,1,19,0,0,0,0,0.19
148,18062712,LOT18062712yo,6,133000,,1,19,1,0,0,0,0.19
149,18062712,LOT18062712yo,6,163010,,1,19,0,0,0,0,0.19
150,18062712,LOT18062712yo,6,181010,,1,19,0,0,0,0,0.19
151,18062712,LOT18062712yo,6,173010,,1,19,0,0,0,0,0.19
152,18062712,LOT18062712yo,6,112000,,1,54,0,0,0,0,0.54
153,18062712,LOT18062712yo,6,122010,,1,54,0,0,0,0,0.54
154,18062712,LOT18062712yo,6,238000,,1,54,0,0,0,0,0.54
155,18062712,LOT18062712yo,6,185010,,1,54,0,0,0,0,0.54
156,18062712,LOT18062712yo,6,198010,,1,54,0,0,0,0,0.54
157,18062712,LOT18062712yo,6,204010,,1,54,0,0,0,0,0.54
158,18062712,LOT18062712yo,6,204000,,1,54,0,0,0,0,0.54
159,18062712,LOT18062712yo,6,777000,,1,54,0,0,0,0,0.54
160,18062712,LOT18062712yo,6,141010,,1,54,0,0,0,0,0.54
161,18062712,LOT18062712yo,6,148000,,1,54,0,0,0,0,0.54
162,18062712,LOT18062712yo,6,190020,,1,54,0,0,0,0,0.54
163,18062712,LOT18062712yo,6,265000,,1,54,0,0,0,0,0.54
164,18062712,LOT18062712yo,6,216010,,1,54,0,0,0,0,0.54
165,18062712,LOT18062712yo,6,220010,,1,54,0,0,0,0,0.54
166,18062712,LOT18062712yo,6,170010,,1,54,0,0,0,0,0.54
167,18062712,LOT18062712yo,6,194010,,1,54,0,0,0,0,0.54
168,18062712,LOT18062712yo,6,196000,,1,54,0,0,0,0,0.54
169,18062712,LOT18062712yo,6,124010,,1,54,0,0,0,0,0.54
170,18062712,LOT18062712yo,6,250000,,1,54,0,0,0,0,0.54
171,18062712,LOT18062712yo,6,124000,,1,54,0,0,0,0,0.54
172,18062712,LOT18062712yo,6,129000,,1,54,0,0,0,0,0.54
173,18062712,LOT18062712yo,6,158010,,1,54,0,0,0,0,0.54
174,18062712,LOT18062712yo,6,176010,,1,54,0,0,0,0,0.54
175,18062712,LOT18062712yo,6,274000,,1,54,0,0,0,0,0.54
176,18062712,LOT18062712yo,6,165010,,1,54,0,0,0,0,0.54
177,18062712,LOT18062712yo,6,178010,,1,54,0,0,0,0,0.54
178,18062712,LOT18062712yo,6,181000,,1,54,0,0,0,0,0.54
179,18062712,LOT18062712yo,6,180000,,1,54,0,0,0,0,0.54
180,18062712,LOT18062712yo,6,102010,,1,195,0,0,0,0,1.95
181,18062712,LOT18062712yo,6,107010,,1,195,0,0,0,0,1.95
182,18062712,LOT18062712yo,6,113010,,1,195,0,0,0,0,1.95
183,18062712,LOT18062712yo,6,116010,,1,195,0,0,0,0,1.95
184,18062712,LOT18062712yo,6,122000,,1,195,0,0,0,0,1.95
185,18062712,LOT18062712yo,6,236000,,1,195,0,0,0,0,1.95
186,18062712,LOT18062712yo,6,114000,,1,195,0,0,0,0,1.95
187,18062712,LOT18062712yo,6,206010,,1,195,0,0,0,0,1.95
188,18062712,LOT18062712yo,6,183010,,1,195,0,0,0,0,1.95
189,18062712,LOT18062712yo,6,207020,,1,195,0,0,0,0,1.95
190,18062712,LOT18062712yo,6,263000,,1,195,0,0,0,0,1.95
191,18062712,LOT18062712yo,6,299000,,1,195,0,0,0,0,1.95
192,18062712,LOT18062712yo,6,301000,,1,195,0,0,0,0,1.95
193,18062712,LOT18062712yo,6,136000,,1,195,0,0,0,0,1.95
194,18062712,LOT18062712yo,6,136010,,1,195,0,0,0,0,1.95
195,18062712,LOT18062712yo,6,141000,,1,195,0,0,0,0,1.95
196,18062712,LOT18062712yo,6,145000,,1,195,0,0,0,0,1.95
197,18062712,LOT18062712yo,6,190000,,1,195,0,0,0,0,1.95
198,18062712,LOT18062712yo,6,216000,,1,195,0,0,0,0,1.95
199,18062712,LOT18062712yo,6,217010,,1,195,0,0,0,0,1.95
200,18062712,LOT18062712yo,6,218010,,1,195,0,0,0,0,1.95
201,18062712,LOT18062712yo,6,220000,,1,195,0,0,0,0,1.95
202,18062712,LOT18062712yo,6,220020,,1,195,0,0,0,0,1.95
203,18062712,LOT18062712yo,6,161010,,1,195,0,0,0,0,1.95
204,18062712,LOT18062712yo,6,604000,,1,195,0,0,0,0,1.95
205,18062712,LOT18062712yo,6,195010,,1,195,0,0,0,0,1.95
206,18062712,LOT18062712yo,6,200000,,1,195,0,0,0,0,1.95
207,18062712,LOT18062712yo,6,374000,,1,195,0,0,0,0,1.95
208,18062712,LOT18062712yo,6,310000,,1,195,0,0,0,0,1.95
209,18062712,LOT18062712yo,6,119010,,1,195,0,0,0,0,1.95
210,18062712,LOT18062712yo,6,126000,,1,195,0,0,0,0,1.95
211,18062712,LOT18062712yo,6,131020,,1,195,0,0,0,0,1.95
212,18062712,LOT18062712yo,6,132000,,1,195,0,0,0,0,1.95
213,18062712,LOT18062712yo,6,176000,,1,195,0,0,0,0,1.95
214,18062712,LOT18062712yo,6,774000,,1,195,0,0,0,0,1.95
215,18062712,LOT18062712yo,6,150010,,1,195,0,0,0,0,1.95
216,18062712,LOT18062712yo,6,139010,,1,195,0,0,0,0,1.95
217,18062712,LOT18062712yo,6,167010,,1,195,0,0,0,0,1.95
218,18062712,LOT18062712yo,6,168000,,1,195,0,0,0,0,1.95
219,18062712,LOT18062712yo,6,284000,,1,195,0,0,0,0,1.95
220,18062712,LOT18062712yo,6,373000,,1,195,0,0,0,0,1.95
221,18062712,LOT18062712yo,6,583000,,1,195,0,0,0,0,1.95
222,18062713,LOT18062713yn,6,109010,,1,19,0,0,0,0,0.19
223,18062713,LOT18062713yn,6,117010,,1,19,1,0,0,0,0.19
224,18062713,LOT18062713yn,6,209000,,1,19,0,0,0,0,0.19
225,18062713,LOT18062713yn,6,210010,,1,19,0,0,0,0,0.19
226,18062713,LOT18062713yn,6,360000,,1,19,0,0,0,0,0.19
227,18062713,LOT18062713yn,6,146010,,1,19,1,0,0,0,0.19
228,18062713,LOT18062713yn,6,214000,,1,19,0,0,0,0,0.19
229,18062713,LOT18062713yn,6,221000,,1,19,0,0,0,0,0.19
230,18062713,LOT18062713yn,6,193000,,1,19,0,0,0,0,0.19
231,18062713,LOT18062713yn,6,196010,,1,19,1,0,0,0,0.19
232,18062713,LOT18062713yn,6,166000,,1,19,0,0,0,0,0.19
233,18062713,LOT18062713yn,6,166010,,1,19,0,0,0,0,0.19
234,18062713,LOT18062713yn,6,133000,,1,19,1,0,0,0,0.19
235,18062713,LOT18062713yn,6,163010,,1,19,0,0,0,0,0.19
236,18062713,LOT18062713yn,6,181010,,1,19,0,0,0,0,0.19
237,18062713,LOT18062713yn,6,173010,,1,19,0,0,0,0,0.19
238,18062713,LOT18062713yn,6,112000,,1,346,0,0,0,0,3.46
239,18062713,LOT18062713yn,6,122010,,1,346,0,0,0,0,3.46
240,18062713,LOT18062713yn,6,238000,,1,346,0,0,0,0,3.46
241,18062713,LOT18062713yn,6,185010,,1,346,0,0,0,0,3.46
242,18062713,LOT18062713yn,6,198010,,1,346,0,0,0,0,3.46
243,18062713,LOT18062713yn,6,204010,,1,346,0,0,0,0,3.46
244,18062713,LOT18062713yn,6,204000,,1,346,0,0,0,0,3.46
245,18062713,LOT18062713yn,6,777000,,1,346,0,0,0,0,3.46
246,18062713,LOT18062713yn,6,141010,,1,346,0,0,0,0,3.46
247,18062713,LOT18062713yn,6,148000,,1,346,0,0,0,0,3.46
248,18062713,LOT18062713yn,6,190020,,1,346,0,0,0,0,3.46
249,18062713,LOT18062713yn,6,265000,,1,346,0,0,0,0,3.46
250,18062713,LOT18062713yn,6,216010,,1,346,0,0,0,0,3.46
251,18062713,LOT18062713yn,6,220010,,1,346,0,0,0,0,3.46
252,18062713,LOT18062713yn,6,170010,,1,346,0,0,0,0,3.46
253,18062713,LOT18062713yn,6,194010,,1,346,0,0,0,0,3.46
254,18062713,LOT18062713yn,6,196000,,1,346,0,0,0,0,3.46
255,18062713,LOT18062713yn,6,124010,,1,346,0,0,0,0,3.46
256,18062713,LOT18062713yn,6,250000,,1,346,0,0,0,0,3.46
257,18062713,LOT18062713yn,6,124000,,1,346,0,0,0,0,3.46
258,18062713,LOT18062713yn,6,129000,,1,346,0,0,0,0,3.46
259,18062713,LOT18062713yn,6,158010,,1,346,0,0,0,0,3.46
260,18062713,LOT18062713yn,6,176010,,1,346,0,0,0,0,3.46
261,18062713,LOT18062713yn,6,274000,,1,346,0,0,0,0,3.46
262,18062713,LOT18062713yn,6,165010,,1,346,0,0,0,0,3.46
263,18062713,LOT18062713yn,6,178010,,1,346,0,0,0,0,3.46
264,18062713,LOT18062713yn,6,181000,,1,346,0,0,0,0,3.46
265,18062713,LOT18062713yn,6,180000,,1,346,0,0,0,0,3.46
266,18062714,LOT18062714yn,6,221010,,1,77,1,0,1,0,0.77
267,18062714,LOT18062714yn,6,647000,,1,77,1,0,1,0,0.77
268,18062714,LOT18062714yn,6,152900,,1,4,0,0,0,0,0.04
269,18062714,LOT18062714yn,6,159900,,1,4,0,0,0,0,0.04
270,18062714,LOT18062714yn,6,536000,,1,4,0,0,0,0,0.04
271,18062714,LOT18062714yn,6,779000,,1,4,0,0,0,0,0.04
272,18062714,LOT18062714yn,6,109010,,1,4,0,0,0,0,0.04
273,18062714,LOT18062714yn,6,117010,,1,4,0,0,0,0,0.04
274,18062714,LOT18062714yn,6,209000,,1,4,0,0,0,0,0.04
275,18062714,LOT18062714yn,6,210010,,1,4,0,0,0,0,0.04
276,18062714,LOT18062714yn,6,360000,,1,4,0,0,0,0,0.04
277,18062714,LOT18062714yn,6,146010,,1,4,0,0,0,0,0.04
278,18062714,LOT18062714yn,6,214000,,1,38,0,0,1,0,0.38
279,18062714,LOT18062714yn,6,221000,,1,38,0,0,1,0,0.38
280,18062714,LOT18062714yn,6,193000,,1,4,0,0,0,0,0.04
281,18062714,LOT18062714yn,6,196010,,1,4,0,0,0,0,0.04
282,18062714,LOT18062714yn,6,166000,,1,4,0,0,0,0,0.04
283,18062714,LOT18062714yn,6,166010,,1,4,0,0,0,0,0.04
284,18062714,LOT18062714yn,6,133000,,1,4,0,0,0,0,0.04
285,18062714,LOT18062714yn,6,163010,,1,4,0,0,0,0,0.04
286,18062714,LOT18062714yn,6,181010,,1,4,0,0,0,0,0.04
287,18062714,LOT18062714yn,6,173010,,1,4,0,0,0,0,0.04
288,18062714,LOT18062714yn,6,645000,,1,333,1,0,1,0,3.33
289,18062714,LOT18062714yn,6,324000,,1,333,1,0,1,0,3.33
290,18062714,LOT18062714yn,6,698000,,1,17,0,0,0,0,0.17
291,18062714,LOT18062714yn,6,699000,,1,17,0,0,0,0,0.17
292,18062714,LOT18062714yn,6,249000,,1,17,0,0,0,0,0.17
293,18062714,LOT18062714yn,6,587000,,1,17,0,0,0,0,0.17
294,18062714,LOT18062714yn,6,112000,,1,17,0,0,0,0,0.17
295,18062714,LOT18062714yn,6,122010,,1,17,0,0,0,0,0.17
296,18062714,LOT18062714yn,6,238000,,1,17,0,0,0,0,0.17
297,18062714,LOT18062714yn,6,185010,,1,17,0,0,0,0,0.17
298,18062714,LOT18062714yn,6,198010,,1,17,0,0,0,0,0.17
299,18062714,LOT18062714yn,6,204010,,1,17,0,0,0,0,0.17
300,18062714,LOT18062714yn,6,204000,,1,17,0,0,0,0,0.17
301,18062714,LOT18062714yn,6,777000,,1,17,0,0,0,0,0.17
302,18062714,LOT18062714yn,6,141010,,1,17,0,0,0,0,0.17
303,18062714,LOT18062714yn,6,148000,,1,17,0,0,0,0,0.17
304,18062714,LOT18062714yn,6,190020,,1,17,0,0,0,0,0.17
305,18062714,LOT18062714yn,6,265000,,1,17,0,0,0,0,0.17
306,18062714,LOT18062714yn,6,216010,,1,167,0,0,1,0,1.67
307,18062714,LOT18062714yn,6,220010,,1,167,0,0,1,0,1.67
308,18062714,LOT18062714yn,6,170010,,1,17,0,0,0,0,0.17
309,18062714,LOT18062714yn,6,194010,,1,17,0,0,0,0,0.17
310,18062714,LOT18062714yn,6,196000,,1,17,0,0,0,0,0.17
311,18062714,LOT18062714yn,6,124010,,1,17,0,0,0,0,0.17
312,18062714,LOT18062714yn,6,250000,,1,17,0,0,0,0,0.17
313,18062714,LOT18062714yn,6,124000,,1,17,0,0,0,0,0.17
314,18062714,LOT18062714yn,6,129000,,1,17,0,0,0,0,0.17
315,18062714,LOT18062714yn,6,158010,,1,17,0,0,0,0,0.17
316,18062714,LOT18062714yn,6,176010,,1,17,0,0,0,0,0.17
317,18062714,LOT18062714yn,6,274000,,1,17,0,0,0,0,0.17
318,18062714,LOT18062714yn,6,165010,,1,17,0,0,0,0,0.17
319,18062714,LOT18062714yn,6,178010,,1,17,0,0,0,0,0.17
320,18062714,LOT18062714yn,6,181000,,1,17,0,0,0,0,0.17
321,18062714,LOT18062714yn,6,180000,,1,17,0,0,0,0,0.17
322,18062714,LOT18062714yn,6,102010,,1,124,0,0,0,0,1.24
323,18062714,LOT18062714yn,6,107010,,1,124,0,0,0,0,1.24
324,18062714,LOT18062714yn,6,113010,,1,124,0,0,0,0,1.24
325,18062714,LOT18062714yn,6,116010,,1,124,0,0,0,0,1.24
326,18062714,LOT18062714yn,6,122000,,1,124,0,0,0,0,1.24
327,18062714,LOT18062714yn,6,236000,,1,124,0,0,0,0,1.24
328,18062714,LOT18062714yn,6,114000,,1,124,0,0,0,0,1.24
329,18062714,LOT18062714yn,6,206010,,1,124,0,0,0,0,1.24
330,18062714,LOT18062714yn,6,183010,,1,124,0,0,0,0,1.24
331,18062714,LOT18062714yn,6,207020,,1,124,0,0,0,0,1.24
332,18062714,LOT18062714yn,6,263000,,1,124,0,0,0,0,1.24
333,18062714,LOT18062714yn,6,299000,,1,124,0,0,0,0,1.24
334,18062714,LOT18062714yn,6,301000,,1,124,0,0,0,0,1.24
335,18062714,LOT18062714yn,6,136000,,1,124,0,0,0,0,1.24
336,18062714,LOT18062714yn,6,136010,,1,124,0,0,0,0,1.24
337,18062714,LOT18062714yn,6,141000,,1,124,0,0,0,0,1.24
338,18062714,LOT18062714yn,6,145000,,1,124,0,0,0,0,1.24
339,18062714,LOT18062714yn,6,190000,,1,124,0,0,0,0,1.24
340,18062714,LOT18062714yn,6,216000,,1,621,0,0,1,0,6.21
341,18062714,LOT18062714yn,6,217010,,1,621,0,0,1,0,6.21
342,18062714,LOT18062714yn,6,218010,,1,621,0,0,1,0,6.21
343,18062714,LOT18062714yn,6,220000,,1,621,0,0,1,0,6.21
344,18062714,LOT18062714yn,6,220020,,1,621,0,0,1,0,6.21
345,18062714,LOT18062714yn,6,161010,,1,621,0,0,1,0,6.21
346,18062714,LOT18062714yn,6,604000,,1,124,0,0,0,0,1.24
347,18062714,LOT18062714yn,6,195010,,1,124,0,0,0,0,1.24
348,18062714,LOT18062714yn,6,200000,,1,124,0,0,0,0,1.24
349,18062714,LOT18062714yn,6,374000,,1,124,0,0,0,0,1.24
350,18062714,LOT18062714yn,6,310000,,1,124,0,0,0,0,1.24
351,18062714,LOT18062714yn,6,119010,,1,124,0,0,0,0,1.24
352,18062714,LOT18062714yn,6,126000,,1,124,0,0,0,0,1.24
353,18062714,LOT18062714yn,6,131020,,1,124,0,0,0,0,1.24
354,18062714,LOT18062714yn,6,132000,,1,124,0,0,0,0,1.24
355,18062714,LOT18062714yn,6,176000,,1,124,0,0,0,0,1.24
356,18062714,LOT18062714yn,6,774000,,1,124,0,0,0,0,1.24
357,18062714,LOT18062714yn,6,150010,,1,124,0,0,0,0,1.24
358,18062714,LOT18062714yn,6,139010,,1,124,0,0,0,0,1.24
359,18062714,LOT18062714yn,6,167010,,1,124,0,0,0,0,1.24
360,18062714,LOT18062714yn,6,168000,,1,124,0,0,0,0,1.24
361,18062714,LOT18062714yn,6,284000,,1,124,0,0,0,0,1.24
362,18062714,LOT18062714yn,6,373000,,1,124,0,0,0,0,1.24
363,18062714,LOT18062714yn,6,583000,,1,124,0,0,0,0,1.24
364,18062715,LOT18062715yn,6,221010,,1,77,1,0,1,0,0.77
365,18062715,LOT18062715yn,6,647000,,1,77,1,0,1,0,0.77
366,18062715,LOT18062715yn,6,152900,,1,4,0,0,0,0,0.04
367,18062715,LOT18062715yn,6,159900,,1,4,0,0,0,0,0.04
368,18062715,LOT18062715yn,6,536000,,1,4,0,0,0,0,0.04
369,18062715,LOT18062715yn,6,779000,,1,4,0,0,0,0,0.04
370,18062715,LOT18062715yn,6,109010,,1,4,0,0,0,0,0.04
371,18062715,LOT18062715yn,6,117010,,1,4,0,0,0,0,0.04
372,18062715,LOT18062715yn,6,209000,,1,4,0,0,0,0,0.04
373,18062715,LOT18062715yn,6,210010,,1,4,0,0,0,0,0.04
374,18062715,LOT18062715yn,6,360000,,1,4,0,0,0,0,0.04
375,18062715,LOT18062715yn,6,146010,,1,4,0,0,0,0,0.04
376,18062715,LOT18062715yn,6,214000,,1,38,0,0,1,0,0.38
377,18062715,LOT18062715yn,6,221000,,1,38,0,0,1,0,0.38
378,18062715,LOT18062715yn,6,193000,,1,4,0,0,0,0,0.04
379,18062715,LOT18062715yn,6,196010,,1,4,0,0,0,0,0.04
380,18062715,LOT18062715yn,6,166000,,1,4,0,0,0,0,0.04
381,18062715,LOT18062715yn,6,166010,,1,4,0,0,0,0,0.04
382,18062715,LOT18062715yn,6,133000,,1,4,0,0,0,0,0.04
383,18062715,LOT18062715yn,6,163010,,1,4,0,0,0,0,0.04
384,18062715,LOT18062715yn,6,181010,,1,4,0,0,0,0,0.04
385,18062715,LOT18062715yn,6,173010,,1,4,0,0,0,0,0.04
386,18062715,LOT18062715yn,6,645000,,1,2156,1,0,1,0,21.56
387,18062715,LOT18062715yn,6,324000,,1,2156,1,0,1,0,21.56
388,18062715,LOT18062715yn,6,698000,,1,108,0,0,0,0,1.08
389,18062715,LOT18062715yn,6,699000,,1,108,0,0,0,0,1.08
390,18062715,LOT18062715yn,6,249000,,1,108,0,0,0,0,1.08
391,18062715,LOT18062715yn,6,587000,,1,108,0,0,0,0,1.08
392,18062715,LOT18062715yn,6,112000,,1,108,0,0,0,0,1.08
393,18062715,LOT18062715yn,6,122010,,1,108,0,0,0,0,1.08
394,18062715,LOT18062715yn,6,238000,,1,108,0,0,0,0,1.08
395,18062715,LOT18062715yn,6,185010,,1,108,0,0,0,0,1.08
396,18062715,LOT18062715yn,6,198010,,1,108,0,0,0,0,1.08
397,18062715,LOT18062715yn,6,204010,,1,108,0,0,0,0,1.08
398,18062715,LOT18062715yn,6,204000,,1,108,0,0,0,0,1.08
399,18062715,LOT18062715yn,6,777000,,1,108,0,0,0,0,1.08
400,18062715,LOT18062715yn,6,141010,,1,108,0,0,0,0,1.08
401,18062715,LOT18062715yn,6,148000,,1,108,0,0,0,0,1.08
402,18062715,LOT18062715yn,6,190020,,1,108,0,0,0,0,1.08
403,18062715,LOT18062715yn,6,265000,,1,108,0,0,0,0,1.08
404,18062715,LOT18062715yn,6,216010,,1,1078,0,0,1,0,10.78
405,18062715,LOT18062715yn,6,220010,,1,1078,0,0,1,0,10.78
406,18062715,LOT18062715yn,6,170010,,1,108,0,0,0,0,1.08
407,18062715,LOT18062715yn,6,194010,,1,108,0,0,0,0,1.08
408,18062715,LOT18062715yn,6,196000,,1,108,0,0,0,0,1.08
409,18062715,LOT18062715yn,6,124010,,1,108,0,0,0,0,1.08
410,18062715,LOT18062715yn,6,250000,,1,108,0,0,0,0,1.08
411,18062715,LOT18062715yn,6,124000,,1,108,0,0,0,0,1.08
412,18062715,LOT18062715yn,6,129000,,1,108,0,0,0,0,1.08
413,18062715,LOT18062715yn,6,158010,,1,108,0,0,0,0,1.08
414,18062715,LOT18062715yn,6,176010,,1,108,0,0,0,0,1.08
415,18062715,LOT18062715yn,6,274000,,1,108,0,0,0,0,1.08
416,18062715,LOT18062715yn,6,165010,,1,108,0,0,0,0,1.08
417,18062715,LOT18062715yn,6,178010,,1,108,0,0,0,0,1.08
418,18062715,LOT18062715yn,6,181000,,1,108,0,0,0,0,1.08
419,18062715,LOT18062715yn,6,180000,,1,108,0,0,0,0,1.08
420,18062716,LOT18062716ps,6,152900,,1,100,1,0,1,0,1
421,18062716,LOT18062716ps,6,159900,,1,100,1,0,1,0,1
422,18062716,LOT18062716ps,6,221010,,1,5,0,0,0,0,0.05
423,18062716,LOT18062716ps,6,647000,,1,5,0,0,0,0,0.05
424,18062716,LOT18062716ps,6,536000,,1,5,0,0,0,0,0.05
425,18062716,LOT18062716ps,6,779000,,1,5,0,0,0,0,0.05
426,18062716,LOT18062716ps,6,109010,,1,5,0,0,0,0,0.05
427,18062716,LOT18062716ps,6,117010,,1,5,0,0,0,0,0.05
428,18062716,LOT18062716ps,6,209000,,1,5,0,0,0,0,0.05
429,18062716,LOT18062716ps,6,210010,,1,5,0,0,0,0,0.05
430,18062716,LOT18062716ps,6,360000,,1,5,0,0,0,0,0.05
431,18062716,LOT18062716ps,6,146010,,1,5,0,0,0,0,0.05
432,18062716,LOT18062716ps,6,214000,,1,5,0,0,0,0,0.05
433,18062716,LOT18062716ps,6,221000,,1,5,0,0,0,0,0.05
434,18062716,LOT18062716ps,6,193000,,1,5,0,0,0,0,0.05
435,18062716,LOT18062716ps,6,196010,,1,5,0,0,0,0,0.05
436,18062716,LOT18062716ps,6,166000,,1,5,0,0,0,0,0.05
437,18062716,LOT18062716ps,6,166010,,1,5,0,0,0,0,0.05
438,18062716,LOT18062716ps,6,133000,,1,5,0,0,0,0,0.05
439,18062716,LOT18062716ps,6,163010,,1,5,0,0,0,0,0.05
440,18062716,LOT18062716ps,6,181010,,1,5,0,0,0,0,0.05
441,18062716,LOT18062716ps,6,173010,,1,5,0,0,0,0,0.05
442,18062716,LOT18062716ps,6,698000,,1,417,1,0,1,0,4.17
443,18062716,LOT18062716ps,6,699000,,1,417,1,0,1,0,4.17
444,18062716,LOT18062716ps,6,645000,,1,21,0,0,0,0,0.21
445,18062716,LOT18062716ps,6,324000,,1,21,0,0,0,0,0.21
446,18062716,LOT18062716ps,6,249000,,1,21,0,0,0,0,0.21
447,18062716,LOT18062716ps,6,587000,,1,21,0,0,0,0,0.21
448,18062716,LOT18062716ps,6,112000,,1,21,0,0,0,0,0.21
449,18062716,LOT18062716ps,6,122010,,1,21,0,0,0,0,0.21
450,18062716,LOT18062716ps,6,238000,,1,21,0,0,0,0,0.21
451,18062716,LOT18062716ps,6,185010,,1,21,0,0,0,0,0.21
452,18062716,LOT18062716ps,6,198010,,1,21,0,0,0,0,0.21
453,18062716,LOT18062716ps,6,204010,,1,21,0,0,0,0,0.21
454,18062716,LOT18062716ps,6,204000,,1,21,0,0,0,0,0.21
455,18062716,LOT18062716ps,6,777000,,1,21,0,0,0,0,0.21
456,18062716,LOT18062716ps,6,141010,,1,21,0,0,0,0,0.21
457,18062716,LOT18062716ps,6,148000,,1,21,0,0,0,0,0.21
458,18062716,LOT18062716ps,6,190020,,1,21,0,0,0,0,0.21
459,18062716,LOT18062716ps,6,265000,,1,21,0,0,0,0,0.21
460,18062716,LOT18062716ps,6,216010,,1,21,0,0,0,0,0.21
461,18062716,LOT18062716ps,6,220010,,1,21,0,0,0,0,0.21
462,18062716,LOT18062716ps,6,170010,,1,21,0,0,0,0,0.21
463,18062716,LOT18062716ps,6,194010,,1,21,0,0,0,0,0.21
464,18062716,LOT18062716ps,6,196000,,1,21,0,0,0,0,0.21
465,18062716,LOT18062716ps,6,124010,,1,21,0,0,0,0,0.21
466,18062716,LOT18062716ps,6,250000,,1,21,0,0,0,0,0.21
467,18062716,LOT18062716ps,6,124000,,1,21,0,0,0,0,0.21
468,18062716,LOT18062716ps,6,129000,,1,21,0,0,0,0,0.21
469,18062716,LOT18062716ps,6,158010,,1,21,0,0,0,0,0.21
470,18062716,LOT18062716ps,6,176010,,1,21,0,0,0,0,0.21
471,18062716,LOT18062716ps,6,274000,,1,21,0,0,0,0,0.21
472,18062716,LOT18062716ps,6,165010,,1,21,0,0,0,0,0.21
473,18062716,LOT18062716ps,6,178010,,1,21,0,0,0,0,0.21
474,18062716,LOT18062716ps,6,181000,,1,21,0,0,0,0,0.21
475,18062716,LOT18062716ps,6,180000,,1,21,0,0,0,0,0.21
476,18062716,LOT18062716ps,6,102010,,1,195,0,0,0,0,1.95
477,18062716,LOT18062716ps,6,107010,,1,195,0,0,0,0,1.95
478,18062716,LOT18062716ps,6,113010,,1,195,0,0,0,0,1.95
479,18062716,LOT18062716ps,6,116010,,1,195,0,0,0,0,1.95
480,18062716,LOT18062716ps,6,122000,,1,195,0,0,0,0,1.95
481,18062716,LOT18062716ps,6,236000,,1,195,0,0,0,0,1.95
482,18062716,LOT18062716ps,6,114000,,1,195,0,0,0,0,1.95
483,18062716,LOT18062716ps,6,206010,,1,195,0,0,0,0,1.95
484,18062716,LOT18062716ps,6,183010,,1,195,0,0,0,0,1.95
485,18062716,LOT18062716ps,6,207020,,1,195,0,0,0,0,1.95
486,18062716,LOT18062716ps,6,263000,,1,195,0,0,0,0,1.95
487,18062716,LOT18062716ps,6,299000,,1,195,0,0,0,0,1.95
488,18062716,LOT18062716ps,6,301000,,1,195,0,0,0,0,1.95
489,18062716,LOT18062716ps,6,136000,,1,195,0,0,0,0,1.95
490,18062716,LOT18062716ps,6,136010,,1,195,0,0,0,0,1.95
491,18062716,LOT18062716ps,6,141000,,1,195,0,0,0,0,1.95
492,18062716,LOT18062716ps,6,145000,,1,195,0,0,0,0,1.95
493,18062716,LOT18062716ps,6,190000,,1,195,0,0,0,0,1.95
494,18062716,LOT18062716ps,6,216000,,1,195,0,0,0,0,1.95
495,18062716,LOT18062716ps,6,217010,,1,195,0,0,0,0,1.95
496,18062716,LOT18062716ps,6,218010,,1,195,0,0,0,0,1.95
497,18062716,LOT18062716ps,6,220000,,1,195,0,0,0,0,1.95
498,18062716,LOT18062716ps,6,220020,,1,195,0,0,0,0,1.95
499,18062716,LOT18062716ps,6,161010,,1,195,0,0,0,0,1.95
500,18062716,LOT18062716ps,6,604000,,1,195,0,0,0,0,1.95
501,18062716,LOT18062716ps,6,195010,,1,195,0,0,0,0,1.95
502,18062716,LOT18062716ps,6,200000,,1,195,0,0,0,0,1.95
503,18062716,LOT18062716ps,6,374000,,1,195,0,0,0,0,1.95
504,18062716,LOT18062716ps,6,310000,,1,195,0,0,0,0,1.95
505,18062716,LOT18062716ps,6,119010,,1,195,0,0,0,0,1.95
506,18062716,LOT18062716ps,6,126000,,1,195,0,0,0,0,1.95
507,18062716,LOT18062716ps,6,131020,,1,195,0,0,0,0,1.95
508,18062716,LOT18062716ps,6,132000,,1,195,0,0,0,0,1.95
509,18062716,LOT18062716ps,6,176000,,1,195,0,0,0,0,1.95
510,18062716,LOT18062716ps,6,774000,,1,195,0,0,0,0,1.95
511,18062716,LOT18062716ps,6,150010,,1,195,0,0,0,0,1.95
512,18062716,LOT18062716ps,6,139010,,1,195,0,0,0,0,1.95
513,18062716,LOT18062716ps,6,167010,,1,195,0,0,0,0,1.95
514,18062716,LOT18062716ps,6,168000,,1,195,0,0,0,0,1.95
515,18062716,LOT18062716ps,6,284000,,1,195,0,0,0,0,1.95
516,18062716,LOT18062716ps,6,373000,,1,195,0,0,0,0,1.95
517,18062716,LOT18062716ps,6,583000,,1,195,0,0,0,0,1.95
518,18062717,LOT18062717ps,6,152900,,1,100,1,0,1,0,1
519,18062717,LOT18062717ps,6,159900,,1,100,1,0,1,0,1
520,18062717,LOT18062717ps,6,221010,,1,5,0,0,0,0,0.05
521,18062717,LOT18062717ps,6,647000,,1,5,0,0,0,0,0.05
522,18062717,LOT18062717ps,6,536000,,1,5,0,0,0,0,0.05
523,18062717,LOT18062717ps,6,779000,,1,5,0,0,0,0,0.05
524,18062717,LOT18062717ps,6,109010,,1,5,0,0,0,0,0.05
525,18062717,LOT18062717ps,6,117010,,1,5,0,0,0,0,0.05
526,18062717,LOT18062717ps,6,209000,,1,5,0,0,0,0,0.05
527,18062717,LOT18062717ps,6,210010,,1,5,0,0,0,0,0.05
528,18062717,LOT18062717ps,6,360000,,1,5,0,0,0,0,0.05
529,18062717,LOT18062717ps,6,146010,,1,5,0,0,0,0,0.05
530,18062717,LOT18062717ps,6,214000,,1,5,0,0,0,0,0.05
531,18062717,LOT18062717ps,6,221000,,1,5,0,0,0,0,0.05
532,18062717,LOT18062717ps,6,193000,,1,5,0,0,0,0,0.05
533,18062717,LOT18062717ps,6,196010,,1,5,0,0,0,0,0.05
534,18062717,LOT18062717ps,6,166000,,1,5,0,0,0,0,0.05
535,18062717,LOT18062717ps,6,166010,,1,5,0,0,0,0,0.05
536,18062717,LOT18062717ps,6,133000,,1,5,0,0,0,0,0.05
537,18062717,LOT18062717ps,6,163010,,1,5,0,0,0,0,0.05
538,18062717,LOT18062717ps,6,181010,,1,5,0,0,0,0,0.05
539,18062717,LOT18062717ps,6,173010,,1,5,0,0,0,0,0.05
540,18062717,LOT18062717ps,6,698000,,1,417,1,0,1,0,4.17
541,18062717,LOT18062717ps,6,699000,,1,417,1,0,1,0,4.17
542,18062717,LOT18062717ps,6,645000,,1,21,0,0,0,0,0.21
543,18062717,LOT18062717ps,6,324000,,1,21,0,0,0,0,0.21
544,18062717,LOT18062717ps,6,249000,,1,21,0,0,0,0,0.21
545,18062717,LOT18062717ps,6,587000,,1,21,0,0,0,0,0.21
546,18062717,LOT18062717ps,6,112000,,1,21,0,0,0,0,0.21
547,18062717,LOT18062717ps,6,122010,,1,21,0,0,0,0,0.21
548,18062717,LOT18062717ps,6,238000,,1,21,0,0,0,0,0.21
549,18062717,LOT18062717ps,6,185010,,1,21,0,0,0,0,0.21
550,18062717,LOT18062717ps,6,198010,,1,21,0,0,0,0,0.21
551,18062717,LOT18062717ps,6,204010,,1,21,0,0,0,0,0.21
552,18062717,LOT18062717ps,6,204000,,1,21,0,0,0,0,0.21
553,18062717,LOT18062717ps,6,777000,,1,21,0,0,0,0,0.21
554,18062717,LOT18062717ps,6,141010,,1,21,0,0,0,0,0.21
555,18062717,LOT18062717ps,6,148000,,1,21,0,0,0,0,0.21
556,18062717,LOT18062717ps,6,190020,,1,21,0,0,0,0,0.21
557,18062717,LOT18062717ps,6,265000,,1,21,0,0,0,0,0.21
558,18062717,LOT18062717ps,6,216010,,1,21,0,0,0,0,0.21
559,18062717,LOT18062717ps,6,220010,,1,21,0,0,0,0,0.21
560,18062717,LOT18062717ps,6,170010,,1,21,0,0,0,0,0.21
561,18062717,LOT18062717ps,6,194010,,1,21,0,0,0,0,0.21
562,18062717,LOT18062717ps,6,196000,,1,21,0,0,0,0,0.21
563,18062717,LOT18062717ps,6,124010,,1,21,0,0,0,0,0.21
564,18062717,LOT18062717ps,6,250000,,1,21,0,0,0,0,0.21
565,18062717,LOT18062717ps,6,124000,,1,21,0,0,0,0,0.21
566,18062717,LOT18062717ps,6,129000,,1,21,0,0,0,0,0.21
567,18062717,LOT18062717ps,6,158010,,1,21,0,0,0,0,0.21
568,18062717,LOT18062717ps,6,176010,,1,21,0,0,0,0,0.21
569,18062717,LOT18062717ps,6,274000,,1,21,0,0,0,0,0.21
570,18062717,LOT18062717ps,6,165010,,1,21,0,0,0,0,0.21
571,18062717,LOT18062717ps,6,178010,,1,21,0,0,0,0,0.21
572,18062717,LOT18062717ps,6,181000,,1,21,0,0,0,0,0.21
573,18062717,LOT18062717ps,6,180000,,1,21,0,0,0,0,0.21
574,18062718,LOT18062718pb,6,536000,,1,100,1,0,1,0,1
575,18062718,LOT18062718pb,6,779000,,1,100,1,0,1,0,1
576,18062718,LOT18062718pb,6,152900,,1,5,0,0,0,0,0.05
577,18062718,LOT18062718pb,6,159900,,1,5,0,0,0,0,0.05
578,18062718,LOT18062718pb,6,221010,,1,5,0,0,0,0,0.05
579,18062718,LOT18062718pb,6,647000,,1,5,0,0,0,0,0.05
580,18062718,LOT18062718pb,6,109010,,1,5,0,0,0,0,0.05
581,18062718,LOT18062718pb,6,117010,,1,5,0,0,0,0,0.05
582,18062718,LOT18062718pb,6,209000,,1,5,0,0,0,0,0.05
583,18062718,LOT18062718pb,6,210010,,1,5,0,0,0,0,0.05
584,18062718,LOT18062718pb,6,360000,,1,5,0,0,0,0,0.05
585,18062718,LOT18062718pb,6,146010,,1,5,0,0,0,0,0.05
586,18062718,LOT18062718pb,6,214000,,1,5,0,0,0,0,0.05
587,18062718,LOT18062718pb,6,221000,,1,5,0,0,0,0,0.05
588,18062718,LOT18062718pb,6,193000,,1,5,0,0,0,0,0.05
589,18062718,LOT18062718pb,6,196010,,1,5,0,0,0,0,0.05
590,18062718,LOT18062718pb,6,166000,,1,5,0,0,0,0,0.05
591,18062718,LOT18062718pb,6,166010,,1,5,0,0,0,0,0.05
592,18062718,LOT18062718pb,6,133000,,1,5,0,0,0,0,0.05
593,18062718,LOT18062718pb,6,163010,,1,5,0,0,0,0,0.05
594,18062718,LOT18062718pb,6,181010,,1,5,0,0,0,0,0.05
595,18062718,LOT18062718pb,6,173010,,1,5,0,0,0,0,0.05
596,18062718,LOT18062718pb,6,249000,,1,417,1,0,1,0,4.17
597,18062718,LOT18062718pb,6,587000,,1,417,1,0,1,0,4.17
598,18062718,LOT18062718pb,6,698000,,1,21,0,0,0,0,0.21
599,18062718,LOT18062718pb,6,699000,,1,21,0,0,0,0,0.21
600,18062718,LOT18062718pb,6,645000,,1,21,0,0,0,0,0.21
601,18062718,LOT18062718pb,6,324000,,1,21,0,0,0,0,0.21
602,18062718,LOT18062718pb,6,112000,,1,21,0,0,0,0,0.21
603,18062718,LOT18062718pb,6,122010,,1,21,0,0,0,0,0.21
604,18062718,LOT18062718pb,6,238000,,1,21,0,0,0,0,0.21
605,18062718,LOT18062718pb,6,185010,,1,21,0,0,0,0,0.21
606,18062718,LOT18062718pb,6,198010,,1,21,0,0,0,0,0.21
607,18062718,LOT18062718pb,6,204010,,1,21,0,0,0,0,0.21
608,18062718,LOT18062718pb,6,204000,,1,21,0,0,0,0,0.21
609,18062718,LOT18062718pb,6,777000,,1,21,0,0,0,0,0.21
610,18062718,LOT18062718pb,6,141010,,1,21,0,0,0,0,0.21
611,18062718,LOT18062718pb,6,148000,,1,21,0,0,0,0,0.21
612,18062718,LOT18062718pb,6,190020,,1,21,0,0,0,0,0.21
613,18062718,LOT18062718pb,6,265000,,1,21,0,0,0,0,0.21
614,18062718,LOT18062718pb,6,216010,,1,21,0,0,0,0,0.21
615,18062718,LOT18062718pb,6,220010,,1,21,0,0,0,0,0.21
616,18062718,LOT18062718pb,6,170010,,1,21,0,0,0,0,0.21
617,18062718,LOT18062718pb,6,194010,,1,21,0,0,0,0,0.21
618,18062718,LOT18062718pb,6,196000,,1,21,0,0,0,0,0.21
619,18062718,LOT18062718pb,6,124010,,1,21,0,0,0,0,0.21
620,18062718,LOT18062718pb,6,250000,,1,21,0,0,0,0,0.21
621,18062718,LOT18062718pb,6,124000,,1,21,0,0,0,0,0.21
622,18062718,LOT18062718pb,6,129000,,1,21,0,0,0,0,0.21
623,18062718,LOT18062718pb,6,158010,,1,21,0,0,0,0,0.21
624,18062718,LOT18062718pb,6,176010,,1,21,0,0,0,0,0.21
625,18062718,LOT18062718pb,6,274000,,1,21,0,0,0,0,0.21
626,18062718,LOT18062718pb,6,165010,,1,21,0,0,0,0,0.21
627,18062718,LOT18062718pb,6,178010,,1,21,0,0,0,0,0.21
628,18062718,LOT18062718pb,6,181000,,1,21,0,0,0,0,0.21
629,18062718,LOT18062718pb,6,180000,,1,21,0,0,0,0,0.21
630,18062718,LOT18062718pb,6,102010,,1,195,0,0,0,0,1.95
631,18062718,LOT18062718pb,6,107010,,1,195,0,0,0,0,1.95
632,18062718,LOT18062718pb,6,113010,,1,195,0,0,0,0,1.95
633,18062718,LOT18062718pb,6,116010,,1,195,0,0,0,0,1.95
634,18062718,LOT18062718pb,6,122000,,1,195,0,0,0,0,1.95
635,18062718,LOT18062718pb,6,236000,,1,195,0,0,0,0,1.95
636,18062718,LOT18062718pb,6,114000,,1,195,0,0,0,0,1.95
637,18062718,LOT18062718pb,6,206010,,1,195,0,0,0,0,1.95
638,18062718,LOT18062718pb,6,183010,,1,195,0,0,0,0,1.95
639,18062718,LOT18062718pb,6,207020,,1,195,0,0,0,0,1.95
640,18062718,LOT18062718pb,6,263000,,1,195,0,0,0,0,1.95
641,18062718,LOT18062718pb,6,299000,,1,195,0,0,0,0,1.95
642,18062718,LOT18062718pb,6,301000,,1,195,0,0,0,0,1.95
643,18062718,LOT18062718pb,6,136000,,1,195,0,0,0,0,1.95
644,18062718,LOT18062718pb,6,136010,,1,195,0,0,0,0,1.95
645,18062718,LOT18062718pb,6,141000,,1,195,0,0,0,0,1.95
646,18062718,LOT18062718pb,6,145000,,1,195,0,0,0,0,1.95
647,18062718,LOT18062718pb,6,190000,,1,195,0,0,0,0,1.95
648,18062718,LOT18062718pb,6,216000,,1,195,0,0,0,0,1.95
649,18062718,LOT18062718pb,6,217010,,1,195,0,0,0,0,1.95
650,18062718,LOT18062718pb,6,218010,,1,195,0,0,0,0,1.95
651,18062718,LOT18062718pb,6,220000,,1,195,0,0,0,0,1.95
652,18062718,LOT18062718pb,6,220020,,1,195,0,0,0,0,1.95
653,18062718,LOT18062718pb,6,161010,,1,195,0,0,0,0,1.95
654,18062718,LOT18062718pb,6,604000,,1,195,0,0,0,0,1.95
655,18062718,LOT18062718pb,6,195010,,1,195,0,0,0,0,1.95
656,18062718,LOT18062718pb,6,200000,,1,195,0,0,0,0,1.95
657,18062718,LOT18062718pb,6,374000,,1,195,0,0,0,0,1.95
658,18062718,LOT18062718pb,6,310000,,1,195,0,0,0,0,1.95
659,18062718,LOT18062718pb,6,119010,,1,195,0,0,0,0,1.95
660,18062718,LOT18062718pb,6,126000,,1,195,0,0,0,0,1.95
661,18062718,LOT18062718pb,6,131020,,1,195,0,0,0,0,1.95
662,18062718,LOT18062718pb,6,132000,,1,195,0,0,0,0,1.95
663,18062718,LOT18062718pb,6,176000,,1,195,0,0,0,0,1.95
664,18062718,LOT18062718pb,6,774000,,1,195,0,0,0,0,1.95
665,18062718,LOT18062718pb,6,150010,,1,195,0,0,0,0,1.95
666,18062718,LOT18062718pb,6,139010,,1,195,0,0,0,0,1.95
667,18062718,LOT18062718pb,6,167010,,1,195,0,0,0,0,1.95
668,18062718,LOT18062718pb,6,168000,,1,195,0,0,0,0,1.95
669,18062718,LOT18062718pb,6,284000,,1,195,0,0,0,0,1.95
670,18062718,LOT18062718pb,6,373000,,1,195,0,0,0,0,1.95
671,18062718,LOT18062718pb,6,583000,,1,195,0,0,0,0,1.95
672,18062719,LOT18062719pb,6,536000,,1,100,1,0,1,0,1
673,18062719,LOT18062719pb,6,779000,,1,100,1,0,1,0,1
674,18062719,LOT18062719pb,6,152900,,1,5,0,0,0,0,0.05
675,18062719,LOT18062719pb,6,159900,,1,5,0,0,0,0,0.05
676,18062719,LOT18062719pb,6,221010,,1,5,0,0,0,0,0.05
677,18062719,LOT18062719pb,6,647000,,1,5,0,0,0,0,0.05
678,18062719,LOT18062719pb,6,109010,,1,5,0,0,0,0,0.05
679,18062719,LOT18062719pb,6,117010,,1,5,0,0,0,0,0.05
680,18062719,LOT18062719pb,6,209000,,1,5,0,0,0,0,0.05
681,18062719,LOT18062719pb,6,210010,,1,5,0,0,0,0,0.05
682,18062719,LOT18062719pb,6,360000,,1,5,0,0,0,0,0.05
683,18062719,LOT18062719pb,6,146010,,1,5,0,0,0,0,0.05
684,18062719,LOT18062719pb,6,214000,,1,5,0,0,0,0,0.05
685,18062719,LOT18062719pb,6,221000,,1,5,0,0,0,0,0.05
686,18062719,LOT18062719pb,6,193000,,1,5,0,0,0,0,0.05
687,18062719,LOT18062719pb,6,196010,,1,5,0,0,0,0,0.05
688,18062719,LOT18062719pb,6,166000,,1,5,0,0,0,0,0.05
689,18062719,LOT18062719pb,6,166010,,1,5,0,0,0,0,0.05
690,18062719,LOT18062719pb,6,133000,,1,5,0,0,0,0,0.05
691,18062719,LOT18062719pb,6,163010,,1,5,0,0,0,0,0.05
692,18062719,LOT18062719pb,6,181010,,1,5,0,0,0,0,0.05
693,18062719,LOT18062719pb,6,173010,,1,5,0,0,0,0,0.05
694,18062719,LOT18062719pb,6,249000,,1,417,1,0,1,0,4.17
695,18062719,LOT18062719pb,6,587000,,1,417,1,0,1,0,4.17
696,18062719,LOT18062719pb,6,698000,,1,21,0,0,0,0,0.21
697,18062719,LOT18062719pb,6,699000,,1,21,0,0,0,0,0.21
698,18062719,LOT18062719pb,6,645000,,1,21,0,0,0,0,0.21
699,18062719,LOT18062719pb,6,324000,,1,21,0,0,0,0,0.21
700,18062719,LOT18062719pb,6,112000,,1,21,0,0,0,0,0.21
701,18062719,LOT18062719pb,6,122010,,1,21,0,0,0,0,0.21
702,18062719,LOT18062719pb,6,238000,,1,21,0,0,0,0,0.21
703,18062719,LOT18062719pb,6,185010,,1,21,0,0,0,0,0.21
704,18062719,LOT18062719pb,6,198010,,1,21,0,0,0,0,0.21
705,18062719,LOT18062719pb,6,204010,,1,21,0,0,0,0,0.21
706,18062719,LOT18062719pb,6,204000,,1,21,0,0,0,0,0.21
707,18062719,LOT18062719pb,6,777000,,1,21,0,0,0,0,0.21
708,18062719,LOT18062719pb,6,141010,,1,21,0,0,0,0,0.21
709,18062719,LOT18062719pb,6,148000,,1,21,0,0,0,0,0.21
710,18062719,LOT18062719pb,6,190020,,1,21,0,0,0,0,0.21
711,18062719,LOT18062719pb,6,265000,,1,21,0,0,0,0,0.21
712,18062719,LOT18062719pb,6,216010,,1,21,0,0,0,0,0.21
713,18062719,LOT18062719pb,6,220010,,1,21,0,0,0,0,0.21
714,18062719,LOT18062719pb,6,170010,,1,21,0,0,0,0,0.21
715,18062719,LOT18062719pb,6,194010,,1,21,0,0,0,0,0.21
716,18062719,LOT18062719pb,6,196000,,1,21,0,0,0,0,0.21
717,18062719,LOT18062719pb,6,124010,,1,21,0,0,0,0,0.21
718,18062719,LOT18062719pb,6,250000,,1,21,0,0,0,0,0.21
719,18062719,LOT18062719pb,6,124000,,1,21,0,0,0,0,0.21
720,18062719,LOT18062719pb,6,129000,,1,21,0,0,0,0,0.21
721,18062719,LOT18062719pb,6,158010,,1,21,0,0,0,0,0.21
722,18062719,LOT18062719pb,6,176010,,1,21,0,0,0,0,0.21
723,18062719,LOT18062719pb,6,274000,,1,21,0,0,0,0,0.21
724,18062719,LOT18062719pb,6,165010,,1,21,0,0,0,0,0.21
725,18062719,LOT18062719pb,6,178010,,1,21,0,0,0,0,0.21
726,18062719,LOT18062719pb,6,181000,,1,21,0,0,0,0,0.21
727,18062719,LOT18062719pb,6,180000,,1,21,0,0,0,0,0.21
