id,monster_id,skill_type,skill_id1,skill_lv1,skill_id2,skill_lv2,skill_id3,skill_lv3,skill_id4,skill_lv4
1,1000,3,19,1,0,0,0,0,0,0
2,1800,0,0,0,0,0,0,0,0,0
3,101000,0,0,0,0,0,0,0,0,0
4,102000,0,0,0,0,0,0,0,0,0
5,102010,2,23,1,0,0,0,0,0,0
6,103000,0,0,0,0,0,0,0,0,0
7,104000,0,0,0,0,0,0,0,0,0
8,104010,0,0,0,0,0,0,0,0,0
9,105000,0,0,0,0,0,0,0,0,0
10,105010,0,0,0,0,0,0,0,0,0
11,106000,0,0,0,0,0,0,0,0,0
12,107000,0,0,0,0,0,0,0,0,0
13,107010,2,23,1,0,0,0,0,0,0
14,108000,0,0,0,0,0,0,0,0,0
15,109000,0,0,0,0,0,0,0,0,0
16,109010,2,22,1,29,2,0,0,0,0
17,110000,0,0,0,0,0,0,0,0,0
18,111000,0,0,0,0,0,0,0,0,0
19,112000,2,23,1,27,1,0,0,0,0
20,112010,2,22,1,27,2,20007,2,19,1
21,113000,0,0,0,0,0,0,0,0,0
22,113010,2,23,1,0,0,0,0,0,0
23,113020,2,23,1,27,1,0,0,0,0
24,114000,2,23,1,0,0,0,0,0,0
25,115000,0,0,0,0,0,0,0,0,0
26,115010,2,22,1,27,2,0,0,0,0
27,116000,0,0,0,0,0,0,0,0,0
28,116010,2,23,1,0,0,0,0,0,0
29,117000,0,0,0,0,0,0,0,0,0
30,117010,1,22,2,82,1,0,0,0,0
31,117010,2,22,1,29,2,0,0,0,0
32,118000,0,0,0,0,0,0,0,0,0
33,118010,0,0,0,0,0,0,0,0,0
34,119000,0,0,0,0,0,0,0,0,0
35,119010,2,25,1,0,0,0,0,0,0
36,120000,0,0,0,0,0,0,0,0,0
37,120010,0,0,0,0,0,0,0,0,0
38,121000,0,0,0,0,0,0,0,0,0
39,121010,0,0,0,0,0,0,0,0,0
40,122000,2,23,1,0,0,0,0,0,0
41,122010,2,23,1,29,1,0,0,0,0
42,123000,0,0,0,0,0,0,0,0,0
43,124000,2,25,1,29,1,0,0,0,0
44,124010,2,25,1,2,2,0,0,0,0
45,125000,0,0,0,0,0,0,0,0,0
46,125010,0,0,0,0,0,0,0,0,0
47,126000,2,25,1,0,0,0,0,0,0
48,127000,0,0,0,0,0,0,0,0,0
49,127010,0,0,0,0,0,0,0,0,0
50,128000,0,0,0,0,0,0,0,0,0
51,129000,2,25,1,79,2,0,0,0,0
52,129010,0,0,0,0,0,0,0,0,0
53,130000,0,0,0,0,0,0,0,0,0
54,130010,0,0,0,0,0,0,0,0,0
55,131000,0,0,0,0,0,0,0,0,0
56,131010,0,0,0,0,0,0,0,0,0
57,131020,2,25,1,0,0,0,0,0,0
58,132000,2,27,1,0,0,0,0,0,0
59,133000,2,24,1,29,2,0,0,0,0
60,133010,2,24,1,29,2,0,0,0,0
61,133800,2,28,1,25,2,27,2,19,1
62,134000,2,24,1,79,3,0,0,0,0
63,134010,2,24,1,52,2,0,0,0,0
64,134020,2,24,2,27,2,80,1,19,1
65,135000,0,0,0,0,0,0,0,0,0
66,136000,2,23,1,0,0,0,0,0,0
67,136010,2,23,1,0,0,0,0,0,0
68,137000,0,0,0,0,0,0,0,0,0
69,137010,0,0,0,0,0,0,0,0,0
70,138000,0,0,0,0,0,0,0,0,0
71,139000,0,0,0,0,0,0,0,0,0
72,139010,2,29,1,0,0,0,0,0,0
73,140000,0,0,0,0,0,0,0,0,0
74,141000,2,27,1,0,0,0,0,0,0
75,141010,2,27,1,25,1,0,0,0,0
76,142000,0,0,0,0,0,0,0,0,0
77,142010,0,0,0,0,0,0,0,0,0
78,143000,0,0,0,0,0,0,0,0,0
79,144000,0,0,0,0,0,0,0,0,0
80,144010,2,27,1,0,0,0,0,0,0
81,145000,2,27,1,0,0,0,0,0,0
82,146000,0,0,0,0,0,0,0,0,0
83,146010,2,26,1,23,2,0,0,0,0
84,147000,1,1,1,0,0,0,0,0,0
85,147000,2,1,1,0,0,0,0,0,0
86,147010,0,0,0,0,0,0,0,0,0
87,147020,0,0,0,0,0,0,0,0,0
88,147030,2,26,1,23,2,25,2,19,1
89,148000,1,9,1,0,0,0,0,0,0
90,148000,2,27,1,9,1,0,0,0,0
91,148010,2,26,1,25,2,20007,2,19,1
92,149000,0,0,0,0,0,0,0,0,0
93,150000,0,0,0,0,0,0,0,0,0
94,150010,2,23,1,0,0,0,0,0,0
95,151000,0,0,0,0,0,0,0,0,0
96,151010,0,0,0,0,0,0,0,0,0
97,151020,0,0,0,0,0,0,0,0,0
98,152000,0,0,0,0,0,0,0,0,0
99,152900,2,22,1,27,2,0,0,0,0
100,153000,2,29,1,0,0,0,0,0,0
101,154000,2,29,1,0,0,0,0,0,0
102,155000,1,22,1,0,0,0,0,0,0
103,155000,2,22,1,0,0,0,0,0,0
104,155010,2,26,1,29,2,0,0,0,0
105,156000,1,8,1,0,0,0,0,0,0
106,156010,1,10,1,0,0,0,0,0,0
107,156020,1,51,1,0,0,0,0,0,0
108,156030,1,22,1,0,0,0,0,0,0
109,156040,1,26,1,0,0,0,0,0,0
110,157000,0,0,0,0,0,0,0,0,0
111,158000,0,0,0,0,0,0,0,0,0
112,158010,2,25,1,29,1,0,0,0,0
113,159000,0,0,0,0,0,0,0,0,0
114,159010,0,0,0,0,0,0,0,0,0
115,159400,0,0,0,0,0,0,0,0,0
116,159900,2,24,1,6,1,0,0,0,0
117,159910,2,24,1,27,2,0,0,0,0
118,160000,0,0,0,0,0,0,0,0,0
119,160020,0,0,0,0,0,0,0,0,0
120,161000,1,19,1,0,0,0,0,0,0
121,161000,2,19,1,0,0,0,0,0,0
122,161000,3,19,1,0,0,0,0,0,0
123,161010,2,4,1,0,0,0,0,0,0
124,162000,0,0,0,0,0,0,0,0,0
125,163000,0,0,0,0,0,0,0,0,0
126,163010,2,28,1,25,2,0,0,0,0
127,164000,0,0,0,0,0,0,0,0,0
128,164010,0,0,0,0,0,0,0,0,0
129,165000,0,0,0,0,0,0,0,0,0
130,165010,2,23,1,8,1,0,0,0,0
131,166000,1,8,3,24,2,0,0,0,0
132,166000,2,24,1,1,1,0,0,0,0
133,166010,1,28,1,0,0,0,0,0,0
134,166010,2,24,1,27,2,0,0,0,0
135,167000,0,0,0,0,0,0,0,0,0
136,167010,2,29,1,0,0,0,0,0,0
137,168000,2,25,1,0,0,0,0,0,0
138,169000,0,0,0,0,0,0,0,0,0
139,170000,2,23,1,0,0,0,0,0,0
140,170010,2,25,1,85,2,0,0,0,0
141,171000,0,0,0,0,0,0,0,0,0
142,171010,0,0,0,0,0,0,0,0,0
143,171020,0,0,0,0,0,0,0,0,0
144,172000,0,0,0,0,0,0,0,0,0
145,172010,0,0,0,0,0,0,0,0,0
146,173000,0,0,0,0,0,0,0,0,0
147,173010,2,24,1,52,2,0,0,0,0
148,174000,0,0,0,0,0,0,0,0,0
149,174010,0,0,0,0,0,0,0,0,0
150,174020,0,0,0,0,0,0,0,0,0
151,175000,0,0,0,0,0,0,0,0,0
152,176000,2,6,1,0,0,0,0,0,0
153,176010,2,25,1,29,1,0,0,0,0
154,177000,0,0,0,0,0,0,0,0,0
155,178000,2,25,1,27,1,0,0,0,0
156,178010,2,23,1,2,2,0,0,0,0
157,179000,0,0,0,0,0,0,0,0,0
158,179010,0,0,0,0,0,0,0,0,0
159,180000,2,25,1,29,1,0,0,0,0
160,180010,2,24,1,29,2,0,0,0,0
161,181000,2,25,1,27,1,0,0,0,0
162,181010,2,24,1,23,2,0,0,0,0
163,182000,0,0,0,0,0,0,0,0,0
164,183000,0,0,0,0,0,0,0,0,0
165,183010,2,23,1,0,0,0,0,0,0
166,184000,0,0,0,0,0,0,0,0,0
167,185000,0,0,0,0,0,0,0,0,0
168,185010,2,25,1,81,2,0,0,0,0
169,186000,0,0,0,0,0,0,0,0,0
170,186010,0,0,0,0,0,0,0,0,0
171,187000,0,0,0,0,0,0,0,0,0
172,187010,0,0,0,0,0,0,0,0,0
173,188000,0,0,0,0,0,0,0,0,0
174,188010,0,0,0,0,0,0,0,0,0
175,189000,0,0,0,0,0,0,0,0,0
176,190000,2,27,1,0,0,0,0,0,0
177,190020,2,27,1,23,1,0,0,0,0
178,191000,1,85,2,0,0,0,0,0,0
179,191010,2,83,2,81,2,20006,1,0,0
180,192000,2,81,1,0,0,0,0,0,0
181,193000,2,28,1,52,2,0,0,0,0
182,193010,2,24,1,85,3,0,0,0,0
183,194000,0,0,0,0,0,0,0,0,0
184,194010,2,29,1,83,2,0,0,0,0
185,195000,0,0,0,0,0,0,0,0,0
186,195010,2,85,1,0,0,0,0,0,0
187,196000,2,29,1,79,2,0,0,0,0
188,196010,2,28,1,83,3,0,0,0,0
189,197000,0,0,0,0,0,0,0,0,0
190,198000,0,0,0,0,0,0,0,0,0
191,198010,2,29,1,79,2,0,0,0,0
192,199000,0,0,0,0,0,0,0,0,0
193,199010,0,0,0,0,0,0,0,0,0
194,199020,0,0,0,0,0,0,0,0,0
195,200000,2,79,1,0,0,0,0,0,0
196,200010,0,0,0,0,0,0,0,0,0
197,201000,0,0,0,0,0,0,0,0,0
198,202000,0,0,0,0,0,0,0,0,0
199,202010,0,0,0,0,0,0,0,0,0
200,203000,0,0,0,0,0,0,0,0,0
201,204000,2,79,2,25,1,0,0,0,0
202,204010,2,85,2,23,1,0,0,0,0
203,205000,2,0,0,0,0,0,0,0,0
204,205010,0,0,0,0,0,0,0,0,0
205,206000,0,0,0,0,0,0,0,0,0
206,206010,2,25,1,0,0,0,0,0,0
207,207000,0,0,0,0,0,0,0,0,0
208,207010,0,0,0,0,0,0,0,0,0
209,207020,1,0,0,0,0,0,0,0,0
210,207020,2,1,1,0,0,0,0,0,0
211,208000,1,2,1,0,0,0,0,0,0
212,208000,2,23,1,83,2,0,0,0,0
213,209000,2,22,1,83,3,0,0,0,0
214,209010,2,22,1,79,3,0,0,0,0
215,210000,2,25,1,1,1,0,0,0,0
216,210010,2,24,1,79,3,0,0,0,0
217,211000,1,19,1,0,0,0,0,0,0
218,211000,2,19,1,0,0,0,0,0,0
219,211000,3,19,1,0,0,0,0,0,0
220,211010,1,19,1,0,0,0,0,0,0
221,211010,2,19,1,0,0,0,0,0,0
222,211010,3,19,1,0,0,0,0,0,0
223,212000,1,19,1,0,0,0,0,0,0
224,212000,2,19,1,0,0,0,0,0,0
225,212000,3,19,1,0,0,0,0,0,0
226,213000,0,0,0,0,0,0,0,0,0
227,214000,2,22,1,25,2,0,0,0,0
228,214010,2,24,1,29,2,0,0,0,0
229,215000,0,0,0,0,0,0,0,0,0
230,216000,2,23,1,0,0,0,0,0,0
231,216010,2,25,1,27,1,0,0,0,0
232,217000,0,0,0,0,0,0,0,0,0
233,217010,2,25,1,0,0,0,0,0,0
234,218000,0,0,0,0,0,0,0,0,0
235,218010,2,2,1,0,0,0,0,0,0
236,219000,0,0,0,0,0,0,0,0,0
237,219010,0,0,0,0,0,0,0,0,0
238,220000,2,23,1,0,0,0,0,0,0
239,220010,2,23,1,29,1,0,0,0,0
240,220020,2,27,1,0,0,0,0,0,0
241,221000,2,28,1,23,2,0,0,0,0
242,221010,2,24,1,8,2,20001,2,0,0
243,221020,2,22,2,29,2,25,2,19,1
244,222000,1,5,1,20,2,21,1,19,1
245,223000,1,20,2,76,2,6,1,19,1
246,224000,1,24,3,8,3,10,3,19,1
247,225000,1,10,3,26,3,51,1,19,1
248,226000,1,126,1,78,2,80,2,19,1
249,231000,0,0,0,0,0,0,0,0,0
250,232000,0,0,0,0,0,0,0,0,0
251,233000,0,0,0,0,0,0,0,0,0
252,234000,0,0,0,0,0,0,0,0,0
253,235000,1,0,0,0,0,0,0,0,0
254,235500,1,0,0,0,0,0,0,0,0
255,236000,2,29,1,0,0,0,0,0,0
256,236900,2,28,1,23,2,19,1,0,0
257,237000,1,0,0,0,0,0,0,0,0
258,237500,1,0,0,0,0,0,0,0,0
259,238000,2,23,1,29,1,0,0,0,0
260,238000,3,27,1,0,0,0,0,0,0
261,239000,0,0,0,0,0,0,0,0,0
262,240000,0,0,0,0,0,0,0,0,0
263,241000,0,0,0,0,0,0,0,0,0
264,242000,2,22,1,27,2,29,2,19,1
265,242010,0,0,0,0,0,0,0,0,0
266,243000,0,0,0,0,0,0,0,0,0
267,244000,0,0,0,0,0,0,0,0,0
268,245000,0,0,0,0,0,0,0,0,0
269,246000,0,0,0,0,0,0,0,0,0
270,247000,0,0,0,0,0,0,0,0,0
271,248000,0,0,0,0,0,0,0,0,0
272,249000,2,25,1,29,1,0,0,0,0
273,249500,1,24,1,0,0,0,0,0,0
274,250000,2,25,1,27,1,0,0,0,0
275,251000,0,0,0,0,0,0,0,0,0
276,252000,0,0,0,0,0,0,0,0,0
277,253000,0,0,0,0,0,0,0,0,0
278,253010,0,0,0,0,0,0,0,0,0
279,254000,0,0,0,0,0,0,0,0,0
280,255000,0,0,0,0,0,0,0,0,0
281,256000,0,0,0,0,0,0,0,0,0
282,257000,0,0,0,0,0,0,0,0,0
283,258000,0,0,0,0,0,0,0,0,0
284,259000,0,0,0,0,0,0,0,0,0
285,260000,0,0,0,0,0,0,0,0,0
286,261000,0,0,0,0,0,0,0,0,0
287,262000,1,27,1,0,0,0,0,0,0
288,262010,0,0,0,0,0,0,0,0,0
289,263000,2,23,1,0,0,0,0,0,0
290,264000,0,0,0,0,0,0,0,0,0
291,265000,2,27,1,23,1,0,0,0,0
292,266000,2,26,2,23,2,29,2,19,1
293,266010,0,0,0,0,0,0,0,0,0
294,267000,1,0,0,0,0,0,0,0,0
295,268000,1,0,0,0,0,0,0,0,0
296,269000,0,0,0,0,0,0,0,0,0
297,270000,0,0,0,0,0,0,0,0,0
298,271000,0,0,0,0,0,0,0,0,0
299,272000,0,0,0,0,0,0,0,0,0
300,273000,2,25,1,0,0,0,0,0,0
301,274000,1,25,1,0,0,0,0,0,0
302,274000,2,29,1,25,1,0,0,0,0
303,274010,0,0,0,0,0,0,0,0,0
304,274500,1,29,2,0,0,0,0,0,0
305,275000,0,0,0,0,0,0,0,0,0
306,276000,0,0,0,0,0,0,0,0,0
307,277000,1,0,0,0,0,0,0,0,0
308,277500,1,0,0,0,0,0,0,0,0
309,278000,0,0,0,0,0,0,0,0,0
310,279000,0,0,0,0,0,0,0,0,0
311,280000,1,0,0,0,0,0,0,0,0
312,280500,1,0,0,0,0,0,0,0,0
313,281000,1,0,0,0,0,0,0,0,0
314,281500,1,0,0,0,0,0,0,0,0
315,282000,0,0,0,0,0,0,0,0,0
316,283000,0,0,0,0,0,0,0,0,0
317,284000,2,29,1,0,0,0,0,0,0
318,285000,2,8,1,0,0,0,0,0,0
319,286000,1,26,1,0,0,0,0,0,0
320,287000,0,0,0,0,0,0,0,0,0
321,288000,0,0,0,0,0,0,0,0,0
322,289000,1,24,1,23,2,0,0,0,0
323,290000,2,28,1,25,2,20005,2,19,1
324,290010,1,26,1,0,0,0,0,0,0
325,291000,1,0,0,0,0,0,0,0,0
326,292000,0,0,0,0,0,0,0,0,0
327,293000,0,0,0,0,0,0,0,0,0
328,294000,0,0,0,0,0,0,0,0,0
329,295000,0,0,0,0,0,0,0,0,0
330,296000,0,0,0,0,0,0,0,0,0
331,297000,0,0,0,0,0,0,0,0,0
332,298000,0,0,0,0,0,0,0,0,0
333,299000,2,85,1,0,0,0,0,0,0
334,300000,1,0,0,0,0,0,0,0,0
335,301000,2,79,1,0,0,0,0,0,0
336,302000,0,0,0,0,0,0,0,0,0
337,303000,1,0,0,0,0,0,0,0,0
338,303500,1,0,0,0,0,0,0,0,0
339,304000,0,0,0,0,0,0,0,0,0
340,305000,0,0,0,0,0,0,0,0,0
341,306000,1,0,0,0,0,0,0,0,0
342,307000,0,0,0,0,0,0,0,0,0
343,308000,0,0,0,0,0,0,0,0,0
344,309000,0,0,0,0,0,0,0,0,0
345,310000,2,83,1,0,0,0,0,0,0
346,311000,0,0,0,0,0,0,0,0,0
347,312000,1,1,2,0,0,0,0,0,0
348,313000,2,24,2,29,2,84,1,19,1
349,313010,0,0,0,0,0,0,0,0,0
350,314000,2,25,1,0,0,0,0,0,0
351,315000,0,0,0,0,0,0,0,0,0
352,316000,0,0,0,0,0,0,0,0,0
353,317000,0,0,0,0,0,0,0,0,0
354,318000,0,0,0,0,0,0,0,0,0
355,319000,0,0,0,0,0,0,0,0,0
356,320000,0,0,0,0,0,0,0,0,0
357,321000,1,0,0,0,0,0,0,0,0
358,321500,1,0,0,0,0,0,0,0,0
359,322000,1,0,0,0,0,0,0,0,0
360,322500,1,0,0,0,0,0,0,0,0
361,323000,1,0,0,0,0,0,0,0,0
362,324000,2,23,1,27,1,20001,1,0,0
363,325000,0,0,0,0,0,0,0,0,0
364,326000,0,0,0,0,0,0,0,0,0
365,327000,2,24,1,29,2,10,2,19,1
366,327010,2,24,1,27,2,0,0,0,0
367,329000,1,1,3,9,3,6,2,19,1
368,330000,1,8,3,9,3,24,3,19,1
369,331000,1,123,1,82,2,110,1,19,1
370,335000,1,78,2,85,1,0,0,0,0
371,336000,1,24,1,79,1,0,0,0,0
372,337000,1,28,1,23,1,0,0,0,0
373,338000,1,24,1,85,3,0,0,0,0
374,339000,1,22,1,29,2,0,0,0,0
375,340000,0,0,0,0,0,0,0,0,0
376,341000,0,0,0,0,0,0,0,0,0
377,342000,1,23,1,0,0,0,0,0,0
378,342000,2,23,1,0,0,0,0,0,0
379,343000,1,27,1,10,1,19,1,0,0
380,344000,0,0,0,0,0,0,0,0,0
381,345000,1,23,1,0,0,0,0,0,0
382,345000,2,23,1,0,0,0,0,0,0
383,346000,0,0,0,0,0,0,0,0,0
384,347000,2,23,1,27,1,20007,1,0,0
385,348000,0,0,0,0,0,0,0,0,0
386,349000,0,0,0,0,0,0,0,0,0
387,350000,0,0,0,0,0,0,0,0,0
388,353000,0,0,0,0,0,0,0,0,0
389,354000,0,0,0,0,0,0,0,0,0
390,355000,0,0,0,0,0,0,0,0,0
391,360000,1,22,2,51,1,0,0,0,0
392,360000,2,22,1,27,2,0,0,0,0
393,360000,3,88,1,83,1,0,0,0,0
394,361000,0,0,0,0,0,0,0,0,0
395,362000,0,0,0,0,0,0,0,0,0
396,371000,2,25,1,27,1,29,1,0,0
397,372000,2,25,1,29,1,52,1,0,0
398,373000,2,25,1,0,0,0,0,0,0
399,374000,2,52,1,0,0,0,0,0,0
400,375000,0,0,0,0,0,0,0,0,0
401,376000,0,0,0,0,0,0,0,0,0
402,377000,1,4,1,0,0,0,0,0,0
403,377010,1,0,0,0,0,0,0,0,0
404,377020,1,0,0,0,0,0,0,0,0
405,377030,1,0,0,0,0,0,0,0,0
406,377040,1,0,0,0,0,0,0,0,0
407,377050,1,4,1,0,0,0,0,0,0
408,401000,0,0,0,0,0,0,0,0,0
409,402000,0,0,0,0,0,0,0,0,0
410,403000,0,0,0,0,0,0,0,0,0
411,404000,0,0,0,0,0,0,0,0,0
412,405000,0,0,0,0,0,0,0,0,0
413,406000,0,0,0,0,0,0,0,0,0
414,407000,0,0,0,0,0,0,0,0,0
415,408000,0,0,0,0,0,0,0,0,0
416,409000,0,0,0,0,0,0,0,0,0
417,410000,0,0,0,0,0,0,0,0,0
418,411000,0,0,0,0,0,0,0,0,0
419,412000,0,0,0,0,0,0,0,0,0
420,413000,0,0,0,0,0,0,0,0,0
421,414000,0,0,0,0,0,0,0,0,0
422,415000,0,0,0,0,0,0,0,0,0
423,416000,0,0,0,0,0,0,0,0,0
424,417000,0,0,0,0,0,0,0,0,0
425,418000,0,0,0,0,0,0,0,0,0
426,451000,2,8,1,9,1,0,0,0,0
427,452000,2,23,1,0,0,0,0,0,0
428,453000,2,29,1,0,0,0,0,0,0
429,454000,0,0,0,0,0,0,0,0,0
430,455000,2,29,1,0,0,0,0,0,0
431,456000,2,52,1,0,0,0,0,0,0
432,457000,0,0,0,0,0,0,0,0,0
433,458000,1,29,1,0,0,0,0,0,0
434,458000,2,29,1,0,0,0,0,0,0
435,459000,0,0,0,0,0,0,0,0,0
436,471000,0,0,0,0,0,0,0,0,0
437,473000,2,32,1,22,1,19,1,0,0
438,473100,0,0,0,0,0,0,0,0,0
439,474000,0,0,0,0,0,0,0,0,0
440,475000,2,7,1,9,1,0,0,0,0
441,476000,2,23,1,6,1,0,0,0,0
442,477000,0,0,0,0,0,0,0,0,0
443,478000,2,24,2,29,2,27,2,19,1
444,479000,0,0,0,0,0,0,0,0,0
445,480000,2,0,0,0,0,0,0,0,0
446,481000,0,0,0,0,0,0,0,0,0
447,482000,0,0,0,0,0,0,0,0,0
448,483000,0,0,0,0,0,0,0,0,0
449,484000,1,19,1,0,0,0,0,0,0
450,484000,2,19,1,0,0,0,0,0,0
451,484000,3,19,1,0,0,0,0,0,0
452,485000,2,0,0,0,0,0,0,0,0
453,486000,2,22,2,27,2,29,2,19,1
454,487000,2,24,2,29,2,80,1,19,1
455,501000,0,0,0,0,0,0,0,0,0
456,502000,0,0,0,0,0,0,0,0,0
457,503000,0,0,0,0,0,0,0,0,0
458,504000,0,0,0,0,0,0,0,0,0
459,505000,0,0,0,0,0,0,0,0,0
460,506000,0,0,0,0,0,0,0,0,0
461,507000,0,0,0,0,0,0,0,0,0
462,508000,0,0,0,0,0,0,0,0,0
463,509000,0,0,0,0,0,0,0,0,0
464,510000,0,0,0,0,0,0,0,0,0
465,511000,0,0,0,0,0,0,0,0,0
466,512000,1,28,2,1,3,0,0,0,0
467,512010,1,22,2,1,3,0,0,0,0
468,512010,2,22,2,1,3,0,0,0,0
469,513000,0,0,0,0,0,0,0,0,0
470,514000,0,0,0,0,0,0,0,0,0
471,515000,0,0,0,0,0,0,0,0,0
472,516000,2,23,1,29,1,27,1,0,0
473,517000,0,0,0,0,0,0,0,0,0
474,518000,0,0,0,0,0,0,0,0,0
475,519000,0,0,0,0,0,0,0,0,0
476,520000,0,0,0,0,0,0,0,0,0
477,521000,0,0,0,0,0,0,0,0,0
478,522000,0,0,0,0,0,0,0,0,0
479,523000,0,0,0,0,0,0,0,0,0
480,524000,0,0,0,0,0,0,0,0,0
481,525000,1,0,0,0,0,0,0,0,0
482,526000,0,0,0,0,0,0,0,0,0
483,527000,0,0,0,0,0,0,0,0,0
484,528000,0,0,0,0,0,0,0,0,0
485,529000,2,25,1,0,0,0,0,0,0
486,530000,0,0,0,0,0,0,0,0,0
487,531000,1,4,2,0,0,0,0,0,0
488,532000,0,0,0,0,0,0,0,0,0
489,533000,0,0,0,0,0,0,0,0,0
490,534000,0,0,0,0,0,0,0,0,0
491,535000,2,28,1,1,1,20009,2,19,1
492,536000,2,28,1,79,3,0,0,0,0
493,536010,2,24,1,9,1,20009,2,19,1
494,537000,0,0,0,0,0,0,0,0,0
495,538000,0,0,0,0,0,0,0,0,0
496,539000,0,0,0,0,0,0,0,0,0
497,540000,0,0,0,0,0,0,0,0,0
498,541000,0,0,0,0,0,0,0,0,0
499,542000,0,0,0,0,0,0,0,0,0
500,543000,0,0,0,0,0,0,0,0,0
501,544000,0,0,0,0,0,0,0,0,0
502,545000,0,0,0,0,0,0,0,0,0
503,546000,0,0,0,0,0,0,0,0,0
504,547000,0,0,0,0,0,0,0,0,0
505,548000,0,0,0,0,0,0,0,0,0
506,549000,0,0,0,0,0,0,0,0,0
507,550000,1,8,1,0,0,0,0,0,0
508,550000,2,27,1,23,1,20007,1,0,0
509,551000,2,27,1,23,1,9,1,0,0
510,552000,0,0,0,0,0,0,0,0,0
511,553000,2,26,1,23,2,29,2,19,1
512,554000,0,0,0,0,0,0,0,0,0
513,554010,0,0,0,0,0,0,0,0,0
514,555000,0,0,0,0,0,0,0,0,0
515,556000,0,0,0,0,0,0,0,0,0
516,557000,0,0,0,0,0,0,0,0,0
517,558000,0,0,0,0,0,0,0,0,0
518,559000,0,0,0,0,0,0,0,0,0
519,560000,0,0,0,0,0,0,0,0,0
520,561000,0,0,0,0,0,0,0,0,0
521,562000,0,0,0,0,0,0,0,0,0
522,563000,0,0,0,0,0,0,0,0,0
523,564000,0,0,0,0,0,0,0,0,0
524,565000,0,0,0,0,0,0,0,0,0
525,566000,2,0,0,0,0,0,0,0,0
526,567000,0,0,0,0,0,0,0,0,0
527,568000,0,0,0,0,0,0,0,0,0
528,569000,0,0,0,0,0,0,0,0,0
529,570000,0,0,0,0,0,0,0,0,0
530,570010,0,0,0,0,0,0,0,0,0
531,571000,0,0,0,0,0,0,0,0,0
532,571010,0,0,0,0,0,0,0,0,0
533,572000,1,25,1,0,0,0,0,0,0
534,573000,0,0,0,0,0,0,0,0,0
535,574000,0,0,0,0,0,0,0,0,0
536,575000,0,0,0,0,0,0,0,0,0
537,576000,0,0,0,0,0,0,0,0,0
538,577000,0,0,0,0,0,0,0,0,0
539,578000,0,0,0,0,0,0,0,0,0
540,579000,0,0,0,0,0,0,0,0,0
541,580000,0,0,0,0,0,0,0,0,0
542,581000,0,0,0,0,0,0,0,0,0
543,582000,0,0,0,0,0,0,0,0,0
544,583000,2,29,1,0,0,0,0,0,0
545,584000,0,0,0,0,0,0,0,0,0
546,585000,2,0,0,0,0,0,0,0,0
547,586000,2,25,1,9,1,20005,1,0,0
548,587000,2,25,1,29,1,0,0,0,0
549,588000,0,0,0,0,0,0,0,0,0
550,589000,0,0,0,0,0,0,0,0,0
551,589010,0,0,0,0,0,0,0,0,0
552,590000,2,24,2,23,2,29,2,19,1
553,591000,0,0,0,0,0,0,0,0,0
554,592000,0,0,0,0,0,0,0,0,0
555,593000,0,0,0,0,0,0,0,0,0
556,594000,0,0,0,0,0,0,0,0,0
557,595000,0,0,0,0,0,0,0,0,0
558,596000,0,0,0,0,0,0,0,0,0
559,597000,1,0,0,0,0,0,0,0,0
560,597000,2,23,1,0,0,0,0,0,0
561,597010,0,0,0,0,0,0,0,0,0
562,597010,2,27,1,0,0,0,0,0,0
563,597020,0,0,0,0,0,0,0,0,0
564,597030,0,0,0,0,0,0,0,0,0
565,597040,0,0,0,0,0,0,0,0,0
566,598000,0,0,0,0,0,0,0,0,0
567,599000,0,0,0,0,0,0,0,0,0
568,600000,0,0,0,0,0,0,0,0,0
569,601000,0,0,0,0,0,0,0,0,0
570,602000,0,0,0,0,0,0,0,0,0
571,603000,2,29,1,0,0,0,0,0,0
572,604000,2,27,1,0,0,0,0,0,0
573,605000,0,0,0,0,0,0,0,0,0
574,606000,0,0,0,0,0,0,0,0,0
575,607000,0,0,0,0,0,0,0,0,0
576,608000,0,0,0,0,0,0,0,0,0
577,609000,0,0,0,0,0,0,0,0,0
578,609010,0,0,0,0,0,0,0,0,0
579,610000,0,0,0,0,0,0,0,0,0
580,611000,1,0,0,0,0,0,0,0,0
581,612000,0,0,0,0,0,0,0,0,0
582,613000,0,0,0,0,0,0,0,0,0
583,614000,0,0,0,0,0,0,0,0,0
584,615000,0,0,0,0,0,0,0,0,0
585,616000,0,0,0,0,0,0,0,0,0
586,617000,0,0,0,0,0,0,0,0,0
587,618000,0,0,0,0,0,0,0,0,0
588,619000,0,0,0,0,0,0,0,0,0
589,620000,0,0,0,0,0,0,0,0,0
590,621000,0,0,0,0,0,0,0,0,0
591,622000,0,0,0,0,0,0,0,0,0
592,623000,0,0,0,0,0,0,0,0,0
593,624000,0,0,0,0,0,0,0,0,0
594,625000,0,0,0,0,0,0,0,0,0
595,626000,1,27,1,0,0,0,0,0,0
596,627000,1,83,2,0,0,0,0,0,0
597,628000,0,0,0,0,0,0,0,0,0
598,628010,0,0,0,0,0,0,0,0,0
599,629000,0,0,0,0,0,0,0,0,0
600,630000,0,0,0,0,0,0,0,0,0
601,631000,0,0,0,0,0,0,0,0,0
602,632000,0,0,0,0,0,0,0,0,0
603,633000,0,0,0,0,0,0,0,0,0
604,634000,0,0,0,0,0,0,0,0,0
605,635000,0,0,0,0,0,0,0,0,0
606,636000,0,0,0,0,0,0,0,0,0
607,637000,0,0,0,0,0,0,0,0,0
608,638000,0,0,0,0,0,0,0,0,0
609,639000,0,0,0,0,0,0,0,0,0
610,640000,0,0,0,0,0,0,0,0,0
611,641000,0,0,0,0,0,0,0,0,0
612,642000,0,0,0,0,0,0,0,0,0
613,643000,1,0,0,0,0,0,0,0,0
614,644000,0,0,0,0,0,0,0,0,0
615,645000,2,25,1,29,1,20001,1,0,0
616,646000,0,0,0,0,0,0,0,0,0
617,646010,0,0,0,0,0,0,0,0,0
618,647000,1,5,2,9,3,0,0,0,0
619,647000,2,24,1,8,2,20001,2,0,0
620,648000,2,24,2,29,2,114,1,19,1
621,649000,1,124,1,22,2,82,2,19,1
622,650000,1,1,1,20,2,51,1,19,1
623,661000,2,29,1,6,1,0,0,0,0
624,666000,0,0,0,0,0,0,0,0,0
625,667000,0,0,0,0,0,0,0,0,0
626,668000,1,29,1,51,1,19,1,0,0
627,669000,1,10005,1,52,1,19,1,0,0
628,672000,2,26,2,27,2,29,2,19,1
629,673000,0,0,0,0,0,0,0,0,0
630,674000,0,0,0,0,0,0,0,0,0
631,675000,0,0,0,0,0,0,0,0,0
632,676000,0,0,0,0,0,0,0,0,0
633,677000,0,0,0,0,0,0,0,0,0
634,678000,0,0,0,0,0,0,0,0,0
635,679000,0,0,0,0,0,0,0,0,0
636,680000,0,0,0,0,0,0,0,0,0
637,681000,2,23,1,27,1,29,1,0,0
638,682000,2,26,2,29,2,179,1,19,1
639,683000,2,26,2,29,2,179,1,19,1
640,684000,0,0,0,0,0,0,0,0,0
641,685000,2,27,1,0,0,0,0,0,0
642,686000,0,0,0,0,0,0,0,0,0
643,687000,0,0,0,0,0,0,0,0,0
644,688000,0,0,0,0,0,0,0,0,0
645,689000,0,0,0,0,0,0,0,0,0
646,690000,2,23,1,27,1,20009,1,0,0
647,691000,2,27,1,0,0,0,0,0,0
648,692000,2,25,1,27,1,0,0,0,0
649,693000,0,0,0,0,0,0,0,0,0
650,694000,0,0,0,0,0,0,0,0,0
651,695000,0,0,0,0,0,0,0,0,0
652,696000,0,0,0,0,0,0,0,0,0
653,698000,2,29,1,23,1,0,0,0,0
654,699000,2,25,1,52,1,0,0,0,0
655,701000,0,0,0,0,0,0,0,0,0
656,702000,2,28,2,23,2,27,2,19,1
657,704000,0,0,0,0,0,0,0,0,0
658,706000,1,7,1,0,0,0,0,0,0
659,708000,1,83,2,0,0,0,0,0,0
660,711000,2,24,1,7,3,10,3,19,1
661,712000,2,28,1,25,2,52,1,19,1
662,713000,2,8,1,9,1,6,1,19,1
663,714000,2,26,1,51,2,178,1,19,1
664,715000,2,26,1,23,2,29,2,19,1
665,716000,2,24,1,29,2,27,2,19,1
666,717000,2,28,1,25,2,27,2,19,1
667,720000,0,0,0,0,0,0,0,0,0
668,721000,1,27,1,0,0,0,0,0,0
669,721000,2,27,1,0,0,0,0,0,0
670,722000,1,25,1,0,0,0,0,0,0
671,722000,2,25,1,0,0,0,0,0,0
672,723000,2,26,1,23,2,19,1,0,0
673,724000,0,0,0,0,0,0,0,0,0
674,725000,0,0,0,0,0,0,0,0,0
675,726000,0,0,0,0,0,0,0,0,0
676,728000,2,29,1,25,1,0,0,0,0
677,729000,0,0,0,0,0,0,0,0,0
678,730000,0,0,0,0,0,0,0,0,0
679,731000,1,0,0,0,0,0,0,0,0
680,732000,0,0,0,0,0,0,0,0,0
681,733000,0,0,0,0,0,0,0,0,0
682,734000,1,25,1,8,2,0,0,0,0
683,735000,0,0,0,0,0,0,0,0,0
684,736000,2,1,1,9,1,20006,2,19,1
685,737000,0,0,0,0,0,0,0,0,0
686,738000,2,26,2,29,2,177,2,19,1
687,739000,0,0,0,0,0,0,0,0,0
688,740000,0,0,0,0,0,0,0,0,0
689,740100,0,0,0,0,0,0,0,0,0
690,741000,0,0,0,0,0,0,0,0,0
691,742000,0,0,0,0,0,0,0,0,0
692,743000,0,0,0,0,0,0,0,0,0
693,744000,0,0,0,0,0,0,0,0,0
694,745000,0,0,0,0,0,0,0,0,0
695,746000,0,0,0,0,0,0,0,0,0
696,747000,0,0,0,0,0,0,0,0,0
697,748000,0,0,0,0,0,0,0,0,0
698,749000,2,24,2,23,2,27,2,19,1
699,750000,0,0,0,0,0,0,0,0,0
700,761000,0,0,0,0,0,0,0,0,0
701,762000,0,0,0,0,0,0,0,0,0
702,763000,0,0,0,0,0,0,0,0,0
703,764000,0,0,0,0,0,0,0,0,0
704,765000,2,83,1,0,0,0,0,0,0
705,766000,0,0,0,0,0,0,0,0,0
706,767000,0,0,0,0,0,0,0,0,0
707,771000,0,0,0,0,0,0,0,0,0
708,772000,0,0,0,0,0,0,0,0,0
709,773000,0,0,0,0,0,0,0,0,0
710,774000,2,25,1,0,0,0,0,0,0
711,775000,1,22,1,0,0,0,0,0,0
712,776000,1,26,1,0,0,0,0,0,0
713,777000,2,25,1,27,1,0,0,0,0
714,778000,1,8,2,51,1,0,0,0,0
715,779000,1,1,2,24,2,0,0,0,0
716,779000,2,24,1,6,2,0,0,0,0
717,780000,1,76,2,10,2,0,0,0,0
718,780000,2,76,2,10,2,0,0,0,0
719,781000,1,0,0,0,0,0,0,0,0
720,782000,1,26,2,10002,1,0,0,0,0
721,783000,1,26,2,10001,1,0,0,0,0
722,801000,2,25,1,27,1,9,1,0,0
723,802000,1,23,1,0,0,0,0,0,0
724,803000,0,0,0,0,0,0,0,0,0
725,804000,0,0,0,0,0,0,0,0,0
726,805000,2,24,2,23,2,27,1,19,1
727,806000,0,0,0,0,0,0,0,0,0
728,807000,0,0,0,0,0,0,0,0,0
729,808000,0,0,0,0,0,0,0,0,0
730,900000,0,0,0,0,0,0,0,0,0
731,5000050,1,25,1,7,1,0,0,0,0
732,5000050,3,29,1,19,1,0,0,0,0
733,5000500,3,27,1,7,1,19,1,0,0
734,5000010,2,24,1,29,2,19,1,0,0
735,5000100,2,28,1,7,2,0,0,0,0
736,5000130,2,0,0,0,0,0,0,0,0
737,5000140,2,0,0,0,0,0,0,0,0
738,5000290,1,9,1,0,0,0,0,0,0
739,5000290,3,19,1,0,0,0,0,0,0
740,5000150,2,29,1,3,1,0,0,0,0
741,5000230,2,23,1,9,1,0,0,0,0
742,5000240,2,25,1,7,1,0,0,0,0
743,5000340,1,29,1,8,1,19,1,0,0
744,5000340,3,29,1,8,1,0,0,0,0
745,5000630,2,24,1,29,2,19,1,0,0
746,5000210,3,29,1,19,1,0,0,0,0
747,5000300,1,9,1,19,1,0,0,0,0
748,5000300,2,9,1,19,1,0,0,0,0
749,5000970,2,12,1,19,1,0,0,0,0
750,5000980,2,12,2,19,1,0,0,0,0
751,5000990,2,12,3,19,1,0,0,0,0
752,5001000,2,13,2,19,1,0,0,0,0
753,5000380,2,22,1,6,1,0,0,0,0
754,5000410,2,25,1,5,1,20006,1,19,1
755,5000420,2,22,1,29,2,20006,2,19,1
756,5000640,3,22,1,29,1,19,1,0,0
757,5000540,2,85,2,79,2,20006,1,0,0
758,5000530,3,23,1,27,1,19,1,0,0
759,5000460,1,85,2,0,0,0,0,0,0
760,5000020,2,22,1,25,2,29,2,19,1
761,5000180,2,29,1,23,1,6,1,0,0
762,5000370,1,0,0,0,0,0,0,0,0
763,5000190,1,7,2,0,0,0,0,0,0
764,5000220,2,24,1,29,2,51,1,19,1
765,5000440,1,0,0,0,0,0,0,0,0
766,5000200,3,6,2,0,0,0,0,0,0
767,5000160,1,9,1,0,0,0,0,0,0
768,5000170,1,29,1,0,0,0,0,0,0
769,5000430,2,25,1,85,2,20008,1,0,0
770,5000060,1,24,1,0,0,0,0,0,0
771,5000310,1,29,1,0,0,0,0,0,0
772,5000350,2,2,2,0,0,0,0,0,0
773,5000520,1,0,0,0,0,0,0,0,0
774,5000760,2,24,1,79,3,112,1,19,1
775,5000770,2,28,1,23,2,118,1,19,1
776,5000040,2,24,1,29,2,114,1,19,1
777,671000,2,28,2,23,2,27,2,19,1
778,703000,2,29,1,23,1,9,1,0,0
779,705000,2,25,1,29,1,27,1,0,0
780,707000,2,29,1,23,1,27,1,0,0
781,5001310,1,25,1,0,0,0,0,0,0
782,5001320,1,23,1,0,0,0,0,0,0
783,5000470,2,28,1,9,2,20009,2,19,1
784,5000480,2,24,1,6,2,20009,2,19,1
785,5000820,2,25,1,8,1,20009,1,0,0
786,5000740,2,22,1,29,2,51,1,19,1
787,5000730,2,24,1,29,2,27,2,19,1
788,5000750,2,24,1,27,2,29,2,19,1
789,5000720,2,25,1,6,1,0,0,0,0
790,5000700,1,0,0,0,0,0,0,0,0
791,5000670,1,0,0,0,0,0,0,0,0
792,5000690,1,0,0,0,0,0,0,0,0
793,5000680,1,0,0,0,0,0,0,0,0
794,5000710,1,24,1,6,1,19,1,0,0
795,5000620,1,27,1,0,0,0,0,0,0
796,5000280,1,29,1,0,0,0,0,0,0
797,5001330,1,9,1,6,1,0,0,0,0
798,5001340,1,22,1,0,0,0,0,0,0
799,5001350,2,24,2,10,2,178,1,19,1
800,5001360,2,22,2,25,2,176,2,19,1
801,5000890,2,22,1,27,3,29,2,19,1
802,5000900,2,24,1,176,1,2,3,19,1
803,5000910,2,26,1,177,1,3,3,19,1
804,5000920,2,22,1,29,2,27,2,19,1
805,5000930,2,28,1,25,2,27,3,19,1
806,5000940,2,24,1,9,1,1,2,19,1
807,5000950,2,28,1,25,2,5,2,19,1
808,5000570,1,10,1,0,0,0,0,0,0
809,5000580,1,0,0,0,0,0,0,0,0
810,5000960,1,22,1,8,1,19,1,0,0
811,5000650,1,26,1,7,1,19,1,0,0
812,5000490,1,9,1,0,0,0,0,0,0
813,5000510,1,7,1,0,0,0,0,0,0
814,5000550,1,0,0,0,0,0,0,0,0
815,5000450,2,24,1,27,2,29,2,19,1
816,5000660,2,28,1,23,1,27,2,19,1
817,5000560,2,27,1,23,1,29,1,0,0
818,5001370,2,22,1,25,2,29,2,19,1
819,5001380,2,24,1,29,2,6,2,19,1
820,5001390,2,24,1,23,2,29,2,19,1
821,5001420,2,27,1,0,0,0,0,0,0
822,5001430,2,22,1,29,2,27,2,19,1
823,5001440,2,4,1,0,0,0,0,0,0
824,5001450,2,28,1,25,2,1,1,19,1
825,5001460,2,28,1,25,2,27,2,19,1
826,5000250,1,9,1,10,1,19,1,0,0
827,5000260,1,9,1,5,1,19,1,0,0
828,5001670,2,24,1,27,2,29,2,19,1
829,5001790,2,6,2,0,0,0,0,0,0
830,5001690,2,22,1,29,2,27,2,19,1
831,5001840,1,28,1,8,2,19,1,0,0
832,5001780,1,9,1,0,0,0,0,0,0
833,5001800,1,29,1,0,0,0,0,0,0
834,5001770,2,29,1,25,1,0,0,0,0
835,5001680,2,186,1,29,2,27,2,19,1
836,5001740,2,24,1,29,2,27,2,19,1
837,5001760,2,28,1,25,2,84,2,19,1
838,5000840,2,22,1,29,2,27,2,19,1
839,5000850,2,24,1,29,2,9,2,19,1
840,5000860,2,24,1,29,2,27,2,19,1
841,5001970,1,179,1,0,0,0,0,0,0
842,5001160,3,7,2,19,1,0,0,0,0
843,5001230,3,27,1,19,1,0,0,0,0
844,5001040,1,28,1,9,1,19,1,0,0
845,5001020,3,26,1,29,1,19,1,0,0
846,5001150,3,23,1,19,1,0,0,0,0
847,5001050,3,83,2,19,1,0,0,0,0
848,5002060,3,23,1,19,1,0,0,0,0
849,5001520,3,23,1,19,1,0,0,0,0
850,5001300,3,25,1,19,1,0,0,0,0
851,1000,99,138,1,1,4,0,0,0,0
852,1800,99,139,1,1,5,0,0,0,0
853,101000,99,140,1,2,4,0,0,0,0
854,102000,99,141,1,2,5,0,0,0,0
855,102010,99,142,1,3,4,0,0,0,0
856,103000,99,143,1,3,5,0,0,0,0
857,104000,99,144,1,4,4,0,0,0,0
858,104010,99,145,1,4,5,0,0,0,0
859,105000,99,146,1,5,4,0,0,0,0
860,105010,99,147,1,5,5,0,0,0,0
861,106000,99,148,1,6,4,0,0,0,0
862,107000,99,149,1,6,5,0,0,0,0
863,107010,99,150,1,7,4,0,0,0,0
864,108000,99,151,1,7,5,0,0,0,0
865,109000,99,152,1,8,4,0,0,0,0
866,109010,99,153,1,8,5,0,0,0,0
867,110000,99,154,1,9,4,0,0,0,0
868,111000,99,155,1,9,5,0,0,0,0
869,112000,99,156,1,10,4,0,0,0,0
870,112010,99,157,1,10,5,0,0,0,0
871,113000,99,158,1,51,4,0,0,0,0
872,113010,99,159,1,51,5,0,0,0,0
873,113020,99,160,1,52,4,0,0,0,0
874,114000,99,161,1,52,5,0,0,0,0
875,115000,99,162,1,0,0,0,0,0,0
876,115010,99,163,1,0,0,0,0,0,0
877,116000,99,164,1,0,0,0,0,0,0
878,116010,99,165,1,0,0,0,0,0,0
879,117000,99,166,1,0,0,0,0,0,0
880,117010,99,168,1,0,0,0,0,0,0
881,118000,99,169,1,0,0,0,0,0,0
882,118010,99,139,2,0,0,0,0,0,0
883,119000,99,171,1,194,1,0,0,0,0
884,119010,99,1,1,198,1,0,0,0,0
885,120000,99,1,1,199,2,0,0,0,0
886,120010,99,1,2,200,3,0,0,0,0
887,121000,99,1,3,201,1,0,0,0,0
888,121010,99,2,1,202,2,0,0,0,0
889,122000,99,2,2,203,3,0,0,0,0
890,122010,99,2,3,204,4,0,0,0,0
891,123000,99,3,1,205,5,0,0,0,0
892,124000,99,3,2,206,1,0,0,0,0
893,124010,99,3,3,207,2,0,0,0,0
894,125000,99,4,1,208,3,0,0,0,0
895,125010,99,4,2,209,4,0,0,0,0
896,126000,99,4,3,210,5,0,0,0,0
897,127000,99,5,1,211,1,0,0,0,0
898,127010,99,5,2,212,2,0,0,0,0
899,128000,99,5,3,213,3,0,0,0,0
900,129000,99,6,1,214,4,0,0,0,0
901,129010,99,6,2,215,5,0,0,0,0
902,130000,99,6,3,216,1,0,0,0,0
903,131000,99,7,1,217,2,0,0,0,0
904,131010,99,7,2,218,3,0,0,0,0
905,131020,99,7,3,219,4,0,0,0,0
906,132000,99,8,1,220,5,0,0,0,0
907,133000,99,8,2,221,1,0,0,0,0
908,133010,99,8,3,222,2,0,0,0,0
909,134000,99,9,1,223,3,0,0,0,0
910,134010,99,9,2,224,4,0,0,0,0
911,134020,99,9,3,225,5,0,0,0,0
912,135000,99,10,1,226,1,0,0,0,0
913,136000,99,10,2,227,2,0,0,0,0
914,136010,99,10,3,228,3,0,0,0,0
915,137000,99,14,1,229,4,0,0,0,0
916,137010,99,14,2,230,5,0,0,0,0
917,138000,99,14,3,231,1,0,0,0,0
918,139000,99,15,1,232,2,0,0,0,0
919,139010,99,15,2,233,3,0,0,0,0
920,140000,99,15,3,234,4,0,0,0,0
921,141000,99,16,1,235,5,0,0,0,0
922,141010,99,16,2,236,1,0,0,0,0
923,142000,99,16,3,237,2,0,0,0,0
924,142010,99,17,1,238,3,0,0,0,0
925,143000,99,17,2,239,4,0,0,0,0
926,144000,99,17,3,240,5,0,0,0,0
927,144010,99,18,1,241,1,0,0,0,0
928,145000,99,18,2,242,2,0,0,0,0
929,146000,99,18,3,243,3,0,0,0,0
930,146010,99,51,1,244,4,0,0,0,0
931,147000,99,51,2,245,5,0,0,0,0
932,147010,99,51,3,246,1,0,0,0,0
933,147020,99,52,1,247,2,0,0,0,0
934,147030,99,52,2,248,3,0,0,0,0
935,148000,99,52,3,249,4,0,0,0,0
936,148010,99,74,1,250,5,0,0,0,0
937,149000,99,74,2,251,1,0,0,0,0
938,150000,99,74,3,252,2,0,0,0,0
939,150010,99,75,1,253,3,0,0,0,0
940,151000,99,75,2,254,4,0,0,0,0
941,151010,99,75,3,255,5,0,0,0,0
942,151020,99,190,1,0,0,0,0,0,0
943,152000,99,190,2,0,0,0,0,0,0
944,152900,99,191,1,0,0,0,0,0,0
945,153000,99,191,2,0,0,0,0,0,0
946,154000,99,192,1,0,0,0,0,0,0
947,155000,99,192,2,0,0,0,0,0,0
948,155010,99,0,0,0,0,0,0,0,0
949,156000,99,193,1,0,0,0,0,0,0
950,156010,99,195,1,0,0,0,0,0,0
951,156020,99,196,1,0,0,0,0,0,0
952,156030,99,197,1,0,0,0,0,0,0
953,161000,99,185,1,0,0,0,0,0,0
954,161010,99,185,2,0,0,0,0,0,0
955,168000,99,186,1,0,0,0,0,0,0
956,171010,99,186,2,0,0,0,0,0,0
957,172010,99,187,1,0,0,0,0,0,0
958,176010,99,187,2,0,0,0,0,0,0
959,184000,99,188,1,0,0,0,0,0,0
960,185000,99,188,2,0,0,0,0,0,0
961,186010,99,189,1,0,0,0,0,0,0
962,187000,99,189,2,0,0,0,0,0,0
963,187010,99,190,1,0,0,0,0,0,0
964,188010,99,190,2,0,0,0,0,0,0
965,191010,99,191,1,0,0,0,0,0,0
966,192000,99,191,2,0,0,0,0,0,0
967,193000,99,192,1,0,0,0,0,0,0
968,193010,99,192,2,0,0,0,0,0,0
969,626000,100,22,1,24,1,26,1,28,1
970,296000,110,78,1,80,1,82,1,84,1
971,730000,120,23,1,25,1,27,1,29,1
972,626000,101,22,2,24,2,26,2,28,2
973,296000,111,78,2,80,2,82,2,84,2
974,730000,121,23,2,25,2,27,2,29,2
975,626000,102,22,3,24,3,26,3,28,3
976,296000,112,78,3,80,3,82,3,84,3
977,730000,122,23,3,25,3,27,3,29,3
