id,dictionary_id,name,min_hp,max_hp,min_attack,max_attack,min_magic,max_magic,min_defense,max_defense,min_speed,max_speed,action_type,tribe_type,rank,series,exp,money,growth_type,equip_box,favorite_food_kind,unfavorite_food_kind,base_rate_type
1000,394,ウィスパー,42,338,9,69,18,163,3,38,36,235,22,8,3,0,40,40,4,1,19,12,3
1800,0,ウィスベェ,46,376,4,56,23,177,4,47,33,214,22,8,3,0,40,40,4,1,19,12,3
101000,1,ぶようじん坊,36,290,35,212,3,38,9,115,11,115,4,1,1,0,28,7,2,1,1,2,1
102000,2,がらあきん坊,41,324,46,241,4,41,14,124,14,134,4,1,3,0,32,16,4,1,1,2,3
102010,3,さきがけの助,39,352,46,226,4,98,15,112,15,134,5,1,4,0,48,21,5,2,1,2,4
103000,26,つづかな僧,34,279,5,71,16,169,5,69,28,166,23,2,1,0,17,24,2,1,6,10,1
104000,27,やめたい師,39,307,8,100,21,182,9,84,33,179,23,2,3,0,39,27,4,1,6,10,3
104010,28,もうせん和尚,39,297,6,91,23,193,8,76,37,187,22,2,3,0,23,40,4,1,6,10,3
105000,7,ちからモチ,58,433,36,228,4,45,12,120,4,58,3,1,2,0,31,10,3,2,1,4,2
105010,8,やきモチ,49,382,26,210,8,75,20,142,4,40,3,1,2,0,38,6,3,2,1,4,2
106000,4,ダラケ刀,48,305,28,212,3,30,10,117,13,125,4,1,1,0,22,20,2,1,5,10,1
107000,5,ザンバラ刀,53,358,37,245,4,41,15,134,16,124,4,1,3,0,28,20,4,1,5,10,3
107010,6,ダララだんびら,54,371,41,252,5,45,17,139,18,140,4,1,4,0,41,31,5,1,5,10,4
108000,14,しょうブシ,53,394,34,210,4,46,14,125,15,130,4,1,3,0,33,13,4,1,12,11,3
109000,0,まさむね,59,411,41,243,5,54,18,136,20,153,5,1,5,0,60,16,6,1,12,11,5
109010,15,くさなぎ,62,445,44,250,6,61,20,146,22,159,5,1,6,0,72,20,7,1,12,11,6
110000,0,むらまさ,54,400,37,230,7,64,24,150,18,145,4,1,5,0,63,16,6,1,12,11,5
111000,9,カブトさん,47,380,34,250,4,42,22,153,4,43,3,1,2,0,34,11,3,1,10,6,2
112000,10,ゲンマ将軍,65,488,42,317,6,54,30,183,7,100,3,1,5,0,53,18,6,1,10,6,5
112010,0,黄泉ゲンスイ,68,499,46,347,7,64,32,196,8,105,3,1,6,0,72,67,7,1,10,6,6
113000,11,メラメライオン,60,412,25,183,23,165,10,90,7,79,1,1,3,0,41,16,4,1,11,3,3
113010,12,グラグライオン,50,392,25,180,23,152,16,104,16,127,1,1,4,0,42,19,5,1,11,3,4
113020,13,とどろき獅子,58,457,42,285,6,62,19,153,19,162,1,1,5,0,54,24,6,1,11,3,5
114000,20,クワノ武士,49,388,37,225,5,43,22,157,17,138,3,1,4,0,45,19,5,1,10,4,4
115000,0,クワガ大将,52,416,40,238,6,46,24,167,19,143,3,1,5,0,58,27,6,1,10,4,5
115010,21,オオクワノ神,56,441,44,252,7,50,26,173,20,150,3,1,6,0,75,30,7,1,10,4,6
116000,16,ベンケイ,58,442,39,253,4,52,17,150,6,50,4,1,3,0,43,16,4,1,9,1,3
116010,17,からくりベンケイ,65,453,36,231,8,71,19,160,10,79,5,1,4,0,46,13,5,1,9,1,4
117000,0,くしゃ武者,65,402,43,310,6,50,18,135,20,140,4,1,5,0,59,17,6,1,11,5,5
117010,22,なまはげ,51,457,38,243,9,54,30,158,24,163,4,1,6,0,73,10,7,1,11,5,6
118000,23,ズルズルづる,33,292,3,54,33,193,10,95,14,113,9,2,1,0,13,24,2,2,12,7,1
118010,0,かぜカモ,39,310,4,59,35,202,12,111,16,118,9,2,2,0,13,26,3,2,12,7,2
119000,42,さとりちゃん,54,412,5,55,42,265,18,144,4,55,9,2,3,0,30,30,4,1,10,11,3
119010,43,よつめ,57,446,6,61,46,273,23,174,3,40,9,2,4,0,40,33,5,1,10,11,4
120000,24,わすれん帽,27,192,3,58,14,114,5,63,34,225,22,2,1,0,11,23,2,1,3,10,1
120010,25,ばか頭巾,21,171,2,57,18,126,3,63,36,189,27,2,1,0,16,29,2,2,3,10,1
121000,29,わらえ姉,37,300,29,211,10,52,15,120,16,139,4,2,2,0,17,25,3,1,6,1,2
121010,30,青くちびる,39,323,31,229,13,74,11,82,19,154,4,2,3,0,27,27,4,1,6,1,3
122000,18,やまと,46,360,39,191,7,53,17,134,20,150,5,1,4,0,47,15,5,1,16,6,4
122010,19,カブキ猿,54,418,47,296,10,86,10,128,22,172,5,1,5,0,62,19,6,1,16,6,5
123000,34,モテモ天,40,296,12,69,19,183,12,113,17,138,10,2,2,0,22,26,3,1,14,1,2
124000,35,モテマクール,46,362,16,91,35,224,16,138,24,153,10,2,5,0,63,31,6,1,14,1,5
124010,36,モテヌス,50,393,10,60,33,223,20,149,26,164,9,2,5,0,54,28,6,1,14,1,5
125000,31,バクロ婆,36,226,9,71,28,207,11,108,15,128,14,2,2,0,17,29,3,1,7,2,2
125010,33,ドクロ婆,33,173,25,165,27,187,9,88,13,131,11,2,3,0,26,37,4,1,7,2,3
126000,32,ババァーン,42,291,12,80,35,233,18,137,19,139,14,2,4,0,43,29,5,1,7,2,4
127000,86,バク,46,323,7,49,19,181,13,120,17,144,9,4,2,0,18,28,3,1,5,12,2
127010,87,ハク,61,370,5,39,26,199,11,124,22,169,10,4,3,0,24,25,4,1,5,12,3
128000,37,でんぱく小僧,43,321,6,48,28,200,12,121,16,133,9,2,2,0,28,22,3,1,17,15,2
129000,38,でんじん,58,466,10,84,42,245,25,173,7,79,8,2,5,0,53,31,6,1,15,17,5
129010,0,はつでんしん,64,495,7,63,56,341,23,174,7,95,8,2,6,0,68,35,7,1,15,17,6
130000,0,うんがい鏡,52,405,4,50,44,255,16,154,5,53,10,2,3,0,20,28,4,1,9,7,3
130010,0,ヤミ鏡,62,445,9,63,41,245,26,200,8,72,9,2,5,0,50,33,6,1,9,7,5
131000,39,まぼ老師,45,327,4,43,26,207,14,125,24,156,10,2,3,0,37,27,4,1,2,12,3
131010,40,かげ老師,37,267,3,35,22,178,12,107,31,203,10,2,3,0,20,25,4,1,2,12,3
131020,41,ほう老師,53,411,7,50,41,260,19,149,12,102,9,2,4,0,44,22,5,1,2,12,4
132000,91,ゆきおんな,43,354,5,37,23,161,16,119,31,212,9,4,4,0,48,25,5,1,3,9,4
133000,92,ふぶき姫,48,403,6,43,29,253,19,130,37,236,9,4,6,0,70,34,7,1,3,9,6
133010,93,百鬼姫,56,462,9,52,38,266,22,156,28,189,9,4,6,0,64,41,7,1,3,9,6
133800,0,ふぶきちゃん,50,419,6,43,30,245,19,147,37,246,9,4,6,0,65,39,7,1,3,9,6
134000,46,キュウビ,53,413,8,60,42,256,24,150,25,164,9,2,6,0,80,77,7,1,15,10,6
134010,47,犬神,56,448,10,66,38,245,26,168,23,143,10,2,6,0,66,41,7,1,15,10,6
134020,0,ヤミキュウビ,46,406,7,53,46,288,25,155,21,140,9,6,6,0,70,80,7,1,15,10,6
135000,48,だるだるま,50,408,10,89,6,66,22,220,8,68,19,3,1,0,27,10,2,1,13,14,1
136000,49,だるまっちょ,57,437,26,166,8,70,31,231,12,86,16,3,4,0,46,18,5,1,13,14,4
136010,50,ゴリだるま,60,441,30,211,7,62,29,206,10,77,16,3,4,0,45,22,5,1,13,14,4
137000,139,イガイガグリ,48,408,11,106,6,46,25,211,9,88,16,7,1,0,28,15,2,1,2,12,1
137010,140,チクチクウニ,50,428,17,140,7,48,28,230,8,64,16,7,2,0,33,18,3,1,2,12,2
138000,72,しゃれこ婦人,37,282,14,127,12,110,11,102,15,135,1,4,1,0,18,24,2,1,14,16,1
139000,73,カラカラさん,45,344,19,144,15,123,14,115,20,152,1,4,3,0,22,28,4,1,14,16,3
139010,74,ほね美人,49,361,17,125,21,149,16,123,22,166,6,4,4,0,42,31,5,1,14,16,4
140000,51,ムリカベ,50,422,11,101,5,47,27,234,5,56,16,3,1,0,37,9,2,1,7,6,1
141000,52,むりだ城,63,472,14,152,7,53,43,270,8,61,16,3,4,0,47,14,5,1,7,6,4
141010,53,シロカベ,68,483,5,60,19,159,46,282,9,70,17,3,5,0,51,16,6,1,7,6,5
142000,57,トオセンボン,58,463,17,130,5,42,27,240,7,53,16,3,2,0,31,12,3,1,4,12,2
142010,58,くろがねセンボン,60,470,21,148,6,53,33,253,5,47,16,3,3,0,37,7,4,1,4,12,3
143000,54,ヨロイさん,57,443,13,101,7,67,26,231,10,85,20,3,2,0,38,6,3,1,10,6,2
144000,59,ふじのやま,66,438,12,104,5,66,34,259,10,70,20,3,3,0,40,11,4,1,8,5,3
144010,60,さくらのじま,63,445,13,105,12,87,37,268,11,77,20,3,4,0,47,17,5,1,8,5,4
145000,64,武者かぶと,54,452,28,124,10,66,30,228,11,86,16,3,4,0,41,16,5,1,10,4,4
146000,0,かぶと無双,58,478,31,145,12,68,34,240,12,87,16,3,5,0,51,19,6,1,10,4,5
146010,65,オオツノノ神,61,492,34,156,11,67,40,256,13,92,16,3,6,0,68,23,7,1,10,4,6
147000,68,キンカク,66,491,15,134,12,86,38,269,14,78,20,3,5,0,51,16,6,1,4,3,5
147010,66,ドウカク,60,445,13,118,10,80,32,239,7,64,20,3,3,0,39,10,4,1,4,3,3
147020,67,ギンカク,63,466,14,128,11,84,35,252,11,70,20,3,4,0,43,14,5,1,4,3,4
147030,0,プラチナカク,73,516,16,140,13,88,44,289,16,84,20,3,6,0,60,21,7,1,4,3,6
148000,71,だいだらぼっち,88,650,20,163,10,69,31,232,10,70,16,3,5,0,69,63,6,1,10,11,5
148010,493,うみぼうず,94,695,11,71,21,168,33,238,13,81,17,3,6,0,62,39,7,1,10,11,6
149000,75,セミまる,28,242,18,143,4,35,9,100,23,178,5,4,1,0,15,15,2,1,5,2,1
150000,76,カゲまる,41,313,22,157,6,38,11,112,28,203,5,4,3,0,34,19,4,1,5,2,3
150010,77,ヒグラシまる,47,346,28,188,7,45,14,132,28,201,5,4,4,0,44,22,5,1,5,2,4
151000,143,トホホギス,39,351,4,73,24,150,10,80,18,133,9,7,1,0,11,20,2,2,2,7,1
151010,144,ブカッコウ,46,397,5,50,28,207,17,113,22,156,9,7,3,0,20,26,4,1,2,7,3
151020,0,死神鳥,50,436,6,51,36,237,20,130,28,169,9,7,5,0,70,60,6,1,2,7,5
152000,80,ジバニャン,65,332,20,167,5,43,9,104,29,216,31,4,2,0,18,18,3,1,18,10,2
152900,284,ジバニャンＳ,54,403,29,278,9,58,11,123,44,253,4,4,6,0,80,60,7,1,18,10,6
153000,81,トゲニャン,49,366,22,168,7,59,16,116,33,210,3,4,4,0,43,25,5,1,18,10,4
154000,82,ワルニャン,53,388,25,185,4,36,17,133,30,194,4,4,4,0,42,19,5,1,18,10,4
155000,69,ロボニャン,62,465,21,128,12,71,37,234,14,143,20,3,5,0,62,35,6,1,18,10,5
155010,70,ゴルニャン,63,473,22,132,14,72,39,243,19,169,20,3,6,0,66,38,7,1,18,10,6
156000,192,ダイヤニャン,50,372,25,193,6,48,19,137,35,213,5,4,5,0,68,52,6,1,18,10,5
156010,188,サファイニャン,44,359,22,158,21,145,14,102,32,189,6,4,5,0,61,59,6,1,18,10,5
156020,189,エメラルニャン,32,314,27,169,33,204,19,118,20,133,11,4,5,0,65,55,6,1,18,10,5
156030,190,ルビーニャン,50,370,33,229,10,88,23,141,24,149,5,4,5,0,69,51,6,1,18,10,5
156040,191,トパニャン,56,390,21,150,8,70,33,225,25,156,16,4,5,0,63,57,6,1,18,10,5
157000,0,ノガッパ,47,343,5,43,20,184,12,108,19,147,9,4,2,0,18,23,3,1,8,6,2
158000,0,たびガッパ,54,374,7,54,35,239,15,121,25,174,9,4,5,0,60,28,6,1,8,6,5
158010,83,なみガッパ,56,392,8,60,32,213,17,130,26,182,9,4,5,0,57,31,6,1,8,6,5
159000,84,コマさん,41,343,4,40,26,190,9,102,21,160,9,4,2,0,18,22,3,1,19,5,2
159010,85,コマじろう,46,372,7,53,23,167,15,141,17,137,10,4,2,0,21,19,3,1,4,5,2
159400,0,ＫＪ,57,453,10,57,27,190,20,157,22,147,10,4,4,0,40,53,5,1,4,5,5
159900,285,コマさんＳ,60,487,9,46,37,242,15,117,29,194,9,4,6,0,60,80,7,1,19,5,6
159910,286,コマじろうＳ,67,533,12,60,30,212,24,173,26,156,10,4,6,0,70,70,7,1,4,5,6
160000,0,ししコマ,51,397,8,45,39,239,13,113,25,186,9,4,5,0,61,31,6,1,19,5,5
160020,0,とらじろう,55,426,10,55,33,227,20,156,25,152,10,4,5,0,53,25,6,1,4,5,5
161000,0,ボー坊,45,378,4,44,12,146,3,36,44,234,27,8,3,0,81,5,4,1,3,1,3
161010,172,しどろもどろ,44,371,11,79,20,180,9,43,35,223,22,8,4,0,40,41,5,1,3,1,4
162000,78,さむガリ,39,298,4,37,21,179,8,102,18,142,9,4,1,0,20,20,2,1,7,5,1
163000,442,ガリ王子,49,402,7,52,34,218,14,124,31,181,9,4,5,0,58,22,6,1,7,5,5
163010,79,あつガルル,46,366,6,51,28,197,21,122,35,226,10,4,6,0,69,32,7,1,7,5,6
164000,55,モレゾウ,39,304,17,147,3,26,18,147,23,179,3,3,2,0,33,13,3,1,1,2,2
164010,56,プルファント,53,421,7,53,13,109,29,242,16,114,17,3,3,0,38,19,4,1,1,2,3
165000,0,さいの目入道,49,405,29,176,9,84,17,118,22,167,5,5,4,0,43,21,5,1,3,11,4
165010,112,ゾロ目大明神,52,423,31,188,10,76,19,127,25,182,5,5,5,0,53,33,6,1,3,11,5
166000,44,天狗,46,417,7,80,23,164,26,168,28,154,10,2,6,0,80,55,7,1,3,10,6
166010,45,ほむら天狗,55,476,9,99,28,182,21,141,22,126,9,2,6,0,72,20,7,1,3,10,6
167000,99,ひも爺,33,283,5,45,20,190,11,113,19,131,14,5,1,0,16,26,2,1,1,2,1
167010,101,こめ爺,45,301,4,49,36,241,14,117,25,174,15,5,4,0,43,28,5,1,1,2,4
168000,100,くいい爺,41,358,7,55,34,223,17,127,23,157,9,5,4,0,41,30,5,1,1,2,4
169000,145,じんめん犬,38,298,21,178,3,40,11,102,17,142,4,7,1,0,28,22,2,1,13,10,1
170000,146,かおベロス,48,390,32,229,4,43,15,114,26,166,4,7,4,0,40,23,5,1,13,10,4
170010,147,三途の犬,49,395,6,45,28,185,15,106,32,219,9,7,5,0,55,25,6,1,13,10,5
171000,163,笑ウツボ,45,352,5,39,22,169,23,176,13,120,18,8,2,0,23,22,3,1,11,12,2
171010,164,歌ウナギ,48,386,24,193,10,78,18,128,19,135,1,8,3,0,25,29,4,1,11,12,3
171020,165,大蛇のツボ,47,378,6,41,24,181,26,196,16,118,18,8,3,0,27,26,4,1,11,12,3
172000,104,ぜっこう蝶,34,291,7,58,25,186,12,117,18,139,15,5,2,0,16,17,3,1,5,2,2
172010,105,ゼッコウ蝶,42,343,4,49,23,176,10,98,21,161,9,5,2,0,14,19,3,1,5,2,2
173000,106,サイコウ蝶,47,387,8,59,38,237,14,123,27,173,15,5,5,0,50,22,6,1,5,2,5
173010,107,アゲアゲハ,51,437,9,60,69,287,15,136,29,184,15,5,6,0,78,29,7,1,5,2,6
174000,94,ワカメくん,40,330,16,136,19,160,7,65,14,117,11,5,1,0,16,33,2,1,7,12,1
174010,95,コンブさん,44,363,6,50,21,178,12,100,15,140,15,5,1,0,13,30,2,1,7,12,1
174020,96,メカブちゃん,40,336,4,45,27,194,7,75,24,188,15,5,2,0,10,37,3,1,7,12,2
175000,88,キュン太郎,46,370,10,83,30,191,13,114,17,134,15,4,3,0,21,19,4,1,6,1,3
176000,89,ズキュキュン太,51,392,12,86,32,208,15,122,21,146,15,4,4,0,47,24,5,1,6,1,4
176010,90,裏キュン太,53,438,21,152,28,223,15,141,25,162,9,4,5,0,56,31,6,1,6,1,5
177000,108,ホノボーノ,48,364,6,51,26,193,21,176,16,116,13,5,3,0,22,22,4,1,2,7,3
178000,109,ヒョウヘンヌ,55,402,8,58,33,213,27,189,20,142,13,5,5,0,60,29,6,1,2,7,5
178010,110,ヒョウヘンナ,51,418,42,253,6,48,23,162,19,134,4,5,5,0,55,34,6,1,2,7,5
179000,0,サンタク老師,44,326,8,56,25,182,14,131,22,159,14,5,3,0,27,26,4,1,13,5,3
179010,111,ふくろじじい,50,374,6,42,27,201,17,145,20,140,9,5,3,0,30,30,4,1,13,5,3
180000,115,聖オカン,45,438,8,70,45,307,19,127,20,155,15,5,5,0,67,28,6,1,10,11,5
180010,116,心オバア,42,380,11,92,48,276,23,138,22,128,15,5,6,0,75,32,7,1,10,11,6
181000,113,雷オトン,53,428,9,88,46,262,22,136,11,105,10,5,5,0,62,25,6,1,8,14,5
181010,114,絶オジイ,58,446,38,230,38,230,14,102,6,52,6,5,6,0,68,30,7,1,8,14,6
182000,118,かたのり小僧,37,293,19,169,6,42,11,118,15,131,21,6,1,0,15,23,2,1,3,8,1
183000,0,かたのり親方,50,379,28,207,8,46,16,140,17,144,4,6,3,0,27,29,4,1,3,8,3
183010,119,ぎっくり男,48,424,35,235,5,45,22,156,18,123,4,6,4,0,44,31,5,1,3,8,4
184000,120,ネガティブーン,37,288,5,68,21,169,10,84,15,147,22,6,1,0,22,16,2,1,5,6,1
185000,121,ジャネガブーン,44,354,6,74,23,176,12,88,27,195,22,6,3,0,25,18,4,1,5,6,3
185010,122,かゆかゆ,47,379,8,74,24,174,14,90,37,225,22,6,5,0,59,23,6,1,5,6,5
186000,0,みちび鬼,39,333,17,131,6,70,10,84,18,147,21,6,1,0,26,11,2,2,3,4,1
186010,117,えこひい鬼,44,378,8,55,20,173,18,140,17,128,22,6,2,0,33,14,3,1,3,4,2
187000,141,ヨコドリ,43,357,5,42,26,196,14,135,10,81,22,7,1,0,22,16,2,1,6,1,1
187010,142,はらおドリ,49,387,30,203,6,43,13,120,13,119,21,7,2,0,26,20,3,1,6,1,2
188000,151,口だけおんな,41,337,25,184,9,98,6,55,21,156,21,7,2,0,21,23,3,1,2,12,2
188010,152,おつぼね様,45,314,29,203,11,102,14,113,20,137,21,7,3,0,24,29,4,1,2,12,3
189000,61,グレるりん,50,388,14,121,5,46,22,189,7,86,16,3,1,0,29,12,2,1,7,4,1
190000,62,ゴクドー,56,423,25,186,6,55,28,218,16,93,16,3,4,0,46,20,5,1,7,4,4
190020,63,アニ鬼,58,441,29,203,7,59,30,231,18,100,16,3,5,0,62,27,6,1,7,4,5
191000,0,魔ガサス,44,360,6,41,28,182,15,125,35,219,9,6,5,0,55,26,6,1,10,3,5
191010,474,ウ魔,50,416,33,203,5,39,20,155,27,181,4,6,5,0,64,31,6,1,10,3,5
192000,158,しわくちゃん,46,386,9,79,27,182,12,100,30,186,22,7,4,0,48,28,5,1,4,9,4
193000,159,老いらん,49,417,10,81,29,203,14,103,43,231,22,7,6,0,67,30,7,1,4,9,6
193010,160,ふじみ御前,53,443,11,84,34,233,9,78,40,216,27,7,6,0,61,35,7,1,4,9,6
194000,154,おならず者,43,334,24,176,20,150,10,81,16,131,21,7,3,0,33,20,4,1,4,5,3
194010,155,へこ鬼神,49,393,27,190,9,56,11,79,35,228,21,7,5,0,60,24,6,1,4,5,5
195000,156,おすべり様,42,321,10,69,26,187,11,98,23,174,22,7,3,0,35,30,4,1,17,3,3
195010,157,おしっしょう,47,391,12,77,32,202,16,130,22,153,22,7,4,0,47,27,5,1,17,3,4
196000,161,フゥミン,44,363,9,65,25,187,11,83,40,229,22,7,5,0,52,13,6,1,3,10,5
196010,162,おねむの精,47,408,7,71,31,194,10,87,45,239,22,7,6,0,69,19,7,1,3,10,6
197000,123,ジミー,34,269,19,143,2,35,8,89,22,180,4,6,1,0,21,15,2,1,1,11,1
198000,124,カゲロー,43,344,26,171,4,40,10,111,35,220,4,6,4,0,41,15,5,1,1,11,4
198010,125,カイム,47,388,34,198,5,48,13,133,35,208,4,6,5,0,57,19,6,1,1,11,5
199000,148,じめりんぼう,34,319,4,51,24,179,7,86,19,142,22,7,1,0,13,19,2,1,5,6,1
199010,0,こおりんぼう,39,342,6,55,22,155,10,121,18,133,22,7,1,0,12,21,2,1,5,6,1
199020,150,たらりん,41,364,4,44,28,208,5,54,23,172,22,7,2,0,16,30,3,1,5,6,2
200000,149,雨ふらし,49,403,6,60,35,228,12,116,28,159,22,7,4,0,45,24,5,1,5,6,4
200010,0,化けあられ,52,430,7,62,31,204,17,144,24,145,22,7,4,0,43,26,5,1,5,6,4
201000,153,ドンヨリーヌ,49,384,11,96,22,160,20,151,10,88,22,7,2,0,23,17,3,1,2,7,2
202000,97,うらやましろう,44,279,14,127,12,121,5,69,22,163,21,5,1,0,16,14,2,1,7,10,1
202010,98,つまみぐいのすけ,46,318,15,123,11,103,7,73,26,185,21,5,2,0,26,16,3,1,7,10,2
203000,126,ヒキコウモリ,40,333,19,134,9,76,11,115,21,167,21,6,2,0,15,23,3,1,11,7,2
204000,127,トジコウモリ,48,384,27,188,11,78,22,150,26,171,21,6,5,0,62,26,6,1,11,7,5
204010,128,ヤドコウモリ,49,401,29,208,12,68,13,92,32,217,21,6,5,0,56,33,6,1,11,7,5
205000,102,びんボーイ,44,340,12,101,19,156,15,111,17,136,9,5,2,0,27,10,3,1,4,8,2
205010,103,らくてん童,49,369,19,144,14,113,17,126,21,153,5,5,3,0,30,13,4,1,4,8,3
206000,132,ネクラマテング,45,350,5,59,28,188,11,121,24,156,9,6,3,0,29,17,4,1,2,4,3
206010,133,ヨミテング,48,381,14,104,27,180,17,147,22,139,9,6,4,0,42,20,5,1,2,4,4
207000,129,ぎしんあん鬼,47,384,13,110,24,160,8,62,18,132,22,6,2,0,20,21,3,2,9,4,2
207010,130,ガ鬼,43,346,24,170,13,110,13,95,15,101,21,6,2,0,21,19,3,2,9,4,2
207020,131,あまのじゃく,52,442,10,84,10,49,30,233,25,171,19,6,4,0,51,18,5,1,9,4,4
208000,134,デビビル,47,383,44,247,9,80,15,113,29,189,4,6,5,0,57,14,6,1,7,12,5
209000,135,デビビラン,51,425,37,235,10,71,17,117,31,194,4,6,6,0,68,18,7,1,7,12,6
209010,136,虫歯伯爵,52,434,35,226,7,58,18,122,34,207,4,6,6,0,62,23,7,1,7,12,6
210000,137,ドケチング,49,407,9,98,33,205,14,102,30,177,22,6,5,0,50,29,6,1,11,3,5
210010,138,ヤミまろ,51,431,10,113,35,215,16,107,34,180,22,6,6,0,80,74,7,1,11,3,6
211000,0,ツチノコ,23,277,2,34,10,128,4,58,39,212,10,8,1,0,81,1,2,1,6,11,1
211010,0,ツチノコパンダ,40,392,21,131,17,112,11,78,42,216,1,8,5,0,22,81,6,2,6,11,5
212000,0,フクリュウ,31,354,4,39,28,182,9,83,45,234,10,8,5,0,80,5,6,1,6,11,5
213000,169,りゅーくん,40,321,18,155,18,155,12,85,17,112,1,8,2,0,26,21,3,1,9,7,2
214000,170,龍神,54,436,30,194,30,194,16,108,24,138,1,8,6,0,71,37,7,1,9,7,6
214010,171,青龍,58,463,28,186,28,186,14,87,28,165,6,8,6,0,67,42,7,1,9,7,6
215000,166,キライギョ,45,365,29,220,10,42,17,149,7,80,4,8,2,0,17,18,3,1,11,12,2
216000,167,ゾウオ,54,446,39,256,11,46,20,158,8,86,4,8,4,0,53,22,5,1,11,12,4
216010,168,ギャクジョウオ,56,451,9,51,47,274,25,179,6,105,9,8,5,0,53,31,6,1,11,12,5
217000,173,ミチクサメ,46,366,27,202,5,40,15,123,21,150,4,8,3,0,27,29,4,1,10,8,3
217010,174,トーシロザメ,65,507,11,54,24,195,21,162,17,117,17,8,4,0,53,25,5,1,10,8,4
218000,175,ムダヅカイ,45,386,21,146,15,70,20,183,17,125,24,8,3,0,43,37,4,1,2,12,3
218010,176,はらわシェル,53,433,25,164,12,64,26,211,16,110,24,8,4,0,41,42,5,1,2,12,4
219000,177,ナガバナ,47,374,30,217,6,41,15,118,21,150,4,8,3,0,28,18,4,1,3,5,3
219010,0,ナガバナナ,53,405,34,236,7,42,16,120,22,162,4,8,4,0,43,27,5,1,3,5,4
220000,178,しきるん蛇,48,387,33,209,5,42,16,126,23,166,4,8,4,0,42,24,5,1,12,3,4
220010,180,まむし行司,53,441,30,238,16,76,20,130,23,142,4,8,5,0,60,29,6,1,12,3,5
220020,179,すねスネーク,49,427,9,39,25,192,13,103,29,201,9,8,4,0,51,33,5,1,12,3,4
221000,181,オロチ,49,378,31,207,9,52,16,110,37,230,5,8,6,0,72,33,7,1,12,5,6
221010,182,影オロチ,51,390,30,193,33,210,11,71,28,168,11,8,6,0,66,41,7,1,12,5,6
221020,0,ヒカリオロチ,53,420,33,226,25,159,7,49,31,184,5,1,6,0,80,70,7,1,12,5,6
222000,183,ブシニャン,50,340,30,177,7,52,18,128,40,259,5,1,6,6,69,51,7,1,12,10,6
223000,184,しゅらコマ,48,405,8,63,60,318,23,157,20,140,10,2,6,6,60,60,7,1,19,5,6
224000,185,イケメン犬,36,368,15,70,37,222,13,112,42,235,15,7,6,6,62,64,7,1,9,10,6
225000,186,花さか爺,36,370,15,102,54,299,18,115,30,172,15,5,6,6,64,68,7,1,1,2,6
226000,187,山吹鬼,54,471,50,258,4,58,48,236,18,116,16,3,6,6,80,40,7,1,11,10,6
231000,0,獅子まる,40,288,25,183,5,44,11,110,13,119,5,1,1,0,30,22,2,2,9,15,1
232000,193,かたづ家来,38,284,18,190,2,37,11,112,20,132,5,1,1,0,32,15,2,1,14,9,1
233000,195,おこ武者,55,305,26,200,3,44,11,116,12,120,4,1,1,0,25,15,2,1,11,5,1
234000,0,おにぎり侍,47,325,35,204,10,111,5,74,12,128,2,1,2,0,37,17,3,1,1,2,2
235000,196,あかなめ,42,328,26,200,4,40,12,120,22,139,3,1,2,2,33,32,3,1,15,13,2
235500,0,あかなめ・怪,70,474,37,241,5,61,9,79,14,154,4,9,3,2,43,22,4,0,15,13,3
236000,264,フユニャン,38,287,31,171,4,55,15,121,29,211,5,1,4,0,45,35,5,1,12,15,4
236900,401,フユニャンＳ,41,321,36,211,5,65,20,147,34,261,5,1,6,0,78,63,7,1,12,15,6
237000,197,泥田坊,54,412,35,253,4,41,24,164,6,62,3,1,3,2,36,26,4,1,15,6,3
237500,0,泥田坊・怪,78,515,45,281,5,89,13,109,8,89,4,9,4,2,46,16,5,0,15,6,4
238000,198,ブリー隊長,47,387,43,228,5,46,18,140,20,176,5,1,5,0,65,30,6,1,6,16,5
239000,194,アライ魔将,52,348,29,221,6,56,20,148,26,149,5,1,4,0,49,18,5,1,14,9,4
240000,0,万尾獅子,51,419,46,300,7,43,19,148,32,203,5,1,5,0,53,38,6,2,9,15,5
241000,0,焼きおに斬り,54,402,46,253,6,64,17,136,19,149,5,1,5,0,58,23,6,1,1,2,5
242000,0,鬼食い,58,467,49,286,10,59,30,253,7,100,5,1,6,0,74,23,7,1,11,14,6
242010,0,いのちとり,50,406,25,181,41,236,28,234,6,97,6,1,6,0,63,31,7,1,14,11,6
243000,0,さかさっ傘,39,279,2,35,24,189,8,114,18,142,10,2,1,0,16,26,2,1,17,5,1
244000,0,こえんら,33,211,2,34,24,171,11,109,24,184,10,2,2,2,11,36,3,1,14,1,2
245000,0,一旦ゴメン,38,330,5,40,26,202,13,122,22,141,9,2,2,0,26,32,3,1,13,9,2
246000,211,モノマネキン,60,450,12,90,12,90,24,220,9,80,19,3,2,0,33,25,3,1,3,7,2
247000,204,Ｕ．Ｓ．Ｏ．,48,344,5,38,27,227,21,158,18,124,9,2,3,0,30,70,4,1,8,4,3
248000,200,メゾン・ドワスレ,34,203,10,63,20,181,10,80,36,234,9,2,4,0,42,46,5,1,3,10,4
249000,202,えんらえんら,40,349,4,41,30,231,16,127,36,228,10,2,5,2,53,39,6,1,14,1,5
249500,0,えんらえんら・怪,66,431,3,52,35,244,12,94,32,225,9,9,5,2,63,29,6,0,14,1,5
250000,203,おでんじん,60,488,7,57,40,240,26,186,10,91,8,2,5,0,63,42,6,1,15,17,5
251000,0,あやまり倒し,50,392,10,74,35,226,21,153,24,146,9,2,5,0,63,35,6,1,13,9,5
252000,0,うんがい三面鏡,58,428,5,52,46,262,29,214,6,57,8,2,5,0,52,37,6,1,9,7,5
253000,0,ぬえ,46,444,13,70,43,260,23,150,21,143,9,2,6,2,63,53,7,1,9,8,6
253010,0,風魔猿,42,405,10,63,45,263,21,141,26,168,9,2,6,2,60,63,7,1,8,9,6
254000,206,ドキ土器,56,428,12,96,6,52,23,198,6,66,19,3,1,0,33,16,2,2,17,5,1
255000,207,うらや飯,49,408,8,78,8,78,20,194,14,96,19,3,1,0,31,23,2,1,9,1,1
256000,213,あせっか鬼,70,523,8,63,13,117,20,176,9,85,17,3,3,0,44,11,4,2,13,10,3
257000,0,雷蔵,42,313,17,143,17,134,14,104,16,131,1,3,2,0,34,24,3,1,9,6,2
258000,209,迷い車,47,390,10,97,6,48,20,194,15,101,16,3,1,0,33,21,2,1,1,2,1
259000,0,泥ボックン,48,388,31,201,15,96,17,117,23,173,21,6,5,0,50,56,6,1,8,14,5
260000,208,プライ丼,63,448,11,90,17,156,33,218,11,86,18,3,4,0,44,28,5,1,12,6,4
261000,210,だっせんしゃ,50,400,31,204,7,53,23,198,17,111,3,3,4,0,51,26,5,1,1,2,4
262000,451,百々目鬼,44,367,27,176,27,176,20,220,20,130,1,6,5,2,57,22,6,1,11,10,5
262010,0,きらめ鬼,46,395,30,184,30,184,21,265,22,138,1,6,6,2,66,29,7,1,14,13,6
263000,233,肉くいおとこ,48,407,29,210,6,45,22,149,24,158,5,6,4,0,40,33,5,1,11,10,4
264000,0,ヒライ神,66,504,19,206,19,195,26,128,18,140,1,3,5,0,54,26,6,1,9,6,5
265000,212,ガマンモス,56,445,16,123,8,79,45,267,13,99,20,3,5,0,57,22,6,1,1,2,5
266000,0,大ガマ,59,471,23,197,11,64,46,258,18,102,16,3,6,2,67,43,7,1,16,5,6
266010,0,大やもり,53,455,12,72,21,165,44,243,22,138,19,3,6,2,62,37,7,1,16,5,6
267000,201,のっぺら坊,40,330,4,57,30,185,13,119,19,122,9,2,2,2,15,28,3,2,15,14,2
268000,216,一つ目小僧,46,324,26,184,4,73,13,102,21,123,5,4,2,2,24,21,3,2,15,14,2
269000,214,びきゃく,29,192,4,40,21,140,5,72,23,184,15,4,1,0,18,28,2,2,14,6,1
270000,218,ばくそく,36,288,13,108,6,36,14,85,35,270,5,4,3,0,39,19,4,1,13,16,3
271000,0,雨女,42,334,4,47,29,204,12,120,25,158,9,4,3,0,26,32,4,1,5,15,3
272000,215,つらがわり,48,304,3,43,25,191,9,123,22,145,9,4,2,0,21,23,3,1,14,8,2
273000,217,おバク様,51,371,9,52,27,208,15,130,24,167,9,4,4,0,43,30,5,1,5,12,4
274000,220,河童,49,379,11,52,26,193,15,120,34,215,10,4,5,2,56,56,6,1,10,13,5
274010,0,水虎,43,407,11,54,29,181,22,156,37,225,10,4,6,13,65,43,7,1,9,1,6
274500,0,河童・怪,55,429,12,62,29,204,7,73,36,235,9,9,5,2,61,46,6,0,9,1,5
275000,0,マスターニャーダ,48,406,7,43,31,184,15,131,40,230,10,4,6,0,66,39,7,1,12,17,6
276000,222,キズナメコ,34,291,4,45,22,171,5,83,23,176,15,5,1,0,18,28,2,1,10,13,1
277000,226,から傘お化け,35,317,7,72,15,133,13,106,17,145,8,5,1,2,26,20,2,1,15,7,1
277500,0,から傘お化け・怪,49,404,14,81,16,171,6,61,25,195,6,9,2,2,36,10,3,0,15,7,2
278000,224,砂夫,29,274,5,51,21,169,11,112,17,147,15,5,1,0,26,24,2,1,15,8,1
279000,0,どんちゃん,43,343,11,68,25,182,13,103,22,181,15,5,3,0,50,55,4,1,17,13,3
280000,229,くだん,36,312,19,135,25,173,11,96,12,107,11,5,2,2,27,21,3,1,8,4,2
280500,0,くだん・怪,51,440,23,166,30,190,5,40,17,156,11,9,3,2,37,11,4,0,8,4,3
281000,449,ざしきわらし,34,311,6,46,25,184,13,112,20,152,15,5,2,2,32,39,3,1,17,15,2
281500,0,ざしきわらし・怪,57,431,7,57,30,234,5,66,25,179,14,9,3,2,49,29,4,0,17,15,3
282000,0,晴れ男,49,366,7,49,25,202,14,101,20,172,10,5,3,0,34,30,4,1,14,16,3
283000,221,ワカメ☆スター,48,384,22,160,25,177,9,67,16,130,11,5,3,0,22,51,4,1,7,12,3
284000,223,キズナース,46,345,6,49,26,186,10,94,32,203,15,5,4,0,40,34,5,1,10,13,4
285000,225,大山砂夫,49,385,8,64,26,181,18,143,25,166,15,5,4,0,47,28,5,1,15,17,4
286000,227,から傘魔人,56,401,25,167,19,146,30,182,13,84,16,5,5,2,66,23,6,1,8,13,5
287000,228,ざしきわら神,46,380,8,58,34,225,17,134,29,173,15,5,5,2,67,39,6,1,17,15,5
288000,492,お金ナイダー,53,393,18,146,25,180,18,113,28,233,9,5,5,0,50,78,6,1,4,8,5
289000,0,大くだん,52,416,31,250,34,216,16,108,19,136,11,5,6,2,70,28,7,1,8,4,6
290000,440,麒麟,46,435,12,82,46,268,20,118,23,148,15,5,6,2,65,33,7,1,9,5,6
290010,0,イッカク,49,461,15,101,45,249,23,138,20,130,15,5,6,2,60,57,7,1,16,3,6
291000,199,化け草履,30,228,4,34,18,144,7,94,23,178,10,2,1,2,14,31,2,1,17,12,1
292000,230,ＴＥＴＳＵＹＡ,39,307,5,51,19,164,9,95,18,156,22,6,1,0,21,30,2,1,6,10,1
293000,0,かりパックン,40,337,22,165,10,91,12,106,20,140,21,6,2,0,16,36,3,1,8,14,2
294000,232,草くいおとこ,40,335,4,42,18,159,11,106,18,151,22,6,1,0,24,27,2,1,10,11,1
295000,234,まてんし,45,366,28,207,7,56,15,114,22,147,4,6,3,0,34,23,4,1,13,6,3
296000,235,ひとまか仙人,48,392,18,140,30,196,12,124,10,56,22,6,3,0,31,27,4,1,8,7,3
297000,236,りもこんかくし,42,345,19,130,7,61,11,97,30,215,21,6,3,0,27,34,4,1,6,10,3
298000,0,ミツマタノヅチ,53,391,28,172,26,190,27,150,15,106,6,6,5,0,65,45,6,1,15,7,5
299000,238,リー夫人,50,410,19,125,25,162,29,199,7,73,22,6,4,0,48,43,5,1,8,7,4
300000,438,ガブニャン,45,369,6,60,26,178,14,106,32,209,9,6,4,0,44,44,5,1,18,10,4
301000,231,ＫＡＮＴＥＴＳＵ,49,392,8,67,25,183,12,102,31,199,22,6,4,0,43,46,5,1,6,10,4
302000,0,どんどろ,55,462,27,145,27,145,23,282,21,143,24,6,6,0,72,48,7,1,16,4,6
303000,448,けうけげん,36,299,4,39,23,188,8,93,18,142,9,7,1,2,13,37,2,1,1,9,1
303500,0,けうけげん・怪,51,439,5,45,29,245,4,43,22,164,9,9,2,2,23,27,3,0,1,9,2
304000,243,認ＭＥＮ,45,357,6,59,25,186,11,97,16,147,24,7,2,0,32,25,3,1,6,16,2
305000,244,じがじぃさん,45,331,5,49,29,210,14,121,21,154,10,7,3,0,36,27,4,1,16,5,3
306000,246,花子さん,46,372,8,64,25,186,12,83,23,172,22,7,3,0,21,39,4,1,17,4,3
307000,245,のらりくらり,43,352,24,189,16,117,9,65,21,157,21,7,3,0,31,32,4,1,12,13,3
308000,239,ぶんぶん鳥,52,409,7,48,31,212,18,147,24,155,22,7,4,0,45,25,5,1,6,1,4
309000,0,のぼせトンマン,68,526,7,55,31,228,21,134,22,145,17,7,5,0,50,60,6,1,13,9,5
310000,241,爆音ならし,41,344,19,148,7,68,13,63,34,225,21,7,4,0,42,24,5,1,13,15,4
311000,242,ふさふさん,51,405,7,43,30,216,37,247,16,91,17,7,5,2,54,53,6,1,1,9,5
312000,247,呪野花子,49,417,9,66,29,199,14,87,34,225,22,7,5,0,56,50,6,1,17,4,5
313000,0,土蜘蛛,51,452,11,56,40,259,16,130,35,183,9,7,6,2,80,30,7,1,16,12,6
313010,0,女郎蜘蛛,49,440,29,212,22,149,12,98,38,170,4,7,6,2,62,33,7,1,16,12,6
314000,219,ケマモン,48,364,22,176,28,190,15,105,16,109,11,4,4,0,51,60,5,1,11,10,4
315000,248,ねちがえる,38,309,6,39,19,188,12,100,18,137,9,8,1,0,24,34,2,1,8,5,1
316000,0,からみぞん,41,316,20,183,12,113,7,66,16,115,21,8,1,0,18,34,2,1,14,15,1
317000,240,おともらし,33,275,15,145,6,66,5,52,24,188,21,7,1,0,30,24,2,1,13,15,1
318000,249,おもいだスッポン,53,402,5,41,26,210,22,173,6,60,18,8,2,0,20,32,3,1,16,12,2
319000,0,つられたろう丸,55,454,8,44,37,250,16,116,27,166,10,8,5,0,52,65,6,1,15,12,5
320000,0,ムカムカデ,45,372,23,182,10,52,13,116,17,146,4,8,2,0,32,31,3,1,6,14,2
321000,251,にんぎょ,42,336,10,50,27,200,11,116,16,138,10,8,2,2,25,35,3,1,14,15,2
321500,0,にんぎょ・怪,55,441,11,71,34,243,3,51,20,171,9,9,3,2,35,25,4,0,14,15,3
322000,252,ろくろ首,41,349,24,168,20,145,12,103,19,130,11,8,3,2,31,30,4,1,14,7,3
322500,0,ろくろ首・怪,67,445,27,211,23,171,5,54,22,161,2,9,4,2,43,30,5,1,14,7,4
323000,0,ホリュウ,51,421,7,52,58,241,22,148,13,123,9,8,4,0,50,30,5,2,7,14,4
324000,250,激ドラゴン,55,470,35,223,12,54,18,133,23,167,4,8,5,0,53,33,6,1,6,14,5
325000,0,おもいだ神,61,473,7,53,37,249,31,193,10,77,18,8,5,0,57,51,6,1,16,12,5
326000,0,こんがらギャル,54,428,30,224,20,136,14,73,24,152,21,8,5,0,56,48,6,1,14,15,5
327000,0,八百比丘尼,55,430,12,76,39,251,17,136,30,167,10,8,6,2,70,55,7,1,14,15,6
327010,0,イザナミ,56,456,8,54,45,270,24,158,20,140,10,8,6,2,73,50,7,1,14,15,6
329000,253,ネタバレリーナ,41,320,7,44,30,207,16,110,46,261,10,4,6,6,74,76,7,1,14,15,6
330000,254,うんちく魔,47,398,20,128,34,201,25,147,28,186,9,6,6,6,77,74,7,1,13,10,6
331000,255,やまタン,61,503,34,283,30,115,33,140,20,113,5,8,6,6,62,80,7,1,11,16,6
335000,443,厄怪,69,535,10,52,35,232,46,256,15,198,17,9,6,0,73,37,7,0,17,16,6
336000,444,不怪,47,408,7,45,36,242,11,95,47,300,22,9,6,0,61,73,7,0,12,11,6
337000,445,豪怪,92,635,48,306,7,82,29,206,10,122,16,9,6,0,80,48,7,0,11,10,6
338000,446,難怪,55,463,8,45,49,323,20,145,30,199,9,9,6,0,74,62,7,0,15,2,6
339000,447,破怪,55,465,40,222,30,174,22,127,26,156,1,9,6,0,76,55,7,0,13,12,6
340000,237,ジコチュウ,39,329,9,95,24,152,13,101,25,157,22,6,3,0,30,30,4,2,4,6,3
341000,205,アペリカン,50,349,10,71,27,202,16,106,17,136,10,2,3,0,40,40,4,2,6,12,3
342000,453,ダークニャン,42,359,27,172,7,65,15,99,36,230,21,7,5,0,63,54,6,1,12,14,5
343000,0,ブチニャン,40,363,27,178,7,50,20,117,31,223,5,4,5,0,66,36,6,1,18,10,5
344000,0,セバスチャン,39,340,11,70,37,248,19,119,20,149,15,2,4,0,53,18,5,1,16,5,4
345000,471,ロボニャンＦ型,56,456,28,169,10,63,38,253,11,93,16,3,5,0,67,43,6,1,18,10,5
346000,0,セーラーニャン,46,349,10,67,41,228,13,110,24,192,15,4,5,0,52,72,6,1,18,10,5
347000,495,マスクドニャーン,44,393,43,253,6,49,25,157,20,133,3,1,5,0,64,46,6,1,18,10,5
348000,0,ジバコマ,48,386,29,161,29,221,10,98,23,143,6,4,5,0,52,68,6,1,18,10,5
349000,0,ジェットニャン,44,325,7,75,23,157,11,94,34,213,10,4,4,0,53,67,5,1,18,16,4
350000,0,ワンダーニャン,52,368,27,210,6,49,17,120,24,183,5,4,4,0,58,48,5,1,18,14,4
353000,283,ハナホ人,27,202,7,67,11,107,7,74,40,243,22,2,2,0,30,70,3,1,17,15,2
354000,0,妖怪ガッツＫ,50,333,36,220,5,51,18,139,20,158,5,1,4,0,60,45,5,1,17,6,4
355000,0,妖怪ガッツＦ,50,333,5,51,36,220,18,139,20,158,10,1,4,0,55,50,5,1,17,6,4
360000,287,赤鬼,52,460,46,197,7,68,25,158,23,148,5,3,6,0,68,52,7,1,11,10,6
361000,0,青鬼,46,422,30,182,33,245,20,123,21,133,6,3,6,0,60,60,7,1,11,10,6
362000,0,黒鬼,59,473,39,264,6,56,38,241,15,106,16,3,6,0,75,45,7,1,11,10,6
371000,489,ロボガッパ,48,371,8,59,32,213,25,172,26,163,8,4,5,0,52,52,6,1,8,6,5
372000,488,ロボコマ,43,352,5,46,28,192,27,159,29,199,8,4,5,0,53,59,6,1,19,5,5
373000,262,ロボＧ,49,394,10,68,29,196,22,156,19,150,13,5,4,0,51,74,5,1,1,2,4
374000,263,ロボメン犬,47,386,23,156,5,42,21,137,28,213,5,7,4,0,57,32,5,1,13,10,4
375000,0,ロボノコ,53,437,11,41,18,143,35,231,15,133,17,8,4,0,50,80,5,1,6,11,4
376000,0,ロボりゅーくん,51,420,6,40,33,215,17,134,24,164,8,8,4,0,46,70,5,1,9,7,4
377000,256,メロンニャン,50,367,24,170,22,142,23,156,21,140,5,4,5,0,68,52,6,1,18,10,5
377010,257,ミカンニャン,42,321,21,147,21,147,21,147,21,147,1,4,4,0,56,54,5,1,18,10,4
377020,258,キウイニャン,48,346,28,202,6,51,18,137,25,174,5,4,4,0,51,59,5,1,18,10,4
377030,259,ブドウニャン,48,346,6,51,28,202,15,126,28,185,10,4,4,0,48,62,5,1,18,10,4
377040,260,イチゴニャン,39,319,20,150,20,125,6,70,31,200,1,4,4,0,53,57,5,1,18,10,4
377050,261,スイカニャン,66,428,20,156,8,51,40,247,14,136,16,4,5,0,65,55,6,1,18,10,5
401000,265,ジンギスギスカン,44,353,25,173,6,44,12,134,20,143,4,6,2,12,24,36,3,1,11,4,2
402000,266,チンギスギスハン,50,406,30,189,7,48,21,159,22,161,4,6,4,12,52,41,5,1,11,4,4
403000,267,寝ブタ,67,423,55,257,3,43,10,130,4,46,3,1,2,0,33,27,3,2,13,14,2
404000,268,ねぶた,67,479,55,289,3,51,10,146,4,49,3,1,4,0,43,32,5,1,13,14,4
405000,269,江戸っ子パンダ,37,305,19,153,5,37,12,98,23,182,5,4,2,12,33,27,3,1,8,6,2
406000,270,大江戸忍者パンダ,45,344,24,171,7,43,14,109,30,211,5,4,4,12,45,31,5,1,8,6,4
407000,271,ひつま武士,57,400,34,241,4,42,14,153,5,43,5,1,2,0,35,25,3,1,12,2,2
408000,272,ひまつ武士,66,456,43,268,6,48,17,171,6,55,5,1,4,0,40,30,5,1,12,2,4
409000,273,たこやっ鬼,49,396,19,147,6,43,25,186,11,104,16,8,2,12,38,22,3,1,15,8,2
410000,274,たこや鬼神,55,452,23,163,7,46,35,225,13,110,16,8,4,12,43,27,5,1,15,8,4
411000,275,砂ン丘入道,48,418,5,40,21,166,26,193,9,75,17,7,2,12,30,10,3,1,15,3,2
412000,276,ノー砂ン丘入道,55,466,6,43,25,181,36,237,11,78,17,7,4,12,55,15,5,1,15,3,4
413000,277,すもうどん,52,444,15,110,10,88,28,205,6,63,16,3,2,12,37,23,3,1,16,17,2
414000,278,横綱うどん,53,450,19,160,14,96,36,218,10,70,16,3,4,12,42,28,5,1,16,17,4
415000,279,あっそう山,55,461,5,48,16,134,31,219,6,60,17,3,2,12,25,20,3,1,11,14,2
416000,280,あそっ火山,63,482,6,51,21,170,39,249,7,64,17,3,4,12,45,25,5,1,11,14,4
417000,281,ウキウキビ,36,298,5,46,24,188,11,113,23,149,15,5,2,12,23,37,3,1,17,9,2
418000,282,トキメキビ,46,373,7,54,31,205,15,126,25,166,15,5,4,12,51,42,5,1,17,9,4
451000,460,モモタロニャン,51,425,19,140,6,49,32,205,28,181,16,1,5,0,70,40,6,1,8,20,5
452000,320,イヌニャン,42,353,31,197,4,40,13,115,32,205,5,3,4,0,60,50,5,1,18,10,4
453000,335,サルニャン,42,364,24,169,5,47,10,81,37,231,5,4,4,0,55,65,5,1,18,10,4
454000,352,キジニャン,40,333,9,49,34,233,16,126,22,156,15,5,4,0,45,75,5,1,18,10,4
455000,0,Ｂジバニャン,49,404,30,207,4,40,8,80,34,215,5,4,4,0,60,50,5,1,18,10,4
456000,0,Ｂコマさん,42,333,24,153,4,36,10,97,34,224,5,4,4,0,50,70,5,1,19,5,4
457000,0,ニャン騎士,55,464,20,162,7,59,44,250,17,109,16,1,5,0,70,40,6,1,17,10,5
458000,483,ニャン魔女,42,354,5,49,41,245,16,125,28,178,10,2,5,0,50,80,6,1,14,11,5
459000,0,アカマル,47,360,18,160,3,48,9,75,33,217,5,4,3,0,40,60,4,1,18,10,3
471000,0,Ｂ－ＵＳＡピョン,44,356,33,232,4,40,16,127,26,158,5,6,4,3,55,65,5,1,20,15,4
473000,458,エンマ大王,61,460,41,260,26,190,29,200,29,200,5,11,6,0,68,68,7,1,3,12,6
473100,0,エンマ大王（エンマブレード装備）,61,460,51,360,26,190,19,100,29,200,5,11,6,0,68,68,7,1,3,12,6
474000,0,フウ２,47,373,18,117,19,138,18,127,20,145,6,2,3,0,40,40,4,1,2,10,3
475000,461,ウラシマニャン,49,386,10,59,40,253,18,132,23,160,15,5,5,0,50,80,6,1,12,13,5
476000,462,キンタロニャン,55,458,39,222,5,44,31,186,13,130,3,3,5,0,65,55,6,1,11,14,5
477000,0,ブリー元帥,51,426,36,192,15,126,27,165,20,128,5,1,6,0,78,45,7,1,6,16,6
478000,0,鬼ガマ,53,427,9,45,43,268,21,144,26,174,9,2,6,0,65,65,7,1,8,24,6
479000,0,カブキロイド,59,480,23,176,13,92,50,254,10,93,16,3,6,0,73,51,7,1,24,21,6
480000,336,レッドＪ,51,424,31,202,6,39,11,106,37,228,4,4,5,0,64,53,6,1,18,23,5
481000,340,モズク先生,36,144,14,106,32,154,2,33,25,159,10,5,3,0,30,62,4,1,16,5,3
482000,0,ガシャどくろ,57,467,37,238,10,78,31,193,9,70,21,6,5,0,55,73,6,1,4,5,5
483000,0,シメッポイーナ,53,442,7,66,33,207,22,169,7,65,22,7,3,0,42,46,4,1,14,9,3
484000,0,ツチノコ星人,35,344,25,247,25,247,9,27,35,274,2,8,4,0,22,81,5,1,20,24,4
485000,337,マイティードッグ,57,457,40,226,7,75,31,197,9,84,3,4,5,0,67,60,6,1,19,8,5
486000,0,鬼蜘蛛,55,453,43,270,9,43,23,160,23,150,4,1,6,0,80,53,7,1,24,8,6
487000,485,ぬらりひょん,55,471,11,55,45,281,27,155,19,137,9,6,6,0,80,52,7,1,9,3,6
501000,325,コンたん,38,340,10,85,23,176,5,53,24,179,15,4,2,0,22,26,3,1,24,6,2
502000,288,アチャー,42,341,27,192,2,37,4,54,19,176,4,1,1,0,29,21,2,1,10,1,1
503000,289,枕返し,47,374,26,178,4,43,15,145,9,96,3,1,1,2,32,18,2,1,1,21,1
504000,0,ガチン小僧,50,394,33,216,5,40,8,103,14,122,5,1,2,0,30,11,3,1,11,5,2
505000,291,ダメジャー,38,336,24,180,6,53,13,126,23,138,4,1,2,3,32,23,3,1,22,20,2
506000,290,一瞬ボーイ,33,297,16,146,3,36,9,74,31,192,5,1,2,0,38,20,3,1,19,15,2
507000,302,ひじょうぐち,41,313,3,35,18,142,12,103,24,196,10,2,2,0,16,40,3,1,23,5,2
508000,293,ニクヤ鬼,51,412,36,229,5,59,22,164,7,65,3,1,3,3,44,11,4,1,11,14,3
509000,294,シラ切りスズメ,40,339,24,163,5,53,11,106,31,196,4,1,3,0,41,30,4,1,24,18,3
510000,306,スットン卿,46,361,8,74,25,192,14,92,21,160,22,2,3,0,30,70,4,1,20,9,3
511000,347,カンガエルー,46,380,14,78,21,180,19,155,18,122,9,5,3,0,36,32,4,1,19,7,3
512000,296,ハンゾウ,47,403,31,191,6,52,15,112,41,235,4,1,6,3,77,23,7,1,8,19,6
512010,297,コタロウ,47,401,34,218,7,39,17,135,39,230,4,1,6,3,64,46,7,1,8,19,6
513000,0,コロンブス,52,447,31,216,16,77,24,151,28,183,5,1,6,7,62,80,7,1,23,7,6
514000,292,ダメジャナイン,48,405,30,197,9,69,17,138,25,158,5,1,4,3,56,30,5,1,22,20,4
515000,0,総ナメ,50,421,40,248,8,45,20,147,22,153,5,1,5,0,53,51,6,1,15,13,5
516000,0,天下無僧,58,452,43,257,6,53,12,106,25,168,5,1,5,0,58,26,6,1,11,5,5
517000,0,なまなまはげ,55,443,60,401,17,143,13,108,8,100,4,1,6,0,80,10,7,1,11,5,6
518000,0,フユニャン曹操,39,301,36,199,5,55,21,160,31,253,5,1,6,10,61,80,7,2,12,15,6
519000,298,パッカー,45,360,5,53,23,191,15,145,11,70,22,2,1,3,20,36,2,1,20,4,1
520000,299,口すべらし,34,292,3,39,20,142,6,82,25,182,10,2,1,0,36,20,2,1,22,16,1
521000,0,そらミミズク,43,357,5,46,32,235,6,85,11,96,9,2,1,0,24,36,2,1,23,13,1
522000,300,ナンデナン,46,383,5,33,27,218,8,93,12,110,9,2,1,0,11,39,2,1,13,21,1
523000,303,まるナゲット,44,314,25,198,4,33,14,119,16,150,4,2,2,3,33,15,3,1,19,8,2
524000,304,ピントコーン,45,353,7,67,28,200,20,152,8,85,9,2,2,3,30,30,3,1,20,10,2
525000,307,家ーイ,49,386,5,41,27,202,22,163,17,123,8,2,3,3,23,47,4,1,21,15,3
526000,308,レインボーン,43,380,19,140,22,153,9,70,19,152,10,2,3,3,23,47,4,1,19,22,3
527000,309,せいでん鬼,48,389,5,42,32,210,18,122,22,172,9,2,4,0,46,20,5,1,17,1,4
528000,0,なぞトキ,45,348,8,38,34,225,12,108,24,188,9,2,4,0,43,46,5,1,12,22,4
529000,310,紙かくし,47,374,6,45,29,200,16,126,26,180,9,2,4,0,41,50,5,1,24,21,4
530000,311,ヒマ神,44,337,11,56,33,218,12,107,23,180,9,2,4,3,40,54,5,1,19,11,4
531000,0,オトナカイ,51,441,6,43,38,231,16,114,25,183,9,2,5,3,53,34,6,1,23,17,5
532000,0,じごくミミズク,55,463,10,73,42,251,25,170,11,86,9,2,5,0,60,41,6,1,23,13,5
533000,301,そーナンだー,50,428,7,39,36,218,19,144,23,174,10,2,5,0,57,50,6,1,13,21,5
534000,0,エジソン,53,459,12,66,44,270,28,167,20,138,9,2,6,7,60,80,7,1,6,8,6
535000,0,酒呑童子,46,414,7,71,31,178,20,102,35,236,9,2,6,2,63,62,7,1,24,19,6
536000,312,バニー・ミント,47,428,6,37,33,212,14,84,39,250,10,2,6,3,67,74,7,1,14,12,6
536010,0,スノーラビィ,54,457,3,33,41,246,17,123,32,202,10,2,6,3,74,47,7,1,14,12,6
537000,0,あまん汁,45,362,16,137,4,42,26,201,7,76,19,3,1,3,30,20,2,1,3,9,1
538000,0,ポン骨,42,338,13,122,8,66,23,186,10,89,21,3,1,0,21,20,2,1,4,5,1
539000,313,マイッカー,46,382,9,82,3,39,20,173,16,143,20,3,1,3,31,23,2,1,20,7,1
540000,314,オーバーガー,48,384,16,136,6,45,26,202,13,106,16,3,2,3,34,20,3,1,6,22,2
541000,315,魔ウンテン,53,436,6,61,17,128,32,231,4,53,17,3,2,3,32,11,3,1,13,1,2
542000,0,あっけら艦,43,359,5,39,13,89,25,198,16,156,20,3,2,3,34,22,3,1,20,16,2
543000,316,シングコング,53,441,24,176,5,38,31,228,9,70,16,3,3,3,40,15,4,1,22,4,3
544000,317,カメッパ,49,404,14,68,5,39,27,211,20,190,20,3,3,0,23,24,4,1,10,6,3
545000,318,おくらいり,55,471,20,156,12,83,30,208,6,56,3,3,3,0,33,22,4,1,15,19,3
546000,319,カクさん,48,406,20,130,8,38,29,224,14,130,16,3,3,0,36,23,4,1,8,19,3
547000,0,リボーン,53,438,29,181,9,67,37,247,14,90,20,3,5,0,63,32,6,1,4,5,5
548000,0,アンドロイド山田,49,393,11,56,20,143,35,232,15,130,19,10,4,0,42,35,5,1,13,3,4
549000,0,怒気ドキ土器,55,461,18,149,10,56,38,255,12,86,16,3,4,0,41,20,5,1,17,5,4
550000,0,ステーキング,56,459,24,169,8,43,35,230,20,136,16,3,5,3,58,24,6,1,11,15,5
551000,496,ギュウ汁,61,487,27,180,8,46,32,226,18,118,16,3,5,3,62,24,6,1,11,2,5
552000,0,シレイ艦,52,436,6,41,15,90,39,268,24,171,20,3,5,3,61,28,6,1,20,16,5
553000,494,スカイシャリマン,58,489,30,160,4,36,46,296,16,120,20,3,6,3,72,48,7,1,8,24,6
554000,0,ザ・シャーク,73,642,35,196,7,78,41,251,6,41,16,3,6,3,68,52,7,1,22,1,6
554010,0,エル・シャクレロ,79,684,12,60,26,170,38,233,10,90,17,3,6,3,61,68,7,1,22,1,6
555000,324,アンビリバ坊,33,282,18,153,2,35,6,79,25,180,5,4,1,3,28,15,2,1,17,16,1
556000,321,ピヨピヨコ,32,279,15,135,4,42,9,99,24,172,21,4,1,0,11,30,2,1,5,13,1
557000,322,ほっとけーキ,37,311,6,54,21,183,10,86,15,138,15,4,1,3,15,27,2,1,14,17,1
558000,0,こてんパン,46,363,23,192,5,40,11,108,13,118,4,4,1,3,35,10,2,1,4,22,1
559000,326,わかランナー,37,329,19,179,3,39,14,107,26,172,4,4,2,3,22,30,3,1,22,23,2
560000,329,カンペちゃん,40,352,6,54,23,182,9,97,23,156,14,4,2,0,25,27,3,1,23,13,2
561000,327,寝コロンブス,38,345,3,41,20,167,11,98,28,187,9,4,2,3,28,23,3,1,12,24,2
562000,328,デモネード,34,312,3,39,24,164,12,128,25,171,9,4,2,3,20,28,3,1,14,8,2
563000,331,ナンスカンク,40,351,24,176,5,38,9,85,30,203,4,4,3,3,22,45,4,1,21,14,3
564000,332,おきラクーン,45,390,8,66,41,249,18,164,6,53,10,4,3,3,26,28,4,1,5,13,3
565000,333,おとなブル,47,396,28,196,4,40,7,92,28,188,4,4,3,3,31,30,4,1,5,1,3
566000,330,無茶ぶりっ子,49,402,8,58,29,203,11,107,28,179,14,4,4,0,51,36,5,1,23,13,4
567000,0,大化ケット,55,442,40,253,5,44,20,140,23,146,5,4,5,3,54,23,6,1,4,22,5
568000,334,たまのこし,50,421,6,45,29,200,21,174,14,104,13,4,3,0,20,80,4,1,8,17,3
569000,0,コマさん孫策,56,451,6,39,37,251,22,128,27,189,9,4,6,10,63,70,7,1,19,5,6
570000,0,烏天狗,49,419,6,43,34,188,9,101,42,254,10,4,6,2,67,57,7,1,24,7,6
570010,0,カルラ,49,411,4,34,43,250,10,98,39,236,9,4,6,2,60,43,7,1,24,7,6
571000,0,バッド坊や,48,405,35,165,5,56,11,96,40,243,4,4,6,3,69,25,7,1,17,16,6
571010,0,激辛ボーイ,54,447,42,248,4,34,10,111,37,214,4,4,6,3,71,30,7,1,17,16,6
572000,0,かまいたち,49,418,25,188,19,118,3,40,39,228,1,4,5,2,56,24,6,1,16,23,5
573000,341,風呂ずきん,34,309,3,37,23,178,13,121,15,133,10,5,1,0,26,21,2,1,19,7,1
574000,338,モ作,46,370,10,94,14,138,23,181,5,50,17,5,1,0,26,11,2,1,1,19,1
575000,339,ハーモリー,32,295,5,46,21,172,9,93,20,162,15,5,1,3,10,24,2,1,23,13,1
576000,342,アフロ１３,47,380,5,61,29,206,21,153,7,80,10,5,2,3,27,20,3,1,20,8,2
577000,343,テンテコ米,40,339,8,40,24,190,18,150,15,133,13,5,2,0,25,18,3,1,1,21,2
578000,344,あしたガール,38,314,7,46,25,187,12,105,18,168,15,5,2,3,20,21,3,1,19,16,2
579000,348,はなしカミ,51,406,22,170,27,208,12,80,9,69,6,5,3,0,36,26,4,1,13,16,3
580000,349,サンデーパパ,53,420,4,38,24,183,29,210,12,92,18,5,3,3,37,24,4,1,19,15,3
581000,350,ガッテンマイヤー,55,435,9,40,24,191,21,186,14,102,15,5,3,3,35,28,4,1,23,17,3
582000,351,エコロ爺,43,349,16,110,22,163,17,129,19,143,15,5,3,0,33,23,4,1,10,11,3
583000,353,ハッピィさん,49,419,14,127,27,183,4,37,31,192,15,5,4,0,60,43,5,1,21,17,4
584000,345,どっちつかず,42,350,11,96,19,158,9,64,21,177,22,5,2,0,13,24,3,1,10,21,2
585000,354,歯磨貴婦人,54,449,8,46,35,231,20,161,15,106,15,5,4,3,52,33,5,1,24,17,4
586000,439,ふろーラル,53,331,5,39,33,224,22,154,24,183,10,5,5,0,61,29,6,1,19,7,5
587000,355,いたれりつくせり,59,357,9,57,41,254,17,133,19,164,15,5,5,0,54,51,6,1,24,21,5
588000,0,ダーウィン,46,404,7,51,46,256,34,211,20,140,15,5,6,7,62,72,7,1,21,20,6
589000,0,スピーディーＷ,48,402,16,144,31,231,12,43,27,306,15,5,6,3,71,64,7,1,21,1,6
589010,0,カンフーマッハ,45,394,27,180,20,182,7,34,34,331,2,5,6,3,75,56,7,1,21,1,6
590000,0,椿姫,51,427,35,215,22,192,10,86,28,189,2,1,6,0,66,77,7,1,16,17,6
591000,0,ジバニャン劉備,51,413,28,183,6,31,21,129,35,244,4,4,6,10,70,50,7,1,18,10,6
592000,359,つぶや木,49,397,20,183,7,56,19,173,5,43,21,6,1,3,35,23,2,1,21,9,1
593000,356,やるせナス,43,361,7,50,19,174,16,152,12,90,22,6,1,0,26,21,2,1,23,4,1
594000,357,チクリ魔,29,282,9,50,16,147,4,36,23,197,22,6,1,0,22,25,2,1,5,12,1
595000,358,ちらかし家来,36,328,15,152,9,81,7,54,22,175,4,6,1,0,20,26,2,1,20,14,1
596000,362,ギーくん,45,356,5,46,25,189,20,160,13,113,22,6,2,3,27,34,3,1,21,12,2
597000,369,ＵＳＡピョン,54,389,32,215,7,62,14,113,21,143,4,6,4,3,45,75,5,1,20,15,4
597010,370,アメフトＵＳＡピョン,55,422,22,172,6,48,33,204,10,99,3,6,4,3,60,40,5,1,20,15,4
597020,371,ダイバーＵＳＡピョン,47,370,22,152,24,194,12,75,17,117,6,6,4,3,60,60,5,1,20,15,4
597030,372,アーミーＵＳＡピョン,57,439,35,235,4,33,19,147,12,102,3,6,4,3,60,50,5,1,20,15,4
597040,373,レーサーＵＳＡピョン,47,379,17,134,7,33,15,107,28,220,4,6,4,3,60,70,5,1,20,15,4
598000,361,カリカリベーコン,49,387,7,52,28,205,14,130,12,111,9,6,2,3,34,20,3,1,22,16,2
599000,364,じこけん王,52,407,25,195,9,58,18,141,17,128,21,6,3,0,36,56,4,1,8,6,3
600000,0,インチキン,43,351,11,84,26,206,9,57,23,177,22,6,3,3,24,43,4,1,21,17,3
601000,365,あんのジョー,51,404,29,219,3,34,11,91,22,164,4,6,3,3,42,20,4,1,22,23,3
602000,366,アイタタタイムズ,55,426,18,124,19,164,15,95,16,133,22,6,3,3,37,35,4,1,19,12,3
603000,368,カッパー,50,418,15,116,34,231,9,51,22,156,22,6,4,3,45,37,5,1,6,8,4
604000,385,けちらし,57,459,24,166,16,111,27,189,10,75,24,7,4,0,48,40,5,1,10,23,4
605000,360,ツリート,55,441,13,107,25,167,33,230,7,43,24,6,4,3,43,39,5,1,21,9,4
606000,0,ダリス,46,384,34,242,14,85,11,44,19,179,21,6,4,0,47,38,5,1,20,7,4
607000,367,ゴジダツ爺,47,382,16,128,26,205,9,43,21,154,22,6,3,0,32,30,4,1,24,17,3
608000,363,ハッキング,57,462,8,48,35,220,26,186,18,122,22,6,5,3,52,42,6,1,21,12,5
609000,0,ゼロ博士,55,448,18,131,38,251,10,65,32,178,22,6,6,3,62,48,7,1,24,17,6
609010,0,Ｄｒ．カゲムラ,59,460,14,74,35,234,20,148,27,165,22,6,6,3,63,62,7,1,24,17,6
610000,0,魔天王,46,372,65,359,6,37,12,92,52,282,4,6,6,0,68,29,7,1,13,6,6
611000,0,イーセンイッテル,48,388,3,40,28,215,14,101,22,161,10,5,3,3,33,33,4,1,22,3,3
612000,374,かえりタイ,32,282,6,53,15,149,8,72,23,179,22,7,1,3,18,21,2,1,4,9,1
613000,0,たいこモチ,42,355,6,38,15,153,20,182,13,95,24,7,1,0,31,12,2,1,1,21,1
614000,375,やぶレター,39,334,7,73,18,170,4,42,22,176,22,7,1,3,17,23,2,1,6,16,1
615000,376,てのひらがえし,38,316,22,186,4,50,10,88,16,143,21,7,1,0,22,15,2,1,22,7,1
616000,379,黄ばんドール,38,312,5,59,27,200,11,98,19,149,22,7,2,3,22,35,3,1,19,6,2
617000,380,ふあんかん,42,348,25,188,5,40,14,106,16,162,21,7,2,3,26,33,3,1,22,19,2
618000,381,たらいまわし,49,391,27,181,5,56,24,181,5,79,24,7,2,0,28,34,3,1,24,5,2
619000,382,おひとり様,47,397,9,46,30,213,15,124,18,142,22,7,3,0,35,30,4,1,15,14,3
620000,383,テンパるンバ,40,342,13,93,23,163,5,40,27,205,22,7,3,0,33,36,4,1,12,16,3
621000,384,こしパンダ,53,421,33,224,6,38,19,167,11,89,21,7,3,0,42,25,4,1,21,4,3
622000,0,アンラッキィさん,46,383,5,43,26,177,9,71,34,231,22,7,4,0,43,77,5,1,21,17,4
623000,305,カラヤブリ,50,400,9,42,18,153,26,220,7,74,17,2,2,3,10,55,3,1,2,15,2
624000,386,ヨッチャ～,51,422,4,40,35,232,15,83,21,183,22,7,4,0,60,60,5,1,23,1,4
625000,378,ごまスリー,55,431,9,48,30,216,25,169,24,153,22,7,5,0,62,15,6,1,1,21,5
626000,0,決めて魔王,57,450,38,240,7,44,15,126,27,170,5,7,5,0,56,41,6,1,8,17,5
627000,452,おとろし,59,473,26,191,6,46,43,267,11,69,16,7,5,2,51,56,6,1,24,21,5
628000,0,オリジン,89,654,10,48,25,190,32,224,14,100,8,7,6,3,68,52,7,1,21,12,6
628010,0,ファントム,81,576,8,61,36,226,25,180,16,119,10,7,6,3,61,62,7,1,21,12,6
629000,377,あしでまとい,47,380,5,53,27,204,15,145,5,58,22,7,1,0,25,10,2,1,19,1,1
630000,388,ダソックス,34,291,25,188,6,39,9,96,14,151,4,8,1,3,30,36,2,1,23,21,1
631000,387,バンジーきゅうす,43,338,22,186,5,44,14,138,13,105,4,8,1,0,15,38,2,1,5,13,1
632000,323,いきあたりバッタ,40,328,16,156,5,37,7,95,23,168,4,4,1,3,13,26,2,1,10,22,1
633000,0,マイマイペース,45,357,7,42,20,197,18,164,8,64,22,8,1,3,20,36,2,1,12,20,1
634000,390,オッタマゲーター,44,351,27,156,4,39,12,99,16,151,4,8,2,3,33,21,3,1,11,19,2
635000,393,ダイナシー,47,389,31,226,7,37,12,124,12,101,4,8,2,3,34,12,3,1,22,4,2
636000,391,ナンモナイト,50,422,14,125,6,56,30,211,10,86,16,8,2,3,30,24,3,1,12,23,2
637000,392,カイーギョ,40,314,6,39,25,190,13,110,17,157,9,8,2,0,35,23,3,1,24,17,2
638000,395,キリスギリス,42,350,20,149,11,79,12,108,27,188,4,8,3,0,36,36,4,1,3,15,3
639000,295,いばる～ん,75,510,29,206,6,71,20,160,13,86,16,1,4,3,55,41,5,1,22,20,4
640000,396,ひっぱりダコ,48,408,30,207,5,39,16,122,20,154,4,8,3,0,34,28,4,1,12,13,3
641000,389,アーダコンダ,51,418,32,229,7,42,14,100,22,167,4,8,4,3,51,37,5,1,23,21,4
642000,397,たこうらみ,45,372,6,45,27,197,13,111,22,164,9,8,3,0,37,25,4,1,12,5,3
643000,450,油すまし,63,527,13,87,21,156,28,202,12,76,17,8,4,2,56,45,5,1,24,17,4
644000,346,ポチッ,32,291,7,39,23,192,9,75,23,183,15,5,2,0,16,25,3,1,22,23,2
645000,398,おれリュウ,55,446,8,41,42,266,27,170,11,104,9,8,5,0,53,47,6,1,8,7,5
646000,0,Ｄ－レックス,58,486,48,276,8,41,27,170,13,126,4,8,6,3,71,26,7,1,22,4,6
646010,0,ドジラ,63,514,43,253,6,49,35,194,10,109,3,8,6,3,69,32,7,1,22,4,6
647000,399,センポクカンポク,53,461,10,42,46,261,26,155,17,163,15,8,6,2,72,32,7,1,8,4,6
648000,0,乙姫,51,461,13,43,37,227,19,134,36,240,10,4,6,6,63,64,7,1,8,22,6
649000,0,あしゅら,59,490,45,275,11,36,25,168,25,173,5,1,6,6,61,60,7,1,11,17,6
650000,0,ばたんＱ,65,508,8,45,43,281,30,180,22,141,22,7,6,6,64,56,7,1,15,13,6
661000,0,コアラニャン,48,383,10,99,25,187,19,139,28,193,7,4,5,0,55,65,6,1,8,24,5
666000,0,ニャーミネーター,40,342,28,187,5,44,39,268,29,181,3,3,5,3,53,47,6,1,18,4,5
667000,0,ＵＳＡピョン仲達,53,433,8,57,40,260,27,163,24,149,9,6,6,10,65,55,7,1,20,15,6
668000,490,スシジバ,46,390,31,179,6,43,11,98,35,237,5,4,5,0,60,60,6,1,8,24,5
669000,491,天コマ,46,397,5,40,39,241,15,123,29,180,10,4,5,0,60,60,6,1,24,8,5
671000,0,ラストブシニャン,53,457,32,204,7,42,19,143,41,236,4,1,6,5,76,69,7,1,24,21,6
672000,486,プラチナ鬼,69,535,17,141,5,37,45,260,29,180,16,3,6,5,72,80,7,1,21,12,6
673000,0,キラコマ,47,423,6,37,33,208,15,112,43,246,10,2,6,5,70,60,7,1,19,5,6
674000,0,スピーチ姫,52,430,8,46,44,262,22,143,26,176,10,4,6,5,61,70,7,1,14,15,6
675000,0,トリベア,50,413,20,138,38,255,11,70,31,171,22,6,6,5,70,50,7,1,4,12,6
676000,0,ジェントル面犬,45,391,13,102,40,249,23,131,22,132,27,7,6,5,62,65,7,1,16,17,6
677000,0,ブルジョワＧ,73,697,6,57,49,251,11,84,28,177,14,5,6,5,68,52,7,1,8,3,6
678000,0,自慢ハッタン,62,553,34,281,29,107,34,145,19,101,3,8,6,5,65,55,7,1,24,7,6
679000,0,トムニャン,47,378,23,168,7,42,13,101,31,212,5,4,4,3,57,43,5,1,25,10,4
680000,0,ＫＫブラザーズ,51,404,5,43,34,216,12,113,24,170,10,4,4,3,43,77,5,1,19,5,4
681000,487,ロボニャンＵＳＡ,53,436,36,216,5,43,28,189,20,139,3,3,5,3,52,77,6,1,18,10,5
682000,0,メカオロチ,62,527,31,167,3,28,47,301,7,99,16,3,6,3,63,67,7,1,12,5,6
683000,0,メカキュウビ,63,541,3,28,31,167,46,296,7,99,17,3,6,3,67,53,7,1,15,10,6
684000,0,ハングリーＧ,61,498,5,46,36,223,14,102,20,159,14,5,4,3,41,43,5,1,11,16,4
685000,0,ブルックりん,55,452,24,179,6,42,37,228,11,95,16,3,4,3,47,15,5,1,22,14,4
686000,0,ペラペライオン,51,431,5,50,33,231,22,155,10,74,9,2,3,3,49,27,4,1,21,12,3
687000,0,カントリーバァバ,45,352,7,53,32,229,14,114,20,143,15,5,3,3,40,50,4,1,4,9,3
688000,0,一旦ソーリー,55,429,7,43,33,251,9,89,10,76,27,6,3,0,45,35,4,1,19,13,3
689000,0,サニーレタスさん,41,311,8,59,31,220,15,114,21,143,15,5,3,0,42,48,4,1,10,11,3
690000,0,チョコバナーナ,53,441,38,243,6,40,26,170,19,130,5,8,5,3,61,35,6,1,14,21,5
691000,0,ウォール・ガイ,65,500,13,142,6,43,45,289,7,58,19,3,4,3,51,52,5,1,8,11,4
692000,0,モルラ,45,451,8,72,45,295,19,126,8,85,15,5,5,0,54,55,6,1,17,7,5
693000,0,チョコボニャン,46,376,28,174,5,47,9,95,42,240,5,4,5,0,68,42,6,1,10,13,5
694000,0,モーグリニャン,46,379,7,54,37,221,11,113,33,196,15,4,5,0,52,78,6,1,19,9,5
695000,0,ぷにニャン,47,389,28,204,13,51,11,103,35,223,4,4,5,0,68,78,6,1,18,10,5
696000,0,ぷにコマ,45,373,10,63,31,206,15,117,32,200,9,4,5,0,52,78,6,1,19,5,5
698000,404,Ｔジバニャン,46,389,29,206,12,49,12,102,35,224,5,4,5,0,63,80,6,1,18,10,5
699000,405,Ｔコマさん,44,373,9,61,32,208,16,116,32,201,10,4,5,0,57,76,6,1,19,5,5
701000,0,ミス・テリー,49,400,7,45,32,203,16,127,21,169,9,2,4,3,42,58,5,1,23,4,4
702000,0,サキちゃん,52,427,33,221,4,43,7,78,45,242,4,7,6,3,60,70,7,1,24,8,6
703000,0,ジバニャンＫ,51,415,26,190,4,37,14,91,37,228,5,4,5,3,72,48,6,1,18,10,5
704000,0,ＵＳＡピョンＱ,47,402,15,55,35,223,19,150,23,167,10,6,5,3,50,80,6,1,20,15,5
705000,0,コマさんＪ,48,407,6,37,39,236,17,126,25,178,10,4,5,3,63,57,6,1,19,5,5
706000,400,コマじゅうろう,53,433,38,231,11,48,17,139,23,167,5,4,5,3,60,63,6,1,4,5,5
707000,0,フユニャンエース,53,423,29,161,5,33,11,83,35,225,5,1,5,3,57,60,6,1,12,15,5
708000,0,ウィスババ,57,456,36,218,11,101,6,61,29,181,4,8,5,3,60,60,6,1,19,12,5
711000,0,弁財天,44,391,4,43,30,191,18,121,42,239,9,4,6,0,62,72,7,1,13,16,6
712000,0,布袋尊,48,416,6,49,38,246,23,137,30,186,10,2,6,0,63,72,7,1,16,21,6
713000,0,恵比寿,51,433,8,51,37,240,29,182,26,156,10,8,6,0,64,78,7,1,12,3,6
714000,0,大黒天,65,513,22,154,6,52,48,276,17,123,16,3,6,0,63,51,7,1,15,19,6
715000,0,毘沙門天,53,447,44,267,7,46,22,162,26,150,5,1,6,0,78,53,7,1,11,20,6
716000,0,寿老人,43,382,4,44,29,186,18,122,41,235,9,6,6,0,71,51,7,1,7,17,6
717000,0,福禄寿,37,387,15,98,55,300,19,123,29,159,15,5,6,0,69,53,7,1,8,4,6
720000,0,ゴージャス大使,36,356,21,139,22,147,27,173,20,129,1,6,6,3,65,80,7,1,24,3,6
721000,470,ヒーローニャン,43,375,28,194,4,35,25,154,37,229,5,1,5,3,69,11,6,1,18,10,5
722000,441,ダークコマ―,49,417,5,32,40,241,16,121,24,173,9,6,5,3,80,10,6,1,19,5,5
723000,459,Ｕロボニャン,70,600,33,184,6,43,41,253,27,152,3,3,6,0,76,76,7,1,18,10,6
724000,403,デバミ,35,205,8,64,27,201,10,102,15,119,14,4,2,0,18,29,3,2,10,11,2
725000,0,ウィスパー孔明,48,399,5,61,26,218,6,88,35,225,10,8,5,10,65,53,6,1,19,12,5
726000,0,黒鬼呂布,60,489,38,259,5,50,39,249,15,106,3,3,6,10,70,54,7,1,11,10,6
728000,0,ＵＳＡ豆腐,48,408,26,159,26,128,19,142,22,163,2,6,5,3,60,60,6,1,27,15,5
729000,0,ガランドゥ,10,100,13,242,3,22,100,500,9,58,16,3,4,0,54,42,5,1,27,16,4
730000,408,さきのばし,45,392,13,93,13,93,15,128,25,193,24,7,3,0,36,33,4,1,5,6,3
731000,0,しらんプリン,50,352,5,47,28,202,14,123,29,187,14,4,4,0,57,61,5,1,14,9,4
732000,0,テレテル坊主,51,375,6,46,25,202,15,105,19,168,9,5,3,0,35,30,4,1,17,15,3
733000,402,ひとりよがり,47,339,6,43,26,221,21,158,18,124,9,2,3,0,50,10,4,1,13,1,3
734000,0,ミカエリ,49,400,7,50,33,220,18,141,28,164,14,5,5,0,67,39,6,1,20,22,5
735000,406,ヨドム,55,445,3,41,3,41,24,175,24,176,24,6,3,0,30,30,4,1,27,16,3
736000,473,夜行,53,428,38,231,18,121,21,151,22,163,4,6,6,2,72,38,7,1,27,2,6
737000,0,ジャンクコシノ,45,402,9,78,33,219,13,98,39,224,22,7,6,0,60,50,7,2,17,10,6
738000,0,先代閻魔大王,56,457,61,410,21,210,15,115,5,89,5,11,6,9,80,80,7,1,15,22,6
739000,0,ぬらり神,51,358,31,287,8,59,19,139,41,263,5,1,6,9,80,80,7,1,24,6,6
740000,0,覚醒エンマ,62,465,42,270,27,200,30,210,30,210,5,11,6,9,80,80,7,1,27,4,6
740100,0,覚醒エンマ（エンマブレード装備）,62,465,52,370,27,200,20,110,30,210,5,11,6,9,80,80,7,1,27,4,6
741000,0,マジンカーメン,63,473,9,45,33,217,33,217,10,78,8,2,6,8,70,80,7,1,13,17,6
742000,0,ゴーキングデッド,60,469,33,218,9,43,34,223,12,82,3,3,6,8,69,80,7,1,16,14,6
743000,0,パンドラ,53,436,7,38,36,237,9,72,29,221,9,4,6,8,68,80,7,1,27,4,6
744000,0,リアクション大王,62,470,9,45,34,219,32,215,11,81,10,5,6,8,67,80,7,1,27,20,6
745000,0,ニャステト,51,431,20,113,25,212,24,158,26,176,27,6,6,8,66,80,7,1,12,19,6
746000,0,ズラビス,51,432,19,108,26,220,24,159,26,177,22,7,6,8,65,80,7,1,2,16,6
747000,0,ノストラダマス,58,413,7,21,29,200,21,129,30,218,9,8,6,8,64,80,7,1,16,20,6
748000,0,シヴァラク,52,439,43,261,8,70,21,158,25,144,1,1,6,8,63,80,7,1,27,2,6
749000,484,日ノ神,62,508,17,159,48,381,12,88,4,65,10,6,6,0,78,74,7,1,11,10,6
750000,0,覚醒日ノ神,63,521,19,171,50,398,13,102,5,76,10,6,6,9,80,80,7,1,11,10,6
761000,0,難陀竜王,48,475,6,59,59,319,21,165,8,86,10,8,6,6,67,63,7,1,27,21,6
762000,0,ワルノリン,47,393,30,218,4,38,13,109,36,226,4,4,6,5,61,80,7,2,27,23,6
763000,0,卵の君,60,468,3,29,34,219,36,235,10,79,13,4,6,0,63,55,7,1,27,8,6
764000,0,バケルトン,65,582,13,87,6,43,45,241,7,103,3,3,5,0,52,52,6,1,4,5,5
765000,407,まんまミーラ,10,100,30,280,30,280,10,100,10,100,4,6,4,0,42,42,5,2,16,15,4
766000,409,オタカラもどき,51,413,21,153,3,28,32,210,19,129,19,7,3,0,22,80,4,1,22,10,3
767000,0,ミーフー,60,606,12,97,20,140,9,87,20,145,7,4,4,0,40,80,5,1,14,11,4
771000,0,太陽神エンマ,63,470,35,248,35,248,30,210,30,210,6,11,6,9,80,80,7,1,8,4,6
772000,0,時空神エンマ,62,455,28,204,43,272,30,205,35,300,1,11,6,9,80,80,7,1,24,4,6
773000,0,暗黒神エンマ,62,465,43,275,28,210,32,220,30,210,1,11,6,9,80,80,7,1,27,4,6
774000,416,銅拍子,48,362,7,50,22,199,17,131,19,168,7,4,4,2,45,50,5,1,16,14,4
775000,413,吽形,52,438,15,98,10,62,39,267,23,179,16,3,5,2,56,48,6,1,11,19,5
776000,412,阿形,52,438,20,183,20,183,20,183,23,179,1,3,5,2,52,45,6,1,12,19,5
777000,410,おんもらき,47,382,20,76,26,185,21,150,25,171,22,6,5,2,53,46,6,1,27,21,5
778000,417,イソノナミ,70,683,13,94,33,250,34,225,13,101,17,8,6,0,63,62,7,1,12,11,6
779000,418,ヤマオカミ,63,477,10,50,34,220,32,219,12,98,7,5,6,0,70,54,7,1,10,27,6
780000,419,ツキノヤミ,48,392,27,201,20,114,8,40,30,291,5,6,6,0,64,69,7,1,21,13,6
781000,411,ちょうちんお化け,45,375,12,81,20,180,9,43,32,213,9,7,4,2,44,32,5,1,27,5,4
782000,414,牛頭,64,528,13,187,10,102,31,229,8,93,3,1,6,2,63,52,7,1,14,11,6
783000,415,馬頭,65,525,13,188,10,101,31,230,7,93,3,1,6,2,63,52,7,1,16,19,6
801000,0,Ｍｒ．スコップ,45,411,3,31,36,218,22,189,25,181,22,2,5,0,54,70,6,2,8,11,5
802000,0,インディ・Ｊ,55,501,30,222,12,49,12,121,27,193,5,8,5,0,52,68,6,1,12,15,5
803000,0,ゾン・ビー・Ｃ,53,487,30,229,12,48,12,120,29,208,4,7,5,0,57,66,6,1,11,10,5
804000,0,ネコ２世,49,421,6,39,32,231,17,139,30,234,14,5,5,0,58,69,6,1,4,9,5
805000,0,クレクレパトラ,50,403,23,203,23,219,19,187,34,236,11,4,6,11,71,72,7,1,10,21,6
806000,0,日ノ鳥,78,707,17,159,48,363,0,5,4,65,9,1,6,11,78,68,7,1,11,10,6
807000,0,エルドラゴーン,63,619,43,265,12,70,23,158,25,71,1,1,6,11,73,67,7,1,13,1,6
808000,0,ヤマトボケル,69,683,21,198,18,97,33,224,14,106,16,8,6,11,79,70,7,1,1,19,6
900000,0,マッサラニャン,50,400,20,140,20,140,20,140,20,140,1,4,1,0,30,40,2,1,18,10,1
9910100,0,ミツマタノヅチ,0,0,0,0,0,0,0,0,0,0,0,0,0,0,0,0,0,0,0,0,0
9911100,0,のぼせトンマン,0,0,0,0,0,0,0,0,0,0,0,0,0,0,0,0,0,0,0,0,0
9912100,0,つられたろう丸,0,0,0,0,0,0,0,0,0,0,0,0,0,0,0,0,0,0,0,0,0
9914100,0,亡霊武者,0,0,0,0,0,0,0,0,0,0,0,0,0,0,0,0,0,0,0,0,0
9916100,0,やぶれかぶれ院長,0,0,0,0,0,0,0,0,0,0,0,0,0,0,0,0,0,0,0,0,0
9917100,0,イカカモネ議長,0,0,0,0,0,0,0,0,0,0,0,0,0,0,0,0,0,0,0,0,0
9977100,0,大妖魔ホゲホエール,0,0,0,0,0,0,0,0,0,0,0,0,0,0,0,0,0,0,0,0,0
5000070,420,お祭りジバニャン,65,312,21,169,7,67,10,112,31,212,4,4,3,0,32,34,4,1,18,10,3
5000050,421,サーファーニャン,47,341,6,64,31,171,12,96,29,207,10,4,4,0,42,47,5,1,18,15,4
5000500,422,温泉コマさん,44,381,6,37,43,231,12,116,22,171,10,4,5,0,54,51,6,1,19,5,5
5000080,423,お祭りコマさん,42,352,5,41,27,187,12,107,21,164,9,4,3,0,34,31,4,1,19,5,3
5000090,424,お祭りコマじろう,45,373,8,42,25,172,21,137,19,135,10,4,3,0,30,35,4,1,4,5,3
5000290,425,ウェイトレスコンたん,42,372,15,96,27,182,7,49,27,163,15,4,3,0,33,39,4,1,24,6,3
5000010,426,トコナツ姫,54,403,12,88,45,291,17,123,32,194,10,5,6,0,64,41,7,1,19,9,6
5000100,427,お祭りラビィ,61,472,4,31,41,261,19,142,29,181,10,2,6,3,74,47,7,1,3,12,6
5000130,428,旅するジバニャン,61,347,25,182,6,45,11,132,34,206,3,4,4,0,18,18,5,1,18,10,4
5000140,429,旅するコマさん,45,375,8,52,24,209,10,108,22,167,9,4,4,0,18,22,5,1,19,5,4
5000150,430,お祭りえんらえんら,38,362,5,37,36,232,14,107,34,231,10,2,5,2,53,39,6,1,3,1,5
5000230,431,旅行家ジバニャン,63,350,32,191,8,49,13,141,36,241,5,4,5,0,58,52,6,1,18,10,5
5000240,432,旅行家コマさん,47,407,10,53,32,231,12,112,24,172,10,4,5,0,51,57,6,1,19,5,5
5000340,433,万尾獅子・祭,51,419,42,294,7,32,17,123,19,142,4,1,5,0,53,38,6,2,9,15,5
5000360,434,お祭り獅子まる,43,345,23,221,6,30,12,114,15,130,5,1,3,0,30,22,4,2,9,15,3
5000630,435,ソフトケムーリ,44,394,4,28,51,281,18,121,31,242,10,2,6,2,53,39,7,1,19,1,6
5000300,437,超特急USAピョン,46,380,19,148,8,38,16,105,37,251,4,6,4,3,46,42,5,1,20,15,4
5000210,436,じだラクーン,44,395,7,59,43,240,19,151,7,49,9,4,4,3,40,48,5,1,5,13,4
5000970,454,アンドロイド山田・銅,29,129,29,29,29,29,29,29,29,29,19,10,3,0,42,35,4,1,13,3,3
5000980,455,アンドロイド山田・銀,47,247,47,47,47,47,47,47,47,47,19,10,4,0,42,35,5,1,13,3,4
5000990,456,アンドロイド山田・金,79,379,79,79,79,79,79,79,79,79,19,10,5,0,42,35,6,1,13,3,5
5001000,457,アンドロイド山田・黒,6,406,6,6,6,6,6,6,6,6,19,10,6,0,42,35,7,1,13,3,6
5000380,463,月見ジバニャン,61,422,31,234,18,57,17,143,42,231,4,4,6,0,76,62,7,1,18,10,6
5000390,464,月見コマさん,41,372,10,39,28,194,6,121,8,158,10,4,3,0,35,41,4,1,19,5,3
5000400,465,月見コマじろう,46,381,7,46,24,187,7,126,9,145,9,4,3,0,39,32,4,1,4,5,3
5000330,466,かぐやＵＳＡピョン,35,371,18,46,32,207,18,132,19,141,9,6,3,3,32,37,4,1,20,15,3
5000320,467,月見キュン太郎,42,381,12,66,21,198,21,121,23,142,15,4,3,0,35,31,4,1,6,1,3
5000410,468,月見ズキュキュン太,45,408,16,71,29,223,12,141,18,162,15,4,5,0,54,53,6,1,6,1,5
5000420,469,月見オロチ,56,472,38,206,24,176,5,32,42,208,4,8,6,0,71,61,7,1,12,5,6
5000640,472,黒ニャン騎士,52,423,22,156,9,54,49,239,18,108,3,1,6,0,61,59,7,1,17,10,6
5000540,475,ＮＩＴＥＴＳＵ,49,392,8,67,25,183,12,102,31,199,22,6,5,0,43,46,6,1,6,10,5
5000460,498,冥土野花子,37,421,6,66,33,216,18,91,36,214,27,7,5,0,56,50,6,1,17,4,5
5000190,476,あきガッパ,54,401,11,54,38,221,19,128,22,201,10,4,5,0,61,41,6,1,8,6,5
5000220,477,アキオカミ,41,389,15,61,46,268,31,142,21,212,7,5,6,0,70,52,7,1,10,27,6
5000530,478,アキフユニャン,27,312,31,262,3,56,14,124,24,232,4,1,5,0,58,46,6,1,12,15,5
5000020,479,紅葉姫,51,427,35,215,22,192,10,86,28,189,1,4,6,0,66,64,7,1,21,14,6
5000180,480,モミジバニャン,41,382,30,195,6,47,14,142,31,234,4,4,5,0,60,60,6,1,18,10,5
5000440,481,ふて寝コロンブス,42,362,5,52,23,172,13,104,29,194,9,4,3,3,32,36,4,1,12,24,3
5000200,497,ウ魔ギンナン,49,417,27,202,7,42,23,163,31,176,5,6,5,0,55,57,6,1,10,3,5
5000370,482,アキババァーン,42,291,12,80,35,233,18,137,19,139,14,2,4,0,43,41,5,1,7,2,4
5000160,499,小悪魔コマさん,47,381,12,56,32,221,12,137,8,210,10,4,5,0,35,41,6,1,19,5,5
5000170,500,小悪魔コマじろう,51,457,9,47,27,199,10,143,9,157,9,4,5,0,39,32,6,1,4,5,5
5000430,501,魔女フゥミン,50,412,8,65,25,205,11,83,40,242,22,7,5,0,56,49,6,1,3,10,5
5000060,502,ハロウィンジバニャン,86,421,24,134,21,224,12,80,31,205,9,4,6,0,68,62,7,1,18,10,6
5000310,503,８頭身ハロウィス,44,444,41,81,71,215,21,91,50,182,9,8,5,0,72,31,6,1,19,12,5
5000350,504,ハロウィス,32,432,12,198,12,72,7,80,18,225,4,8,5,3,60,60,6,1,19,12,5
5000520,505,トリックヒキコウモリ,29,381,21,132,12,81,18,124,26,161,21,6,3,0,23,61,4,1,11,7,3
5000760,506,ヴァンパイアキュウビ,60,425,3,55,47,261,20,145,27,167,9,2,6,0,80,77,7,1,15,10,6
5000770,507,ホラーオロチ,59,388,34,210,27,70,11,105,42,235,5,8,6,0,72,33,7,1,12,5,6
5000040,508,魔女っ娘ふぶき姫,55,410,3,38,39,263,17,128,32,231,9,4,6,0,70,34,7,1,3,9,6
5001310,509,リンゴニャン,46,372,18,131,37,205,9,80,33,202,1,4,5,0,68,52,6,1,18,10,5
5001320,510,パインニャン,52,379,36,211,12,95,23,155,20,150,5,4,5,0,68,52,6,1,18,10,5
