id,quest_id,action_type1,action_id1,condition_count1,action_type2,action_id2,condition_count2,action_type3,action_id3,condition_count3,unlock_id,cooldown,reward_deal_id,unlock_user_level
1000100,1,11,1,5,13,0,5,18,0,5,0,0,101,0
1000200,1,11,2,10,13,0,15,18,0,17,1000100,0,102,0
1000300,1,11,3,20,13,0,30,18,0,27,1000200,0,103,0
1000400,1,11,4,20,13,0,50,18,0,33,1000300,0,104,0
1000500,1,11,5,20,13,0,70,18,0,37,1000400,0,105,0
1000600,2,19,0,10,0,0,0,0,0,0,0,0,324,0
1000700,2,2,0,5,0,0,0,0,0,0,0,0,324,0
1000800,2,1,0,1,0,0,0,0,0,0,0,0,324,0
1000900,2,8,0,3,0,0,0,0,0,0,0,0,324,0
1001000,5,9,0,1,0,0,0,0,0,0,0,0,352,0
1001100,5,9,0,2,0,0,0,0,0,0,1001000,0,351,0
1001200,5,9,0,3,0,0,0,0,0,0,1001100,0,350,0
1001300,5,9,0,4,0,0,0,0,0,0,1001200,0,349,0
1001400,5,9,0,5,0,0,0,0,0,0,1001300,0,348,0
1001500,5,9,0,6,0,0,0,0,0,0,1001400,0,347,0
1001600,5,9,0,7,0,0,0,0,0,0,1001500,0,329,0
1001700,5,9,0,8,0,0,0,0,0,0,1001600,0,303,0
1001800,5,9,0,9,0,0,0,0,0,0,1001700,0,303,0
1001900,5,9,0,10,0,0,0,0,0,0,1001800,0,303,0
1002000,5,9,0,11,0,0,0,0,0,0,1001900,0,304,0
1002100,5,9,0,12,0,0,0,0,0,0,1002000,0,304,0
1002200,5,9,0,13,0,0,0,0,0,0,1002100,0,305,0
1002300,5,9,0,14,0,0,0,0,0,0,1002200,0,305,0
1002400,5,9,0,15,0,0,0,0,0,0,1002300,0,306,0
1002500,5,9,0,20,0,0,0,0,0,0,1002400,0,308,0
1002600,5,9,0,30,0,0,0,0,0,0,1002500,0,325,0
1002700,5,9,0,40,0,0,0,0,0,0,1002600,0,306,0
1002800,5,9,0,50,0,0,0,0,0,0,1002700,0,306,0
1002900,5,9,0,60,0,0,0,0,0,0,1002800,0,306,0
1003000,5,9,0,70,0,0,0,0,0,0,1002900,0,308,0
1003100,5,9,0,80,0,0,0,0,0,0,1003000,0,308,0
1003200,5,9,0,90,0,0,0,0,0,0,1003100,0,308,0
1003300,5,9,0,100,0,0,0,0,0,0,1003200,0,325,0
1003400,5,9,0,120,0,0,0,0,0,0,1003300,0,309,0
1003500,5,9,0,150,0,0,0,0,0,0,1003400,0,309,0
1003600,5,9,0,200,0,0,0,0,0,0,1003500,0,311,0
1003700,5,9,0,250,0,0,0,0,0,0,1003600,0,311,0
1003800,5,9,0,300,0,0,0,0,0,0,1003700,0,311,0
1003900,5,9,0,356,0,0,0,0,0,0,1003800,0,312,0
1004000,5,13,0,2,0,0,0,0,0,0,0,0,250,0
1004100,5,13,0,5,0,0,0,0,0,0,1004000,0,251,0
1004200,5,13,0,10,0,0,0,0,0,0,1004100,0,252,0
1004300,5,13,0,15,0,0,0,0,0,0,1004200,0,253,0
1004400,5,13,0,20,0,0,0,0,0,0,1004300,0,254,0
1004500,5,13,0,25,0,0,0,0,0,0,1004400,0,255,0
1004600,5,13,0,30,0,0,0,0,0,0,1004500,0,256,0
1004700,5,13,0,35,0,0,0,0,0,0,1004600,0,257,0
1004800,5,13,0,40,0,0,0,0,0,0,1004700,0,258,0
1004900,5,13,0,45,0,0,0,0,0,0,1004800,0,259,0
1005000,5,13,0,50,0,0,0,0,0,0,1004900,0,260,0
1005100,5,13,0,55,0,0,0,0,0,0,1005000,0,261,0
1005200,5,13,0,60,0,0,0,0,0,0,1005100,0,262,0
1005300,5,13,0,65,0,0,0,0,0,0,1005200,0,263,0
1005400,5,13,0,70,0,0,0,0,0,0,1005300,0,264,0
1005500,5,13,0,75,0,0,0,0,0,0,1005400,0,265,0
1005600,5,13,0,80,0,0,0,0,0,0,1005500,0,266,0
1005700,5,13,0,85,0,0,0,0,0,0,1005600,0,267,0
1005800,5,13,0,90,0,0,0,0,0,0,1005700,0,268,0
1005900,5,13,0,95,0,0,0,0,0,0,1005800,0,269,0
1006000,5,13,0,99,0,0,0,0,0,0,1005900,0,270,0
1006100,5,15,0,2,0,0,0,0,0,0,0,0,271,0
1006200,5,15,0,4,0,0,0,0,0,0,1007100,0,272,0
1006300,5,15,0,6,0,0,0,0,0,0,1007200,0,273,0
1006400,5,15,0,8,0,0,0,0,0,0,1007300,0,274,0
1006500,5,15,0,10,0,0,0,0,0,0,1007400,0,275,0
1006600,5,16,0,2,0,0,0,0,0,0,1006100,0,276,0
1006700,5,16,0,4,0,0,0,0,0,0,1006200,0,277,0
1006800,5,16,0,6,0,0,0,0,0,0,1006300,0,278,0
1006900,5,16,0,8,0,0,0,0,0,0,1006400,0,279,0
1007000,5,16,0,10,0,0,0,0,0,0,1006500,0,280,0
1007100,5,17,0,2,0,0,0,0,0,0,1006600,0,281,0
1007200,5,17,0,4,0,0,0,0,0,0,1006700,0,282,0
1007300,5,17,0,6,0,0,0,0,0,0,1006800,0,283,0
1007400,5,17,0,8,0,0,0,0,0,0,1006900,0,284,0
1007500,5,17,0,10,0,0,0,0,0,0,1007000,0,285,0
1007600,5,44,0,1,0,0,0,0,0,0,0,0,317,0
1007700,5,44,0,10,0,0,0,0,0,0,1007600,0,325,0
1007800,5,44,0,20,0,0,0,0,0,0,1007700,0,286,0
1007900,5,44,0,30,0,0,0,0,0,0,1007800,0,287,0
1008000,5,44,0,50,0,0,0,0,0,0,1007900,0,288,0
1008100,5,44,0,70,0,0,0,0,0,0,1008000,0,289,0
1008200,5,44,0,100,0,0,0,0,0,0,1008100,0,290,0
1008300,5,44,0,150,0,0,0,0,0,0,1008200,0,291,0
1008400,5,44,0,188,0,0,0,0,0,0,1008300,0,326,0
1008500,5,38,0,25000,0,0,0,0,0,0,0,0,348,0
1008600,5,38,0,50000,0,0,0,0,0,0,1008500,0,110,0
1008700,5,38,0,75000,0,0,0,0,0,0,1008600,0,117,0
1008800,5,38,0,100000,0,0,0,0,0,0,1008700,0,118,0
1008900,5,38,0,125000,0,0,0,0,0,0,1008800,0,124,0
1009000,5,38,0,150000,0,0,0,0,0,0,1008900,0,128,0
1009100,5,38,0,175000,0,0,0,0,0,0,1009000,0,129,0
1009200,5,38,0,200000,0,0,0,0,0,0,1009100,0,130,0
1009300,5,38,0,225000,0,0,0,0,0,0,1009200,0,134,0
1009400,5,38,0,250000,0,0,0,0,0,0,1009300,0,141,0
1009500,5,38,0,275000,0,0,0,0,0,0,1009400,0,145,0
1009600,5,38,0,300000,0,0,0,0,0,0,1009500,0,154,0
1009700,5,38,0,325000,0,0,0,0,0,0,1009600,0,158,0
1009800,5,38,0,350000,0,0,0,0,0,0,1009700,0,165,0
1009900,5,38,0,375000,0,0,0,0,0,0,1009800,0,166,0
1010000,5,38,0,400000,0,0,0,0,0,0,1009900,0,172,0
1010100,5,38,0,425000,0,0,0,0,0,0,1010000,0,179,0
1010200,5,38,0,450000,0,0,0,0,0,0,1010100,0,183,0
1010300,5,38,0,475000,0,0,0,0,0,0,1010200,0,191,0
1010400,5,38,0,500000,0,0,0,0,0,0,1010300,0,192,0
1010500,5,38,0,525000,0,0,0,0,0,0,1010400,0,184,0
1010600,5,38,0,550000,0,0,0,0,0,0,1010500,0,194,0
1010700,5,38,0,575000,0,0,0,0,0,0,1010600,0,199,0
1010800,5,38,0,600000,0,0,0,0,0,0,1010700,0,202,0
1010900,5,38,0,625000,0,0,0,0,0,0,1010800,0,203,0
1011000,5,38,0,650000,0,0,0,0,0,0,1010900,0,211,0
1011100,5,38,0,675000,0,0,0,0,0,0,1011000,0,215,0
1011200,5,38,0,700000,0,0,0,0,0,0,1011100,0,219,0
1011300,5,38,0,725000,0,0,0,0,0,0,1011200,0,224,0
1011400,5,38,0,750000,0,0,0,0,0,0,1011300,0,228,0
1011500,5,38,0,800000,0,0,0,0,0,0,1011400,0,233,0
1011600,5,38,0,850000,0,0,0,0,0,0,1011500,0,107,0
1011700,5,38,0,900000,0,0,0,0,0,0,1011600,0,111,0
1011800,5,38,0,950000,0,0,0,0,0,0,1011700,0,112,0
1011900,5,38,0,1000000,0,0,0,0,0,0,1011800,0,119,0
1012000,5,38,0,1050000,0,0,0,0,0,0,1011900,0,125,0
1012100,5,38,0,1100000,0,0,0,0,0,0,1012000,0,131,0
1012200,5,38,0,1150000,0,0,0,0,0,0,1012100,0,135,0
1012300,5,38,0,1200000,0,0,0,0,0,0,1012200,0,136,0
1012400,5,38,0,1250000,0,0,0,0,0,0,1012300,0,142,0
1012500,5,38,0,1300000,0,0,0,0,0,0,1012400,0,146,0
1012600,5,38,0,1350000,0,0,0,0,0,0,1012500,0,147,0
1012700,5,38,0,1400000,0,0,0,0,0,0,1012600,0,148,0
1012800,5,38,0,1450000,0,0,0,0,0,0,1012700,0,155,0
1012900,5,38,0,1500000,0,0,0,0,0,0,1012800,0,159,0
1013000,5,38,0,1550000,0,0,0,0,0,0,1012900,0,167,0
1013100,5,38,0,1600000,0,0,0,0,0,0,1013000,0,173,0
1013200,5,38,0,1650000,0,0,0,0,0,0,1013100,0,174,0
1013300,5,38,0,1700000,0,0,0,0,0,0,1013200,0,175,0
1013400,5,38,0,1750000,0,0,0,0,0,0,1013300,0,180,0
1013500,5,38,0,1800000,0,0,0,0,0,0,1013400,0,185,0
1013600,5,38,0,1850000,0,0,0,0,0,0,1013500,0,187,0
1013700,5,38,0,1900000,0,0,0,0,0,0,1013600,0,186,0
1013800,5,38,0,1950000,0,0,0,0,0,0,1013700,0,190,0
1013900,5,38,0,2000000,0,0,0,0,0,0,1013800,0,193,0
1014000,5,38,0,2050000,0,0,0,0,0,0,1013900,0,195,0
1014100,5,38,0,2100000,0,0,0,0,0,0,1014000,0,198,0
1014200,5,38,0,2150000,0,0,0,0,0,0,1014100,0,204,0
1014300,5,38,0,2200000,0,0,0,0,0,0,1014200,0,208,0
1014400,5,38,0,2250000,0,0,0,0,0,0,1014300,0,212,0
1014500,5,38,0,2300000,0,0,0,0,0,0,1014400,0,216,0
1014600,5,38,0,2350000,0,0,0,0,0,0,1014500,0,220,0
1014700,5,38,0,2400000,0,0,0,0,0,0,1014600,0,225,0
1014800,5,38,0,2450000,0,0,0,0,0,0,1014700,0,229,0
1014900,5,38,0,2500000,0,0,0,0,0,0,1014800,0,234,0
1015000,5,38,0,2600000,0,0,0,0,0,0,1014900,0,108,0
1015100,5,38,0,2700000,0,0,0,0,0,0,1015000,0,113,0
1015200,5,38,0,2800000,0,0,0,0,0,0,1015100,0,114,0
1015300,5,38,0,2900000,0,0,0,0,0,0,1015200,0,115,0
1015400,5,38,0,3000000,0,0,0,0,0,0,1015300,0,120,0
1015500,5,38,0,3100000,0,0,0,0,0,0,1015400,0,121,0
1015600,5,38,0,3200000,0,0,0,0,0,0,1015500,0,122,0
1015700,5,38,0,3300000,0,0,0,0,0,0,1015600,0,126,0
1015800,5,38,0,3400000,0,0,0,0,0,0,1015700,0,132,0
1015900,5,38,0,3500000,0,0,0,0,0,0,1015800,0,137,0
1016000,5,38,0,3600000,0,0,0,0,0,0,1015900,0,138,0
1016100,5,38,0,3700000,0,0,0,0,0,0,1016000,0,143,0
1016200,5,38,0,3800000,0,0,0,0,0,0,1016100,0,149,0
1016300,5,38,0,3900000,0,0,0,0,0,0,1016200,0,150,0
1016400,5,38,0,4000000,0,0,0,0,0,0,1016300,0,151,0
1016500,5,38,0,4100000,0,0,0,0,0,0,1016400,0,156,0
1016600,5,38,0,4200000,0,0,0,0,0,0,1016500,0,160,0
1016700,5,38,0,4300000,0,0,0,0,0,0,1016600,0,161,0
1016800,5,38,0,4400000,0,0,0,0,0,0,1016700,0,162,0
1016900,5,38,0,4500000,0,0,0,0,0,0,1016800,0,168,0
1017000,5,38,0,4600000,0,0,0,0,0,0,1016900,0,176,0
1017100,5,38,0,4700000,0,0,0,0,0,0,1017000,0,181,0
1017200,5,38,0,4800000,0,0,0,0,0,0,1017100,0,188,0
1017300,5,38,0,4900000,0,0,0,0,0,0,1017200,0,196,0
1017400,5,38,0,5000000,0,0,0,0,0,0,1017300,0,200,0
1017500,5,38,0,5100000,0,0,0,0,0,0,1017400,0,205,0
1017600,5,38,0,5200000,0,0,0,0,0,0,1017500,0,206,0
1017700,5,38,0,5300000,0,0,0,0,0,0,1017600,0,209,0
1017800,5,38,0,5400000,0,0,0,0,0,0,1017700,0,213,0
1017900,5,38,0,5500000,0,0,0,0,0,0,1017800,0,217,0
1018000,5,38,0,5600000,0,0,0,0,0,0,1017900,0,221,0
1018100,5,38,0,5700000,0,0,0,0,0,0,1018000,0,222,0
1018200,5,38,0,5800000,0,0,0,0,0,0,1018100,0,226,0
1018300,5,38,0,5900000,0,0,0,0,0,0,1018200,0,230,0
1018400,5,38,0,6000000,0,0,0,0,0,0,1018300,0,231,0
1018500,5,38,0,6100000,0,0,0,0,0,0,1018400,0,235,0
1018600,5,38,0,6200000,0,0,0,0,0,0,1018500,0,236,0
1018700,5,38,0,6300000,0,0,0,0,0,0,1018600,0,237,0
1018800,5,38,0,6400000,0,0,0,0,0,0,1018700,0,241,0
1018900,5,38,0,6500000,0,0,0,0,0,0,1018800,0,245,0
1019000,5,38,0,6750000,0,0,0,0,0,0,1018900,0,246,0
1019100,5,38,0,7000000,0,0,0,0,0,0,1019000,0,247,0
1019200,5,38,0,7500000,0,0,0,0,0,0,1019100,0,109,0
1019300,5,38,0,8000000,0,0,0,0,0,0,1019200,0,116,0
1019400,5,38,0,8500000,0,0,0,0,0,0,1019300,0,123,0
1019500,5,38,0,9000000,0,0,0,0,0,0,1019400,0,127,0
1019600,5,38,0,9500000,0,0,0,0,0,0,1019500,0,133,0
1019700,5,38,0,10000000,0,0,0,0,0,0,1019600,0,139,0
1019800,5,38,0,10500000,0,0,0,0,0,0,1019700,0,140,0
1019900,5,38,0,11000000,0,0,0,0,0,0,1019800,0,144,0
1020000,5,38,0,11500000,0,0,0,0,0,0,1019900,0,152,0
1020100,5,38,0,12000000,0,0,0,0,0,0,1020000,0,157,0
1020200,5,38,0,12500000,0,0,0,0,0,0,1020100,0,163,0
1020300,5,38,0,13000000,0,0,0,0,0,0,1020200,0,169,0
1020400,5,38,0,13500000,0,0,0,0,0,0,1020300,0,177,0
1020500,5,38,0,14000000,0,0,0,0,0,0,1020400,0,182,0
1020600,5,38,0,14500000,0,0,0,0,0,0,1020500,0,189,0
1020700,5,38,0,15000000,0,0,0,0,0,0,1020600,0,197,0
1020800,5,38,0,15500000,0,0,0,0,0,0,1020700,0,201,0
1020900,5,38,0,16000000,0,0,0,0,0,0,1020800,0,207,0
1021000,5,38,0,16500000,0,0,0,0,0,0,1020900,0,210,0
1021100,5,38,0,17000000,0,0,0,0,0,0,1021000,0,214,0
1021200,5,38,0,17500000,0,0,0,0,0,0,1021100,0,218,0
1021300,5,38,0,18000000,0,0,0,0,0,0,1021200,0,223,0
1021400,5,38,0,18500000,0,0,0,0,0,0,1021300,0,227,0
1021500,5,38,0,19000000,0,0,0,0,0,0,1021400,0,232,0
1021600,5,38,0,19500000,0,0,0,0,0,0,1021500,0,238,0
1021700,5,38,0,20000000,0,0,0,0,0,0,1021600,0,239,0
1021800,5,38,0,21000000,0,0,0,0,0,0,1021700,0,153,0
1021900,5,38,0,22000000,0,0,0,0,0,0,1021800,0,171,0
1022000,5,38,0,23000000,0,0,0,0,0,0,1021900,0,248,0
1022100,5,38,0,25000000,0,0,0,0,0,0,1022000,0,242,0
1022200,5,19,0,1,0,0,0,0,0,0,0,0,348,0
1022300,5,19,0,3,0,0,0,0,0,0,1022200,0,172,0
1022400,5,19,0,5,0,0,0,0,0,0,1022300,0,106,0
1022500,5,19,0,10,0,0,0,0,0,0,1022400,0,145,0
1022600,5,19,0,15,0,0,0,0,0,0,1022500,0,184,0
1022700,5,19,0,20,0,0,0,0,0,0,1022600,0,141,0
1022800,5,19,0,30,0,0,0,0,0,0,1022700,0,203,0
1022900,5,19,0,40,0,0,0,0,0,0,1022800,0,154,0
1023000,5,19,0,50,0,0,0,0,0,0,1022900,0,199,0
1023100,5,19,0,60,0,0,0,0,0,0,1023000,0,106,0
1023200,5,19,0,70,0,0,0,0,0,0,1023100,0,124,0
1023300,5,19,0,80,0,0,0,0,0,0,1023200,0,191,0
1023400,5,19,0,90,0,0,0,0,0,0,1023300,0,128,0
1023500,5,19,0,100,0,0,0,0,0,0,1023400,0,110,0
1023600,5,19,0,120,0,0,0,0,0,0,1023500,0,202,0
1023700,5,19,0,140,0,0,0,0,0,0,1023600,0,211,0
1023800,5,19,0,160,0,0,0,0,0,0,1023700,0,183,0
1023900,5,19,0,180,0,0,0,0,0,0,1023800,0,179,0
1024000,5,19,0,200,0,0,0,0,0,0,1023900,0,215,0
1024100,5,19,0,220,0,0,0,0,0,0,1024000,0,165,0
1024200,5,19,0,240,0,0,0,0,0,0,1024100,0,233,0
1024300,5,19,0,260,0,0,0,0,0,0,1024200,0,158,0
1024400,5,19,0,280,0,0,0,0,0,0,1024300,0,118,0
1024500,5,19,0,300,0,0,0,0,0,0,1024400,0,219,0
1024600,5,19,0,320,0,0,0,0,0,0,1024500,0,134,0
1024700,5,19,0,340,0,0,0,0,0,0,1024600,0,224,0
1024800,5,19,0,360,0,0,0,0,0,0,1024700,0,166,0
1024900,5,19,0,380,0,0,0,0,0,0,1024800,0,194,0
1025000,5,19,0,400,0,0,0,0,0,0,1024900,0,228,0
1025100,5,19,0,425,0,0,0,0,0,0,1025000,0,128,0
1025200,5,19,0,450,0,0,0,0,0,0,1025100,0,130,0
1025300,5,19,0,475,0,0,0,0,0,0,1025200,0,124,0
1025400,5,19,0,500,0,0,0,0,0,0,1025300,0,191,0
1025500,5,19,0,525,0,0,0,0,0,0,1025400,0,192,0
1025600,5,19,0,550,0,0,0,0,0,0,1025500,0,129,0
1025700,5,19,0,575,0,0,0,0,0,0,1025600,0,146,0
1025800,5,19,0,600,0,0,0,0,0,0,1025700,0,198,0
1025900,5,19,0,625,0,0,0,0,0,0,1025800,0,234,0
1026000,5,19,0,650,0,0,0,0,0,0,1025900,0,147,0
1026100,5,19,0,675,0,0,0,0,0,0,1026000,0,229,0
1026200,5,19,0,700,0,0,0,0,0,0,1026100,0,159,0
1026300,5,19,0,725,0,0,0,0,0,0,1026200,0,111,0
1026400,5,19,0,750,0,0,0,0,0,0,1026300,0,125,0
1026500,5,19,0,775,0,0,0,0,0,0,1026400,0,185,0
1026600,5,19,0,800,0,0,0,0,0,0,1026500,0,136,0
1026700,5,19,0,825,0,0,0,0,0,0,1026600,0,107,0
1026800,5,19,0,850,0,0,0,0,0,0,1026700,0,148,0
1026900,5,19,0,875,0,0,0,0,0,0,1026800,0,135,0
1027000,5,19,0,900,0,0,0,0,0,0,1026900,0,190,0
1027100,5,19,0,925,0,0,0,0,0,0,1027000,0,208,0
1027200,5,19,0,950,0,0,0,0,0,0,1027100,0,131,0
1027300,5,19,0,975,0,0,0,0,0,0,1027200,0,142,0
1027400,5,19,0,1000,0,0,0,0,0,0,1027300,0,216,0
1027500,5,19,0,1050,0,0,0,0,0,0,1027400,0,204,0
1027600,5,19,0,1100,0,0,0,0,0,0,1027500,0,225,0
1027700,5,19,0,1150,0,0,0,0,0,0,1027600,0,173,0
1027800,5,19,0,1200,0,0,0,0,0,0,1027700,0,112,0
1027900,5,19,0,1250,0,0,0,0,0,0,1027800,0,212,0
1028000,5,19,0,1300,0,0,0,0,0,0,1027900,0,180,0
1028100,5,19,0,1350,0,0,0,0,0,0,1028000,0,186,0
1028200,5,19,0,1400,0,0,0,0,0,0,1028100,0,220,0
1028300,5,19,0,1450,0,0,0,0,0,0,1028200,0,174,0
1028400,5,19,0,1500,0,0,0,0,0,0,1028300,0,155,0
1028500,5,19,0,1550,0,0,0,0,0,0,1028400,0,175,0
1028600,5,19,0,1600,0,0,0,0,0,0,1028500,0,187,0
1028700,5,19,0,1650,0,0,0,0,0,0,1028600,0,193,0
1028800,5,19,0,1700,0,0,0,0,0,0,1028700,0,119,0
1028900,5,19,0,1750,0,0,0,0,0,0,1028800,0,167,0
1029000,5,19,0,1800,0,0,0,0,0,0,1028900,0,195,0
1029100,5,19,0,1850,0,0,0,0,0,0,1029000,0,162,0
1029200,5,19,0,1900,0,0,0,0,0,0,1029100,0,237,0
1029300,5,19,0,1950,0,0,0,0,0,0,1029200,0,149,0
1029400,5,19,0,2000,0,0,0,0,0,0,1029300,0,108,0
1029500,5,19,0,2050,0,0,0,0,0,0,1029400,0,151,0
1029600,5,19,0,2100,0,0,0,0,0,0,1029500,0,150,0
1029700,5,19,0,2150,0,0,0,0,0,0,1029600,0,221,0
1029800,5,19,0,2200,0,0,0,0,0,0,1029700,0,121,0
1029900,5,19,0,2250,0,0,0,0,0,0,1029800,0,235,0
1030000,5,19,0,2300,0,0,0,0,0,0,1029900,0,156,0
1030100,5,19,0,2350,0,0,0,0,0,0,1030000,0,222,0
1030200,5,19,0,2400,0,0,0,0,0,0,1030100,0,114,0
1030300,5,19,0,2450,0,0,0,0,0,0,1030200,0,236,0
1030400,5,19,0,2500,0,0,0,0,0,0,1030300,0,115,0
1030500,5,19,0,2550,0,0,0,0,0,0,1030400,0,206,0
1030600,5,19,0,2600,0,0,0,0,0,0,1030500,0,181,0
1030700,5,19,0,2650,0,0,0,0,0,0,1030600,0,230,0
1030800,5,19,0,2700,0,0,0,0,0,0,1030700,0,176,0
1030900,5,19,0,2750,0,0,0,0,0,0,1030800,0,161,0
1031000,5,19,0,2800,0,0,0,0,0,0,1030900,0,245,0
1031100,5,19,0,2850,0,0,0,0,0,0,1031000,0,138,0
1031200,5,19,0,2900,0,0,0,0,0,0,1031100,0,160,0
1031300,5,19,0,2950,0,0,0,0,0,0,1031200,0,137,0
1031400,5,19,0,3000,0,0,0,0,0,0,1031300,0,143,0
1031500,5,19,0,3075,0,0,0,0,0,0,1031400,0,217,0
1031600,5,19,0,3150,0,0,0,0,0,0,1031500,0,209,0
1031700,5,19,0,3225,0,0,0,0,0,0,1031600,0,241,0
1031800,5,19,0,3300,0,0,0,0,0,0,1031700,0,205,0
1031900,5,19,0,3375,0,0,0,0,0,0,1031800,0,120,0
1032000,5,19,0,3450,0,0,0,0,0,0,1031900,0,200,0
1032100,5,19,0,3525,0,0,0,0,0,0,1032000,0,113,0
1032200,5,19,0,3600,0,0,0,0,0,0,1032100,0,126,0
1032300,5,19,0,3675,0,0,0,0,0,0,1032200,0,226,0
1032400,5,19,0,3750,0,0,0,0,0,0,1032300,0,231,0
1032500,5,19,0,3825,0,0,0,0,0,0,1032400,0,196,0
1032600,5,19,0,3900,0,0,0,0,0,0,1032500,0,132,0
1032700,5,19,0,3975,0,0,0,0,0,0,1032600,0,213,0
1032800,5,19,0,4050,0,0,0,0,0,0,1032700,0,188,0
1032900,5,19,0,4125,0,0,0,0,0,0,1032800,0,247,0
1033000,5,19,0,4200,0,0,0,0,0,0,1032900,0,168,0
1033100,5,19,0,4275,0,0,0,0,0,0,1033000,0,246,0
1033200,5,19,0,4350,0,0,0,0,0,0,1033100,0,122,0
1033300,5,19,0,4425,0,0,0,0,0,0,1033200,0,109,0
1033400,5,19,0,4500,0,0,0,0,0,0,1033300,0,116,0
1033500,5,19,0,4575,0,0,0,0,0,0,1033400,0,238,0
1033600,5,19,0,4650,0,0,0,0,0,0,1033500,0,157,0
1033700,5,19,0,4725,0,0,0,0,0,0,1033600,0,177,0
1033800,5,19,0,4800,0,0,0,0,0,0,1033700,0,163,0
1033900,5,19,0,4875,0,0,0,0,0,0,1033800,0,169,0
1034000,5,19,0,5000,0,0,0,0,0,0,1033900,0,140,0
1034100,5,19,0,5200,0,0,0,0,0,0,1034000,0,214,0
1034200,5,19,0,5400,0,0,0,0,0,0,1034100,0,144,0
1034300,5,19,0,5600,0,0,0,0,0,0,1034200,0,127,0
1034400,5,19,0,5800,0,0,0,0,0,0,1034300,0,210,0
1034500,5,19,0,6000,0,0,0,0,0,0,1034400,0,182,0
1034600,5,19,0,6200,0,0,0,0,0,0,1034500,0,139,0
1034700,5,19,0,6400,0,0,0,0,0,0,1034600,0,133,0
1034800,5,19,0,6600,0,0,0,0,0,0,1034700,0,123,0
1034900,5,19,0,6800,0,0,0,0,0,0,1034800,0,218,0
1035000,5,19,0,7000,0,0,0,0,0,0,1034900,0,201,0
1035100,5,19,0,7250,0,0,0,0,0,0,1035000,0,197,0
1035200,5,19,0,7500,0,0,0,0,0,0,1035100,0,232,0
1035300,5,19,0,7750,0,0,0,0,0,0,1035200,0,207,0
1035400,5,19,0,8000,0,0,0,0,0,0,1035300,0,152,0
1035500,5,19,0,8250,0,0,0,0,0,0,1035400,0,239,0
1035600,5,19,0,8500,0,0,0,0,0,0,1035500,0,227,0
1035700,5,19,0,8750,0,0,0,0,0,0,1035600,0,189,0
1035800,5,19,0,9000,0,0,0,0,0,0,1035700,0,223,0
1035900,5,19,0,9250,0,0,0,0,0,0,1035800,0,164,0
1036000,5,19,0,9500,0,0,0,0,0,0,1035900,0,178,0
1036100,5,19,0,9750,0,0,0,0,0,0,1036000,0,248,0
1036200,5,19,0,10000,0,0,0,0,0,0,1036100,0,243,0
1036300,5,2,0,5,0,0,0,0,0,0,0,0,348,0
1036400,5,2,0,10,0,0,0,0,0,0,1036300,0,192,0
1036500,5,2,0,15,0,0,0,0,0,0,1036400,0,191,0
1036600,5,2,0,20,0,0,0,0,0,0,1036500,0,124,0
1036700,5,2,0,25,0,0,0,0,0,0,1036600,0,130,0
1036800,5,2,0,30,0,0,0,0,0,0,1036700,0,128,0
1036900,5,2,0,35,0,0,0,0,0,0,1036800,0,228,0
1037000,5,2,0,40,0,0,0,0,0,0,1036900,0,194,0
1037100,5,2,0,45,0,0,0,0,0,0,1037000,0,166,0
1037200,5,2,0,50,0,0,0,0,0,0,1037100,0,224,0
1037300,5,2,0,55,0,0,0,0,0,0,1037200,0,134,0
1037400,5,2,0,60,0,0,0,0,0,0,1037300,0,219,0
1037500,5,2,0,65,0,0,0,0,0,0,1037400,0,118,0
1037600,5,2,0,70,0,0,0,0,0,0,1037500,0,158,0
1037700,5,2,0,75,0,0,0,0,0,0,1037600,0,233,0
1037800,5,2,0,80,0,0,0,0,0,0,1037700,0,165,0
1037900,5,2,0,85,0,0,0,0,0,0,1037800,0,215,0
1038000,5,2,0,90,0,0,0,0,0,0,1037900,0,179,0
1038100,5,2,0,95,0,0,0,0,0,0,1038000,0,183,0
1038200,5,2,0,100,0,0,0,0,0,0,1038100,0,211,0
1038300,5,2,0,105,0,0,0,0,0,0,1038200,0,202,0
1038400,5,2,0,110,0,0,0,0,0,0,1038300,0,110,0
1038500,5,2,0,115,0,0,0,0,0,0,1038400,0,199,0
1038600,5,2,0,120,0,0,0,0,0,0,1038500,0,154,0
1038700,5,2,0,125,0,0,0,0,0,0,1038600,0,203,0
1038800,5,2,0,130,0,0,0,0,0,0,1038700,0,141,0
1038900,5,2,0,135,0,0,0,0,0,0,1038800,0,184,0
1039000,5,2,0,140,0,0,0,0,0,0,1038900,0,145,0
1039100,5,2,0,145,0,0,0,0,0,0,1039000,0,106,0
1039200,5,2,0,150,0,0,0,0,0,0,1039100,0,172,0
1039300,5,2,0,160,0,0,0,0,0,0,1039200,0,117,0
1039400,5,2,0,170,0,0,0,0,0,0,1039300,0,195,0
1039500,5,2,0,180,0,0,0,0,0,0,1039400,0,167,0
1039600,5,2,0,190,0,0,0,0,0,0,1039500,0,119,0
1039700,5,2,0,200,0,0,0,0,0,0,1039600,0,193,0
1039800,5,2,0,210,0,0,0,0,0,0,1039700,0,187,0
1039900,5,2,0,220,0,0,0,0,0,0,1039800,0,175,0
1040000,5,2,0,230,0,0,0,0,0,0,1039900,0,155,0
1040100,5,2,0,240,0,0,0,0,0,0,1040000,0,174,0
1040200,5,2,0,250,0,0,0,0,0,0,1040100,0,220,0
1040300,5,2,0,260,0,0,0,0,0,0,1040200,0,186,0
1040400,5,2,0,270,0,0,0,0,0,0,1040300,0,180,0
1040500,5,2,0,280,0,0,0,0,0,0,1040400,0,212,0
1040600,5,2,0,290,0,0,0,0,0,0,1040500,0,112,0
1040700,5,2,0,300,0,0,0,0,0,0,1040600,0,173,0
1040800,5,2,0,310,0,0,0,0,0,0,1040700,0,225,0
1040900,5,2,0,320,0,0,0,0,0,0,1040800,0,204,0
1041000,5,2,0,330,0,0,0,0,0,0,1040900,0,216,0
1041100,5,2,0,340,0,0,0,0,0,0,1041000,0,142,0
1041200,5,2,0,350,0,0,0,0,0,0,1041100,0,131,0
1041300,5,2,0,360,0,0,0,0,0,0,1041200,0,208,0
1041400,5,2,0,370,0,0,0,0,0,0,1041300,0,190,0
1041500,5,2,0,380,0,0,0,0,0,0,1041400,0,135,0
1041600,5,2,0,390,0,0,0,0,0,0,1041500,0,148,0
1041700,5,2,0,400,0,0,0,0,0,0,1041600,0,107,0
1041800,5,2,0,410,0,0,0,0,0,0,1041700,0,136,0
1041900,5,2,0,420,0,0,0,0,0,0,1041800,0,185,0
1042000,5,2,0,430,0,0,0,0,0,0,1041900,0,125,0
1042100,5,2,0,440,0,0,0,0,0,0,1042000,0,111,0
1042200,5,2,0,450,0,0,0,0,0,0,1042100,0,159,0
1042300,5,2,0,460,0,0,0,0,0,0,1042200,0,229,0
1042400,5,2,0,470,0,0,0,0,0,0,1042300,0,147,0
1042500,5,2,0,480,0,0,0,0,0,0,1042400,0,234,0
1042600,5,2,0,490,0,0,0,0,0,0,1042500,0,198,0
1042700,5,2,0,500,0,0,0,0,0,0,1042600,0,146,0
1042800,5,2,0,520,0,0,0,0,0,0,1042700,0,122,0
1042900,5,2,0,540,0,0,0,0,0,0,1042800,0,246,0
1043000,5,2,0,560,0,0,0,0,0,0,1042900,0,168,0
1043100,5,2,0,580,0,0,0,0,0,0,1043000,0,247,0
1043200,5,2,0,600,0,0,0,0,0,0,1043100,0,188,0
1043300,5,2,0,620,0,0,0,0,0,0,1043200,0,213,0
1043400,5,2,0,640,0,0,0,0,0,0,1043300,0,132,0
1043500,5,2,0,660,0,0,0,0,0,0,1043400,0,196,0
1043600,5,2,0,680,0,0,0,0,0,0,1043500,0,231,0
1043700,5,2,0,700,0,0,0,0,0,0,1043600,0,226,0
1043800,5,2,0,720,0,0,0,0,0,0,1043700,0,126,0
1043900,5,2,0,740,0,0,0,0,0,0,1043800,0,113,0
1044000,5,2,0,760,0,0,0,0,0,0,1043900,0,200,0
1044100,5,2,0,780,0,0,0,0,0,0,1044000,0,120,0
1044200,5,2,0,800,0,0,0,0,0,0,1044100,0,205,0
1044300,5,2,0,820,0,0,0,0,0,0,1044200,0,241,0
1044400,5,2,0,840,0,0,0,0,0,0,1044300,0,209,0
1044500,5,2,0,860,0,0,0,0,0,0,1044400,0,217,0
1044600,5,2,0,880,0,0,0,0,0,0,1044500,0,143,0
1044700,5,2,0,900,0,0,0,0,0,0,1044600,0,137,0
1044800,5,2,0,920,0,0,0,0,0,0,1044700,0,160,0
1044900,5,2,0,940,0,0,0,0,0,0,1044800,0,138,0
1045000,5,2,0,960,0,0,0,0,0,0,1044900,0,245,0
1045100,5,2,0,980,0,0,0,0,0,0,1045000,0,161,0
1045200,5,2,0,1000,0,0,0,0,0,0,1045100,0,176,0
1045300,5,2,0,1020,0,0,0,0,0,0,1045200,0,230,0
1045400,5,2,0,1040,0,0,0,0,0,0,1045300,0,181,0
1045500,5,2,0,1060,0,0,0,0,0,0,1045400,0,206,0
1045600,5,2,0,1080,0,0,0,0,0,0,1045500,0,115,0
1045700,5,2,0,1100,0,0,0,0,0,0,1045600,0,236,0
1045800,5,2,0,1120,0,0,0,0,0,0,1045700,0,114,0
1045900,5,2,0,1140,0,0,0,0,0,0,1045800,0,222,0
1046000,5,2,0,1160,0,0,0,0,0,0,1045900,0,156,0
1046100,5,2,0,1180,0,0,0,0,0,0,1046000,0,235,0
1046200,5,2,0,1200,0,0,0,0,0,0,1046100,0,121,0
1046300,5,2,0,1225,0,0,0,0,0,0,1046200,0,221,0
1046400,5,2,0,1250,0,0,0,0,0,0,1046300,0,150,0
1046500,5,2,0,1275,0,0,0,0,0,0,1046400,0,151,0
1046600,5,2,0,1300,0,0,0,0,0,0,1046500,0,108,0
1046700,5,2,0,1325,0,0,0,0,0,0,1046600,0,149,0
1046800,5,2,0,1350,0,0,0,0,0,0,1046700,0,237,0
1046900,5,2,0,1375,0,0,0,0,0,0,1046800,0,162,0
1047000,5,2,0,1400,0,0,0,0,0,0,1046900,0,223,0
1047100,5,2,0,1425,0,0,0,0,0,0,1047000,0,189,0
1047200,5,2,0,1450,0,0,0,0,0,0,1047100,0,227,0
1047300,5,2,0,1500,0,0,0,0,0,0,1047200,0,239,0
1047400,5,2,0,1550,0,0,0,0,0,0,1047300,0,152,0
1047500,5,2,0,1600,0,0,0,0,0,0,1047400,0,207,0
1047600,5,2,0,1650,0,0,0,0,0,0,1047500,0,232,0
1047700,5,2,0,1700,0,0,0,0,0,0,1047600,0,197,0
1047800,5,2,0,1750,0,0,0,0,0,0,1047700,0,201,0
1047900,5,2,0,1800,0,0,0,0,0,0,1047800,0,218,0
1048000,5,2,0,1850,0,0,0,0,0,0,1047900,0,123,0
1048100,5,2,0,1900,0,0,0,0,0,0,1048000,0,133,0
1048200,5,2,0,1950,0,0,0,0,0,0,1048100,0,139,0
1048300,5,2,0,2000,0,0,0,0,0,0,1048200,0,182,0
1048400,5,2,0,2050,0,0,0,0,0,0,1048300,0,210,0
1048500,5,2,0,2100,0,0,0,0,0,0,1048400,0,127,0
1048600,5,2,0,2150,0,0,0,0,0,0,1048500,0,144,0
1048700,5,2,0,2200,0,0,0,0,0,0,1048600,0,214,0
1048800,5,2,0,2250,0,0,0,0,0,0,1048700,0,140,0
1048900,5,2,0,2300,0,0,0,0,0,0,1048800,0,169,0
1049000,5,2,0,2350,0,0,0,0,0,0,1048900,0,163,0
1049100,5,2,0,2400,0,0,0,0,0,0,1049000,0,177,0
1049200,5,2,0,2450,0,0,0,0,0,0,1049100,0,157,0
1049300,5,2,0,2500,0,0,0,0,0,0,1049200,0,238,0
1049400,5,2,0,2600,0,0,0,0,0,0,1049300,0,116,0
1049500,5,2,0,2700,0,0,0,0,0,0,1049400,0,109,0
1049600,5,2,0,2800,0,0,0,0,0,0,1049500,0,170,0
1049700,5,2,0,3000,0,0,0,0,0,0,1049600,0,240,0
1049800,5,2,0,3250,0,0,0,0,0,0,1049700,0,153,0
1049900,5,2,0,3500,0,0,0,0,0,0,1049800,0,244,0
1050000,4,8,0,5,0,0,0,0,0,0,0,0,313,0
1050100,4,8,0,10,0,0,0,0,0,0,1050000,0,314,0
1050200,4,8,0,25,0,0,0,0,0,0,1050100,0,316,0
1050300,4,8,0,50,0,0,0,0,0,0,1050200,0,317,0
1050400,4,8,0,100,0,0,0,0,0,0,1050300,0,318,0
1050500,4,8,0,200,0,0,0,0,0,0,1050400,0,319,0
1050600,4,8,0,350,0,0,0,0,0,0,1050500,0,320,0
1050700,4,8,0,600,0,0,0,0,0,0,1050600,0,321,0
1050800,4,8,0,1000,0,0,0,0,0,0,1050700,0,322,0
1050900,4,8,0,1500,0,0,0,0,0,0,1050800,0,323,0
1051000,4,7,0,20,0,0,0,0,0,0,1000100,0,317,0
1051100,4,7,0,50,0,0,0,0,0,0,1051000,0,298,0
1051200,4,7,0,100,0,0,0,0,0,0,1051100,0,303,0
1051300,4,7,0,200,0,0,0,0,0,0,1051200,0,307,0
1051400,4,7,0,350,0,0,0,0,0,0,1051300,0,325,0
1051500,4,7,0,500,0,0,0,0,0,0,1051400,0,286,0
1051600,4,7,0,1000,0,0,0,0,0,0,1051500,0,287,0
1051700,4,7,0,2000,0,0,0,0,0,0,1051600,0,288,0
1051800,4,7,0,5000,0,0,0,0,0,0,1051700,0,310,0
1051900,4,7,0,10000,0,0,0,0,0,0,1051800,0,311,0
1052000,4,1,0,2,0,0,0,0,0,0,0,0,324,0
1052100,4,1,0,4,0,0,0,0,0,0,1052000,0,292,0
1052200,4,1,0,6,0,0,0,0,0,0,1052100,0,288,0
1052300,4,1,0,10,0,0,0,0,0,0,1052200,0,322,0
1052400,4,1,0,15,0,0,0,0,0,0,1052300,0,293,0
1052500,4,1,0,20,0,0,0,0,0,0,1052400,0,287,0
1052600,4,1,0,25,0,0,0,0,0,0,1052500,0,325,0
1052700,4,1,0,30,0,0,0,0,0,0,1052600,0,294,0
1052800,4,1,0,50,0,0,0,0,0,0,1052700,0,286,0
1052900,4,1,0,100,0,0,0,0,0,0,1052800,0,325,0
1053000,5,47,0,25,0,0,0,0,0,0,0,0,331,0
1053100,5,47,0,100,0,0,0,0,0,0,1053000,0,332,0
1053200,5,47,0,500,0,0,0,0,0,0,1053100,0,333,0
1053300,5,48,1,10,0,0,0,0,0,0,1053000,0,308,0
1053400,5,48,1,100,0,0,0,0,0,0,1053300,0,334,0
1053500,5,48,2,10,0,0,0,0,0,0,1053000,0,308,0
1053600,5,48,2,100,0,0,0,0,0,0,1053500,0,335,0
1053700,5,48,3,10,0,0,0,0,0,0,1053000,0,308,0
1053800,5,48,3,100,0,0,0,0,0,0,1053700,0,336,0
1053900,5,48,4,10,0,0,0,0,0,0,1053000,0,308,0
1054000,5,48,4,100,0,0,0,0,0,0,1053900,0,337,0
1054100,5,48,5,10,0,0,0,0,0,0,1053000,0,308,0
1054200,5,48,5,100,0,0,0,0,0,0,1054100,0,338,0
1054300,5,48,6,10,0,0,0,0,0,0,1053000,0,308,0
1054400,5,48,6,100,0,0,0,0,0,0,1054300,0,339,0
1054500,5,48,7,10,0,0,0,0,0,0,1053000,0,308,0
1054600,5,48,7,100,0,0,0,0,0,0,1054500,0,340,0
1054700,5,48,8,10,0,0,0,0,0,0,1053000,0,308,0
1054800,5,48,8,100,0,0,0,0,0,0,1054700,0,341,0
1054900,11,42,407001,3,0,0,0,0,0,0,0,0,342,0
1055000,3,38,0,100000,0,0,0,0,0,0,0,1440,329,0
1055100,3,19,0,100,0,0,0,0,0,0,1055000,1440,329,0
1055200,3,1,0,10,0,0,0,0,0,0,1055100,1440,329,0
1055300,3,2,0,100,0,0,0,0,0,0,1055200,1440,329,0
1055400,12,33,152000,1,0,0,0,0,0,0,0,0,346,0
1055500,12,33,152000,1,0,0,0,0,0,0,1055400,0,346,0
1055600,12,33,152000,1,0,0,0,0,0,0,1055500,0,345,0
1055700,12,33,152000,1,0,0,0,0,0,0,1055600,0,345,0
1055800,12,33,152000,1,0,0,0,0,0,0,1055700,0,344,0
1055900,12,33,152000,1,0,0,0,0,0,0,1055800,0,344,0
1056000,12,33,152000,1,0,0,0,0,0,0,1055900,0,343,0
1056100,13,33,159000,1,0,0,0,0,0,0,0,0,343,0
1056200,14,33,159010,1,0,0,0,0,0,0,0,0,343,0
1056300,15,33,189000,1,0,0,0,0,0,0,0,0,343,0
1056400,16,33,169000,1,0,0,0,0,0,0,0,0,343,0
1056500,17,33,113000,1,0,0,0,0,0,0,0,0,343,0
1056600,18,33,201000,1,0,0,0,0,0,0,0,0,343,0
1056700,19,33,177000,1,0,0,0,0,0,0,0,0,343,0
1056800,13,33,159000,1,0,0,0,0,0,0,1056100,0,343,0
1056900,13,33,159000,1,0,0,0,0,0,0,1056800,0,343,0
1057000,13,33,159000,1,0,0,0,0,0,0,1056900,0,343,0
1057100,13,33,159000,1,0,0,0,0,0,0,1057000,0,343,0
1057200,13,33,159000,1,0,0,0,0,0,0,1057100,0,343,0
1057300,13,33,159000,1,0,0,0,0,0,0,1057200,0,343,0
1057400,14,33,159010,1,0,0,0,0,0,0,1056200,0,343,0
1057500,14,33,159010,1,0,0,0,0,0,0,1057400,0,343,0
1057600,14,33,159010,1,0,0,0,0,0,0,1057500,0,343,0
1057700,14,33,159010,1,0,0,0,0,0,0,1057600,0,343,0
1057800,14,33,159010,1,0,0,0,0,0,0,1057700,0,343,0
1057900,14,33,159010,1,0,0,0,0,0,0,1057800,0,343,0
1058000,15,33,189000,1,0,0,0,0,0,0,1056300,0,343,0
1058100,15,33,189000,1,0,0,0,0,0,0,1058000,0,343,0
1058200,15,33,189000,1,0,0,0,0,0,0,1058100,0,343,0
1058300,15,33,189000,1,0,0,0,0,0,0,1058200,0,343,0
1058400,15,33,189000,1,0,0,0,0,0,0,1058300,0,343,0
1058500,15,33,189000,1,0,0,0,0,0,0,1058400,0,343,0
1058600,16,33,169000,1,0,0,0,0,0,0,1056400,0,343,0
1058700,16,33,169000,1,0,0,0,0,0,0,1058600,0,343,0
1058800,16,33,169000,1,0,0,0,0,0,0,1058700,0,343,0
1058900,16,33,169000,1,0,0,0,0,0,0,1058800,0,343,0
1059000,16,33,169000,1,0,0,0,0,0,0,1058900,0,343,0
1059100,16,33,169000,1,0,0,0,0,0,0,1059000,0,343,0
1059200,17,33,113000,1,0,0,0,0,0,0,1056500,0,343,0
1059300,17,33,113000,1,0,0,0,0,0,0,1059200,0,343,0
1059400,17,33,113000,1,0,0,0,0,0,0,1059300,0,343,0
1059500,17,33,113000,1,0,0,0,0,0,0,1059400,0,343,0
1059600,17,33,113000,1,0,0,0,0,0,0,1059500,0,343,0
1059700,17,33,113000,1,0,0,0,0,0,0,1059600,0,343,0
1059800,18,33,201000,1,0,0,0,0,0,0,1056600,0,343,0
1059900,18,33,201000,1,0,0,0,0,0,0,1059800,0,343,0
1060000,18,33,201000,1,0,0,0,0,0,0,1059900,0,343,0
1060100,18,33,201000,1,0,0,0,0,0,0,1060000,0,343,0
1060200,18,33,201000,1,0,0,0,0,0,0,1060100,0,343,0
1060300,18,33,201000,1,0,0,0,0,0,0,1060200,0,343,0
1060400,19,33,177000,1,0,0,0,0,0,0,1056700,0,343,0
1060500,19,33,177000,1,0,0,0,0,0,0,1060400,0,343,0
1060600,19,33,177000,1,0,0,0,0,0,0,1060500,0,343,0
1060700,19,33,177000,1,0,0,0,0,0,0,1060600,0,343,0
1060800,19,33,177000,1,0,0,0,0,0,0,1060700,0,343,0
1060900,19,33,177000,1,0,0,0,0,0,0,1060800,0,343,0
1061000,20,42,406002,5,0,0,0,0,0,0,0,0,353,0
1061100,21,42,406003,5,0,0,0,0,0,0,0,0,354,0
1061200,22,33,155000,5,0,0,0,0,0,0,0,0,326,0
1061300,5,48,8,50,0,0,0,0,0,0,1054700,0,355,0
1061400,23,33,152000,5,0,0,0,0,0,0,0,0,356,0
1061500,24,33,152000,5,0,0,0,0,0,0,0,0,357,0
1061600,25,33,152000,5,0,0,0,0,0,0,0,0,358,0
1061700,26,33,152000,5,0,0,0,0,0,0,0,0,359,0
1061800,27,33,152000,5,0,0,0,0,0,0,0,0,360,0
1061900,20,42,406002,10,0,0,0,0,0,0,0,0,317,0
1062000,20,42,406002,15,0,0,0,0,0,0,0,0,317,0
1062100,20,42,406002,20,0,0,0,0,0,0,0,0,317,0
1062200,20,42,406002,25,0,0,0,0,0,0,0,0,317,0
1062300,21,42,406003,10,0,0,0,0,0,0,0,0,317,0
1062400,21,42,406003,15,0,0,0,0,0,0,0,0,317,0
1062500,21,42,406003,20,0,0,0,0,0,0,0,0,317,0
1062600,21,42,406003,25,0,0,0,0,0,0,0,0,317,0
1064000,29,33,5000330,5,0,0,0,0,0,0,0,0,361,0
1064100,29,33,5000330,5,0,0,0,0,0,0,1064000,0,361,0
1064200,29,33,5000330,5,0,0,0,0,0,0,1064100,0,361,0
1064300,29,33,5000330,5,0,0,0,0,0,0,1064200,0,361,0
1064400,29,33,5000330,5,0,0,0,0,0,0,1064300,0,361,0
1064500,29,33,5000330,5,0,0,0,0,0,0,1064400,0,361,0
1064600,29,33,5000330,5,0,0,0,0,0,0,1064500,0,361,0
1064700,29,33,5000330,5,0,0,0,0,0,0,1064600,0,361,0
1064800,29,33,5000330,5,0,0,0,0,0,0,1064700,0,361,0
1064900,29,33,5000330,5,0,0,0,0,0,0,1064800,0,361,0
1065000,29,33,5000330,5,0,0,0,0,0,0,1064900,0,361,0
1065100,29,33,5000330,5,0,0,0,0,0,0,1065000,0,361,0
1065200,29,33,5000330,5,0,0,0,0,0,0,1065100,0,361,0
1065300,29,33,5000330,5,0,0,0,0,0,0,1065200,0,361,0
1065400,29,33,5000330,5,0,0,0,0,0,0,1065300,0,361,0
1065500,29,33,5000330,5,0,0,0,0,0,0,1065400,0,361,0
1065600,29,33,5000330,5,0,0,0,0,0,0,1065500,0,361,0
1065700,29,33,5000330,5,0,0,0,0,0,0,1065600,0,361,0
1065800,29,33,5000330,5,0,0,0,0,0,0,1065700,0,361,0
1065900,29,33,5000330,5,0,0,0,0,0,0,1065800,0,361,0
1066000,29,33,5000330,5,0,0,0,0,0,0,1065900,0,361,0
1066100,29,33,5000330,5,0,0,0,0,0,0,1066000,0,361,0
1066200,29,33,5000330,5,0,0,0,0,0,0,1066100,0,361,0
1066300,29,33,5000330,5,0,0,0,0,0,0,1066200,0,361,0
1066400,29,33,5000330,5,0,0,0,0,0,0,1066300,0,361,0
1066500,29,33,5000330,5,0,0,0,0,0,0,1066400,0,361,0
1066600,29,33,5000330,5,0,0,0,0,0,0,1066500,0,361,0
1066700,29,33,5000330,5,0,0,0,0,0,0,1066600,0,361,0
1066800,29,33,5000330,5,0,0,0,0,0,0,1066700,0,361,0
1066900,29,33,5000330,5,0,0,0,0,0,0,1066800,0,361,0
1067000,29,33,5000330,5,0,0,0,0,0,0,1066900,0,361,0
1067100,29,33,5000330,5,0,0,0,0,0,0,1067000,0,361,0
1067200,29,33,5000330,5,0,0,0,0,0,0,1067100,0,361,0
1067300,29,33,5000330,5,0,0,0,0,0,0,1067200,0,361,0
1067400,29,33,5000330,5,0,0,0,0,0,0,1067300,0,361,0
1067500,29,33,5000330,5,0,0,0,0,0,0,1067400,0,361,0
1067600,29,33,5000330,5,0,0,0,0,0,0,1067500,0,361,0
1067700,29,33,5000330,5,0,0,0,0,0,0,1067600,0,361,0
1067800,29,33,5000330,5,0,0,0,0,0,0,1067700,0,361,0
1067900,29,33,5000330,5,0,0,0,0,0,0,1067800,0,361,0
1068000,29,33,5000330,5,0,0,0,0,0,0,1067900,0,361,0
1068100,29,33,5000330,5,0,0,0,0,0,0,1068000,0,361,0
1068200,29,33,5000330,5,0,0,0,0,0,0,1068100,0,361,0
1068300,29,33,5000330,5,0,0,0,0,0,0,1068200,0,361,0
1068400,29,33,5000330,5,0,0,0,0,0,0,1068300,0,361,0
1068500,29,33,5000330,5,0,0,0,0,0,0,1068400,0,361,0
1068600,29,33,5000330,5,0,0,0,0,0,0,1068500,0,361,0
1068700,29,33,5000330,5,0,0,0,0,0,0,1068600,0,361,0
1068800,29,33,5000330,5,0,0,0,0,0,0,1068700,0,361,0
1068900,29,33,5000330,5,0,0,0,0,0,0,1068800,0,361,0
1069000,29,33,5000330,5,0,0,0,0,0,0,1068900,0,361,0
1069100,29,33,5000330,5,0,0,0,0,0,0,1069000,0,361,0
1069200,29,33,5000330,5,0,0,0,0,0,0,1069100,0,361,0
1069300,29,33,5000330,5,0,0,0,0,0,0,1069200,0,361,0
1069400,29,33,5000330,5,0,0,0,0,0,0,1069300,0,361,0
1069500,29,33,5000330,5,0,0,0,0,0,0,1069400,0,361,0
1069600,29,33,5000330,5,0,0,0,0,0,0,1069500,0,361,0
1069700,29,33,5000330,5,0,0,0,0,0,0,1069600,0,361,0
1069800,29,33,5000330,5,0,0,0,0,0,0,1069700,0,361,0
1069900,29,33,5000330,5,0,0,0,0,0,0,1069800,0,361,0
1070000,29,33,5000330,5,0,0,0,0,0,0,1069900,0,361,0
1070100,29,33,5000330,5,0,0,0,0,0,0,1070000,0,361,0
1070200,29,33,5000330,5,0,0,0,0,0,0,1070100,0,361,0
1070300,29,33,5000330,5,0,0,0,0,0,0,1070200,0,361,0
1070400,29,33,5000330,5,0,0,0,0,0,0,1070300,0,361,0
1070500,29,33,5000330,5,0,0,0,0,0,0,1070400,0,361,0
1070600,29,33,5000330,5,0,0,0,0,0,0,1070500,0,361,0
1070700,29,33,5000330,5,0,0,0,0,0,0,1070600,0,361,0
1070800,29,33,5000330,5,0,0,0,0,0,0,1070700,0,361,0
1070900,29,33,5000330,5,0,0,0,0,0,0,1070800,0,361,0
1071000,29,33,5000330,5,0,0,0,0,0,0,1070900,0,361,0
1071100,29,33,5000330,5,0,0,0,0,0,0,1071000,0,361,0
1071200,29,33,5000330,5,0,0,0,0,0,0,1071100,0,361,0
1071300,29,33,5000330,5,0,0,0,0,0,0,1071200,0,361,0
1071400,29,33,5000330,5,0,0,0,0,0,0,1071300,0,361,0
1071500,29,33,5000330,5,0,0,0,0,0,0,1071400,0,361,0
1071600,29,33,5000330,5,0,0,0,0,0,0,1071500,0,361,0
1071700,29,33,5000330,5,0,0,0,0,0,0,1071600,0,361,0
1071800,29,33,5000330,5,0,0,0,0,0,0,1071700,0,361,0
1071900,29,33,5000330,5,0,0,0,0,0,0,1071800,0,361,0
1072000,29,33,5000330,5,0,0,0,0,0,0,1071900,0,361,0
1072100,29,33,5000330,5,0,0,0,0,0,0,1072000,0,361,0
1072200,29,33,5000330,5,0,0,0,0,0,0,1072100,0,361,0
1072300,29,33,5000330,5,0,0,0,0,0,0,1072200,0,361,0
1072400,29,33,5000330,5,0,0,0,0,0,0,1072300,0,361,0
1072500,29,33,5000330,5,0,0,0,0,0,0,1072400,0,361,0
1072600,29,33,5000330,5,0,0,0,0,0,0,1072500,0,361,0
1072700,29,33,5000330,5,0,0,0,0,0,0,1072600,0,361,0
1072800,29,33,5000330,5,0,0,0,0,0,0,1072700,0,361,0
1072900,29,33,5000330,5,0,0,0,0,0,0,1072800,0,361,0
1073000,29,33,5000330,5,0,0,0,0,0,0,1072900,0,361,0
1073100,29,33,5000330,5,0,0,0,0,0,0,1073000,0,361,0
1073200,29,33,5000330,5,0,0,0,0,0,0,1073100,0,361,0
1073300,29,33,5000330,5,0,0,0,0,0,0,1073200,0,361,0
1073400,29,33,5000330,5,0,0,0,0,0,0,1073300,0,361,0
1073500,29,33,5000330,5,0,0,0,0,0,0,1073400,0,361,0
1073600,29,33,5000330,5,0,0,0,0,0,0,1073500,0,361,0
1073700,29,33,5000330,5,0,0,0,0,0,0,1073600,0,361,0
1073800,29,33,5000330,5,0,0,0,0,0,0,1073700,0,361,0
1073900,29,33,5000330,5,0,0,0,0,0,0,1073800,0,361,0
1074000,29,33,5000330,5,0,0,0,0,0,0,1073900,0,361,0
1074100,29,33,5000330,5,0,0,0,0,0,0,1074000,0,361,0
1074200,29,33,5000330,5,0,0,0,0,0,0,1074100,0,361,0
1074300,29,33,5000330,5,0,0,0,0,0,0,1074200,0,361,0
1074400,29,33,5000330,5,0,0,0,0,0,0,1074300,0,361,0
1074500,29,33,5000330,5,0,0,0,0,0,0,1074400,0,361,0
1074600,29,33,5000330,5,0,0,0,0,0,0,1074500,0,361,0
1074700,29,33,5000330,5,0,0,0,0,0,0,1074600,0,361,0
1074800,29,33,5000330,5,0,0,0,0,0,0,1074700,0,361,0
1074900,29,33,5000330,5,0,0,0,0,0,0,1074800,0,361,0
1075000,29,33,5000330,5,0,0,0,0,0,0,1074900,0,361,0
1075100,29,33,5000330,5,0,0,0,0,0,0,1075000,0,361,0
1075200,29,33,5000330,5,0,0,0,0,0,0,1075100,0,361,0
1075300,29,33,5000330,5,0,0,0,0,0,0,1075200,0,361,0
1075400,29,33,5000330,5,0,0,0,0,0,0,1075300,0,361,0
1075500,29,33,5000330,5,0,0,0,0,0,0,1075400,0,361,0
1075600,29,33,5000330,5,0,0,0,0,0,0,1075500,0,361,0
1075700,29,33,5000330,5,0,0,0,0,0,0,1075600,0,361,0
1075800,29,33,5000330,5,0,0,0,0,0,0,1075700,0,361,0
1075900,29,33,5000330,5,0,0,0,0,0,0,1075800,0,361,0
1076000,29,33,5000330,5,0,0,0,0,0,0,1075900,0,361,0
1076100,29,33,5000330,5,0,0,0,0,0,0,1076000,0,361,0
1076200,29,33,5000330,5,0,0,0,0,0,0,1076100,0,361,0
1076300,29,33,5000330,5,0,0,0,0,0,0,1076200,0,361,0
1076400,29,33,5000330,5,0,0,0,0,0,0,1076300,0,361,0
1076500,29,33,5000330,5,0,0,0,0,0,0,1076400,0,361,0
1076600,29,33,5000330,5,0,0,0,0,0,0,1076500,0,361,0
1076700,29,33,5000330,5,0,0,0,0,0,0,1076600,0,361,0
1076800,29,33,5000330,5,0,0,0,0,0,0,1076700,0,361,0
1076900,29,33,5000330,5,0,0,0,0,0,0,1076800,0,361,0
1077000,29,33,5000330,5,0,0,0,0,0,0,1076900,0,361,0
1077100,29,33,5000330,5,0,0,0,0,0,0,1077000,0,361,0
1077200,29,33,5000330,5,0,0,0,0,0,0,1077100,0,361,0
1077300,29,33,5000330,5,0,0,0,0,0,0,1077200,0,361,0
1077400,29,33,5000330,5,0,0,0,0,0,0,1077300,0,361,0
1077500,29,33,5000330,5,0,0,0,0,0,0,1077400,0,361,0
1077600,29,33,5000330,5,0,0,0,0,0,0,1077500,0,361,0
1077700,29,33,5000330,5,0,0,0,0,0,0,1077600,0,361,0
1077800,29,33,5000330,5,0,0,0,0,0,0,1077700,0,361,0
1077900,29,33,5000330,5,0,0,0,0,0,0,1077800,0,361,0
1078000,29,33,5000330,5,0,0,0,0,0,0,1077900,0,361,0
1078100,29,33,5000330,5,0,0,0,0,0,0,1078000,0,361,0
1078200,29,33,5000330,5,0,0,0,0,0,0,1078100,0,361,0
1078300,29,33,5000330,5,0,0,0,0,0,0,1078200,0,361,0
1078400,29,33,5000330,5,0,0,0,0,0,0,1078300,0,361,0
1078500,29,33,5000330,5,0,0,0,0,0,0,1078400,0,361,0
1078600,29,33,5000330,5,0,0,0,0,0,0,1078500,0,361,0
1078700,29,33,5000330,5,0,0,0,0,0,0,1078600,0,361,0
1078800,29,33,5000330,5,0,0,0,0,0,0,1078700,0,361,0
1078900,29,33,5000330,5,0,0,0,0,0,0,1078800,0,361,0
1079000,29,33,5000330,5,0,0,0,0,0,0,1078900,0,361,0
1079100,29,33,5000330,5,0,0,0,0,0,0,1079000,0,361,0
1079200,29,33,5000330,5,0,0,0,0,0,0,1079100,0,361,0
1079300,29,33,5000330,5,0,0,0,0,0,0,1079200,0,361,0
1079400,29,33,5000330,5,0,0,0,0,0,0,1079300,0,361,0
1079500,29,33,5000330,5,0,0,0,0,0,0,1079400,0,361,0
1079600,29,33,5000330,5,0,0,0,0,0,0,1079500,0,361,0
1079700,29,33,5000330,5,0,0,0,0,0,0,1079600,0,361,0
1079800,29,33,5000330,5,0,0,0,0,0,0,1079700,0,361,0
1079900,29,33,5000330,5,0,0,0,0,0,0,1079800,0,361,0
1080000,29,33,5000330,5,0,0,0,0,0,0,1079900,0,361,0
1080100,29,33,5000330,5,0,0,0,0,0,0,1080000,0,361,0
1080200,29,33,5000330,5,0,0,0,0,0,0,1080100,0,361,0
1080300,29,33,5000330,5,0,0,0,0,0,0,1080200,0,361,0
1080400,29,33,5000330,5,0,0,0,0,0,0,1080300,0,361,0
1080500,29,33,5000330,5,0,0,0,0,0,0,1080400,0,361,0
1080600,29,33,5000330,5,0,0,0,0,0,0,1080500,0,361,0
1080700,29,33,5000330,5,0,0,0,0,0,0,1080600,0,361,0
1080800,29,33,5000330,5,0,0,0,0,0,0,1080700,0,361,0
1080900,29,33,5000330,5,0,0,0,0,0,0,1080800,0,361,0
1081000,29,33,5000330,5,0,0,0,0,0,0,1080900,0,361,0
1081100,29,33,5000330,5,0,0,0,0,0,0,1081000,0,361,0
1081200,29,33,5000330,5,0,0,0,0,0,0,1081100,0,361,0
1081300,29,33,5000330,5,0,0,0,0,0,0,1081200,0,361,0
1081400,29,33,5000330,5,0,0,0,0,0,0,1081300,0,361,0
1081500,29,33,5000330,5,0,0,0,0,0,0,1081400,0,361,0
1081600,29,33,5000330,5,0,0,0,0,0,0,1081500,0,361,0
1081700,29,33,5000330,5,0,0,0,0,0,0,1081600,0,361,0
1081800,29,33,5000330,5,0,0,0,0,0,0,1081700,0,361,0
1081900,29,33,5000330,5,0,0,0,0,0,0,1081800,0,361,0
1082000,29,33,5000330,5,0,0,0,0,0,0,1081900,0,361,0
1082100,29,33,5000330,5,0,0,0,0,0,0,1082000,0,361,0
1082200,29,33,5000330,5,0,0,0,0,0,0,1082100,0,361,0
1082300,29,33,5000330,5,0,0,0,0,0,0,1082200,0,361,0
1082400,29,33,5000330,5,0,0,0,0,0,0,1082300,0,361,0
1082500,29,33,5000330,5,0,0,0,0,0,0,1082400,0,361,0
1082600,29,33,5000330,5,0,0,0,0,0,0,1082500,0,361,0
1082700,29,33,5000330,5,0,0,0,0,0,0,1082600,0,361,0
1082800,29,33,5000330,5,0,0,0,0,0,0,1082700,0,361,0
1082900,29,33,5000330,5,0,0,0,0,0,0,1082800,0,361,0
1083000,29,33,5000330,5,0,0,0,0,0,0,1082900,0,361,0
1083100,29,33,5000330,5,0,0,0,0,0,0,1083000,0,361,0
1083200,29,33,5000330,5,0,0,0,0,0,0,1083100,0,361,0
1083300,29,33,5000330,5,0,0,0,0,0,0,1083200,0,361,0
1083400,29,33,5000330,5,0,0,0,0,0,0,1083300,0,361,0
1083500,29,33,5000330,5,0,0,0,0,0,0,1083400,0,361,0
1083600,29,33,5000330,5,0,0,0,0,0,0,1083500,0,361,0
1083700,29,33,5000330,5,0,0,0,0,0,0,1083600,0,361,0
1083800,29,33,5000330,5,0,0,0,0,0,0,1083700,0,361,0
1083900,29,33,5000330,5,0,0,0,0,0,0,1083800,0,361,0
1084000,30,33,5000330,10,0,0,0,0,0,0,0,0,362,0
1084100,30,33,5000330,10,0,0,0,0,0,0,1084000,0,362,0
1084200,30,33,5000330,10,0,0,0,0,0,0,1084100,0,362,0
1084300,30,33,5000330,10,0,0,0,0,0,0,1084200,0,362,0
1084400,30,33,5000330,10,0,0,0,0,0,0,1084300,0,362,0
1084500,30,33,5000330,10,0,0,0,0,0,0,1084400,0,362,0
1084600,30,33,5000330,10,0,0,0,0,0,0,1084500,0,362,0
1084700,30,33,5000330,10,0,0,0,0,0,0,1084600,0,362,0
1084800,30,33,5000330,10,0,0,0,0,0,0,1084700,0,362,0
1084900,30,33,5000330,10,0,0,0,0,0,0,1084800,0,362,0
1085000,31,33,5000330,10,0,0,0,0,0,0,0,0,363,0
1085100,31,33,5000330,10,0,0,0,0,0,0,1085000,0,363,0
1085200,31,33,5000330,10,0,0,0,0,0,0,1085100,0,363,0
1085300,31,33,5000330,10,0,0,0,0,0,0,1085200,0,363,0
1085400,31,33,5000330,10,0,0,0,0,0,0,1085300,0,363,0
1085500,31,33,5000330,10,0,0,0,0,0,0,1085400,0,363,0
1085600,31,33,5000330,10,0,0,0,0,0,0,1085500,0,363,0
1085700,31,33,5000330,10,0,0,0,0,0,0,1085600,0,363,0
1085800,31,33,5000330,10,0,0,0,0,0,0,1085700,0,363,0
1085900,31,33,5000330,10,0,0,0,0,0,0,1085800,0,363,0
1086000,32,33,5000330,10,0,0,0,0,0,0,0,0,364,0
1086100,32,33,5000330,10,0,0,0,0,0,0,1086000,0,364,0
1086200,32,33,5000330,10,0,0,0,0,0,0,1086100,0,364,0
1086300,32,33,5000330,10,0,0,0,0,0,0,1086200,0,364,0
1086400,32,33,5000330,10,0,0,0,0,0,0,1086300,0,364,0
1086500,32,33,5000330,10,0,0,0,0,0,0,1086400,0,364,0
1086600,32,33,5000330,10,0,0,0,0,0,0,1086500,0,364,0
1086700,32,33,5000330,10,0,0,0,0,0,0,1086600,0,364,0
1086800,32,33,5000330,10,0,0,0,0,0,0,1086700,0,364,0
1086900,32,33,5000330,10,0,0,0,0,0,0,1086800,0,364,0
1087000,41,33,5000530,1,0,0,0,0,0,0,0,0,308,0
1087100,41,33,5000530,1,0,0,0,0,0,0,1087000,0,308,0
1087200,41,33,5000530,1,0,0,0,0,0,0,1087100,0,308,0
1087300,41,33,5000530,1,0,0,0,0,0,0,1087200,0,308,0
1087400,41,33,5000530,1,0,0,0,0,0,0,1087300,0,308,0
1087500,41,33,5000530,1,0,0,0,0,0,0,1087400,0,308,0
1087600,41,33,5000530,1,0,0,0,0,0,0,1087500,0,308,0
1087700,41,33,5000530,1,0,0,0,0,0,0,1087600,0,308,0
1087800,41,33,5000530,1,0,0,0,0,0,0,1087700,0,308,0
1087900,41,33,5000530,1,0,0,0,0,0,0,1087800,0,308,0
1088000,41,33,5000530,1,0,0,0,0,0,0,1087900,0,308,0
1088100,41,33,5000530,1,0,0,0,0,0,0,1088000,0,308,0
1088200,41,33,5000530,1,0,0,0,0,0,0,1088100,0,308,0
1088300,41,33,5000530,1,0,0,0,0,0,0,1088200,0,308,0
1088400,41,33,5000530,1,0,0,0,0,0,0,1088300,0,308,0
1088500,41,33,5000530,1,0,0,0,0,0,0,1088400,0,308,0
1088600,41,33,5000530,1,0,0,0,0,0,0,1088500,0,308,0
1088700,41,33,5000530,1,0,0,0,0,0,0,1088600,0,308,0
1088800,41,33,5000530,1,0,0,0,0,0,0,1088700,0,308,0
1088900,41,33,5000530,1,0,0,0,0,0,0,1088800,0,308,0
1089000,41,33,5000530,1,0,0,0,0,0,0,1088900,0,308,0
1089100,41,33,5000530,1,0,0,0,0,0,0,1089000,0,308,0
1089200,41,33,5000530,1,0,0,0,0,0,0,1089100,0,308,0
1089300,41,33,5000530,1,0,0,0,0,0,0,1089200,0,308,0
1089400,41,33,5000530,1,0,0,0,0,0,0,1089300,0,308,0
1089500,41,33,5000530,1,0,0,0,0,0,0,1089400,0,308,0
1089600,41,33,5000530,1,0,0,0,0,0,0,1089500,0,308,0
1089700,41,24,5000530,20,0,0,0,0,0,0,0,0,415,0
1089800,42,49,100009002,1,0,0,0,0,0,0,0,0,416,0
1089900,43,49,100010002,1,0,0,0,0,0,0,0,0,417,0
1091100,33,25,668000,1,0,0,0,0,0,0,0,0,365,0
1091200,34,53,668000,10,0,0,0,0,0,0,0,0,366,0
1091300,34,53,668000,15,0,0,0,0,0,0,1091200,0,367,0
1091400,34,53,668000,20,0,0,0,0,0,0,1091300,0,368,0
1091500,34,53,668000,25,0,0,0,0,0,0,1091400,0,369,0
1091600,34,53,668000,30,0,0,0,0,0,0,1091500,0,370,0
1091700,34,53,668000,35,0,0,0,0,0,0,1091600,0,371,0
1091800,34,53,668000,40,0,0,0,0,0,0,1091700,0,372,0
1091900,34,53,668000,45,0,0,0,0,0,0,1091800,0,373,0
1092000,34,53,668000,50,0,0,0,0,0,0,1091900,0,374,0
1092100,34,53,668000,55,0,0,0,0,0,0,1092000,0,375,0
1092200,34,53,668000,60,0,0,0,0,0,0,1092100,0,376,0
1092300,34,53,668000,65,0,0,0,0,0,0,1092200,0,377,0
1092400,34,53,668000,70,0,0,0,0,0,0,1092300,0,378,0
1092500,34,53,668000,75,0,0,0,0,0,0,1092400,0,379,0
1092600,34,53,668000,80,0,0,0,0,0,0,1092500,0,380,0
1092700,34,53,668000,85,0,0,0,0,0,0,1092600,0,381,0
1092800,34,53,668000,90,0,0,0,0,0,0,1092700,0,382,0
1092900,34,53,668000,95,0,0,0,0,0,0,1092800,0,383,0
1093000,34,53,668000,99,0,0,0,0,0,0,1092900,0,384,0
1093300,37,24,5000190,2,0,0,0,0,0,0,0,0,388,0
1093400,37,24,5000190,3,0,0,0,0,0,0,1093300,0,389,0
1093500,37,24,5000190,5,0,0,0,0,0,0,1093400,0,391,0
1093600,37,24,5000370,2,0,0,0,0,0,0,0,0,387,0
1093700,37,24,5000370,3,0,0,0,0,0,0,1093600,0,388,0
1093800,37,24,5000370,5,0,0,0,0,0,0,1093700,0,390,0
1093900,37,24,5000440,2,0,0,0,0,0,0,0,0,309,0
1094000,37,24,5000440,3,0,0,0,0,0,0,1093900,0,310,0
1094100,37,24,5000440,5,0,0,0,0,0,0,1094000,0,388,0
1094200,37,24,125000,2,0,0,0,0,0,0,0,0,392,0
1094300,37,24,125000,3,0,0,0,0,0,0,1094200,0,393,0
1094400,37,24,125000,5,0,0,0,0,0,0,1094300,0,394,0
1094500,37,24,167000,2,0,0,0,0,0,0,0,0,305,0
1094600,37,24,167000,3,0,0,0,0,0,0,1094500,0,306,0
1094700,37,24,167000,5,0,0,0,0,0,0,1094600,0,393,0
1094800,38,24,5000190,2,0,0,0,0,0,0,0,0,388,0
1094900,38,24,5000190,3,0,0,0,0,0,0,1094800,0,389,0
1095000,38,24,5000190,5,0,0,0,0,0,0,1094900,0,391,0
1095100,38,24,5000370,2,0,0,0,0,0,0,0,0,387,0
1095200,38,24,5000370,3,0,0,0,0,0,0,1095100,0,388,0
1095300,38,24,5000370,5,0,0,0,0,0,0,1095200,0,390,0
1095400,38,24,5000440,2,0,0,0,0,0,0,0,0,309,0
1095500,38,24,5000440,3,0,0,0,0,0,0,1095400,0,310,0
1095600,38,24,5000440,5,0,0,0,0,0,0,1095500,0,388,0
1095700,38,24,125000,2,0,0,0,0,0,0,0,0,392,0
1095800,38,24,125000,3,0,0,0,0,0,0,1095700,0,393,0
1095900,38,24,125000,5,0,0,0,0,0,0,1095800,0,394,0
1096000,38,24,167000,2,0,0,0,0,0,0,0,0,305,0
1096100,38,24,167000,3,0,0,0,0,0,0,1096000,0,306,0
1096200,38,24,167000,5,0,0,0,0,0,0,1096100,0,393,0
1096300,39,24,5000190,2,0,0,0,0,0,0,0,0,388,0
1096400,39,24,5000190,3,0,0,0,0,0,0,1096300,0,389,0
1096500,39,24,5000190,5,0,0,0,0,0,0,1096400,0,391,0
1096600,39,24,5000370,2,0,0,0,0,0,0,0,0,387,0
1096700,39,24,5000370,3,0,0,0,0,0,0,1096600,0,388,0
1096800,39,24,5000370,5,0,0,0,0,0,0,1096700,0,390,0
1096900,39,24,5000440,2,0,0,0,0,0,0,0,0,309,0
1097000,39,24,5000440,3,0,0,0,0,0,0,1096900,0,310,0
1097100,39,24,5000440,5,0,0,0,0,0,0,1097000,0,388,0
1097200,39,24,125000,2,0,0,0,0,0,0,0,0,392,0
1097300,39,24,125000,3,0,0,0,0,0,0,1097200,0,393,0
1097400,39,24,125000,5,0,0,0,0,0,0,1097300,0,394,0
1097500,39,24,167000,2,0,0,0,0,0,0,0,0,305,0
1097600,39,24,167000,3,0,0,0,0,0,0,1097500,0,306,0
1097700,39,24,167000,5,0,0,0,0,0,0,1097600,0,393,0
1097800,40,24,5000190,2,0,0,0,0,0,0,0,0,388,0
1097900,40,24,5000190,3,0,0,0,0,0,0,1097800,0,389,0
1098000,40,24,5000190,5,0,0,0,0,0,0,1097900,0,391,0
1098100,40,24,5000370,2,0,0,0,0,0,0,0,0,387,0
1098200,40,24,5000370,3,0,0,0,0,0,0,1098100,0,388,0
1098300,40,24,5000370,5,0,0,0,0,0,0,1098200,0,390,0
1098400,40,24,5000440,2,0,0,0,0,0,0,0,0,309,0
1098500,40,24,5000440,3,0,0,0,0,0,0,1098400,0,310,0
1098600,40,24,5000440,5,0,0,0,0,0,0,1098500,0,388,0
1098700,40,24,125000,2,0,0,0,0,0,0,0,0,392,0
1098800,40,24,125000,3,0,0,0,0,0,0,1098700,0,393,0
1098900,40,24,125000,5,0,0,0,0,0,0,1098800,0,394,0
1099000,40,24,167000,2,0,0,0,0,0,0,0,0,305,0
1099100,40,24,167000,3,0,0,0,0,0,0,1099000,0,306,0
1099200,40,24,167000,5,0,0,0,0,0,0,1099100,0,393,0
1099300,35,25,0,1,0,0,0,0,0,0,0,0,395,0
1099400,36,53,669000,10,0,0,0,0,0,0,0,0,396,0
1099500,36,53,669000,15,0,0,0,0,0,0,1099400,0,397,0
1099600,36,53,669000,20,0,0,0,0,0,0,1099500,0,398,0
1099700,36,53,669000,25,0,0,0,0,0,0,1099600,0,399,0
1099800,36,53,669000,30,0,0,0,0,0,0,1099700,0,400,0
1099900,36,53,669000,35,0,0,0,0,0,0,1099800,0,401,0
1100000,36,53,669000,40,0,0,0,0,0,0,1099900,0,402,0
1100100,36,53,669000,45,0,0,0,0,0,0,1100000,0,403,0
1100200,36,53,669000,50,0,0,0,0,0,0,1100100,0,404,0
1100300,36,53,669000,55,0,0,0,0,0,0,1100200,0,405,0
1100400,36,53,669000,60,0,0,0,0,0,0,1100300,0,406,0
1100500,36,53,669000,65,0,0,0,0,0,0,1100400,0,407,0
1100600,36,53,669000,70,0,0,0,0,0,0,1100500,0,408,0
1100700,36,53,669000,75,0,0,0,0,0,0,1100600,0,409,0
1100800,36,53,669000,80,0,0,0,0,0,0,1100700,0,410,0
1100900,36,53,669000,85,0,0,0,0,0,0,1100800,0,411,0
1101000,36,53,669000,90,0,0,0,0,0,0,1100900,0,412,0
1101100,36,53,669000,95,0,0,0,0,0,0,1101000,0,413,0
1101200,36,53,669000,99,0,0,0,0,0,0,1101100,0,414,0
1101300,4,52,0,20,0,0,0,0,0,0,0,0,418,12
1101400,4,52,0,20,0,0,0,0,0,0,1101300,0,419,0
1101500,4,52,0,20,0,0,0,0,0,0,1101400,0,420,0
1101600,4,52,0,20,0,0,0,0,0,0,1101500,0,421,0
1101700,4,52,0,20,0,0,0,0,0,0,1101600,0,422,0
1101800,4,52,0,30,0,0,0,0,0,0,1101700,0,423,0
1101900,4,52,0,30,0,0,0,0,0,0,1101800,0,424,0
1102000,4,52,0,30,0,0,0,0,0,0,1101900,0,425,0
1102100,4,52,0,30,0,0,0,0,0,0,1102000,0,426,0
1102200,4,52,0,30,0,0,0,0,0,0,1102100,0,427,0
1102300,4,52,0,30,0,0,0,0,0,0,1102200,0,428,0
1102400,4,52,0,30,0,0,0,0,0,0,1102300,0,429,0
1102500,4,52,0,30,0,0,0,0,0,0,1102400,0,430,0
1102600,4,52,0,30,0,0,0,0,0,0,1102500,0,431,0
1102700,4,52,0,30,0,0,0,0,0,0,1102600,0,432,0
1102800,4,52,0,30,0,0,0,0,0,0,1102700,0,433,0
1102900,4,52,0,40,0,0,0,0,0,0,1102800,0,434,0
1103000,4,52,0,40,0,0,0,0,0,0,1102900,0,435,0
1103100,4,52,0,40,0,0,0,0,0,0,1103000,0,436,0
1103200,4,52,0,40,0,0,0,0,0,0,1103100,0,437,0
1103300,4,52,0,40,0,0,0,0,0,0,1103200,0,438,0
1103400,4,52,0,40,0,0,0,0,0,0,1103300,0,439,0
1103500,4,52,0,40,0,0,0,0,0,0,1103400,0,440,0
1103600,4,52,0,40,0,0,0,0,0,0,1103500,0,441,0
1103700,4,52,0,40,0,0,0,0,0,0,1103600,0,442,0
1103800,4,52,0,40,0,0,0,0,0,0,1103700,0,443,0
1103900,4,52,0,40,0,0,0,0,0,0,1103800,0,444,0
1104000,4,52,0,40,0,0,0,0,0,0,1103900,0,445,0
1104100,4,52,0,40,0,0,0,0,0,0,1104000,0,446,0
1104200,4,52,0,40,0,0,0,0,0,0,1104100,0,447,0
1104300,4,52,0,40,0,0,0,0,0,0,1104200,0,448,0
1104400,4,52,0,40,0,0,0,0,0,0,1104300,0,449,0
1104500,4,52,0,40,0,0,0,0,0,0,1104400,0,450,0
1104600,4,52,0,40,0,0,0,0,0,0,1104500,0,451,0
1104700,4,52,0,40,0,0,0,0,0,0,1104600,0,452,0
1104800,4,52,0,40,0,0,0,0,0,0,1104700,0,453,0
1104900,4,52,0,40,0,0,0,0,0,0,1104800,0,454,0
1105000,4,52,0,50,0,0,0,0,0,0,1104900,0,455,0
1105100,4,52,0,50,0,0,0,0,0,0,1105000,0,456,0
1105200,4,52,0,50,0,0,0,0,0,0,1105100,0,457,0
1105300,4,52,0,3000,0,0,0,0,0,0,1105200,0,458,0
