id,deal_id,item_type,item_id,item_option,amount,over_type
101,101,9,500001,,2,1
102,102,9,500001,,3,1
103,103,9,500001,,4,1
104,104,9,500001,,5,1
105,105,9,500001,,6,1
106,106,1,100001,,1,1
107,107,1,100002,,1,1
108,108,1,100003,,1,1
109,109,1,100004,,1,1
110,110,1,100101,,1,1
111,111,1,100102,,1,1
112,112,1,100106,,1,1
113,113,1,100103,,1,1
114,114,1,100105,,1,1
115,115,1,100107,,1,1
116,116,1,100104,,1,1
117,117,1,100201,,1,1
118,118,1,100202,,1,1
119,119,1,100203,,1,1
120,120,1,100204,,1,1
121,121,1,100205,,1,1
122,122,1,100207,,1,1
123,123,1,100206,,1,1
124,124,1,100301,,1,1
125,125,1,100302,,1,1
126,126,1,100303,,1,1
127,127,1,100304,,1,1
128,128,1,100401,,1,1
129,129,1,100402,,1,1
130,130,1,100403,,1,1
131,131,1,100405,,1,1
132,132,1,100406,,1,1
133,133,1,100404,,1,1
134,134,1,100501,,1,1
135,135,1,100502,,1,1
136,136,1,100505,,1,1
137,137,1,100503,,1,1
138,138,1,100506,,1,1
139,139,1,100504,,1,1
140,140,1,100507,,1,1
141,141,1,100701,,1,1
142,142,1,100702,,1,1
143,143,1,100703,,1,1
144,144,1,100704,,1,1
145,145,1,100801,,1,1
146,146,1,100802,,1,1
147,147,1,100805,,1,1
148,148,1,100806,,1,1
149,149,1,100803,,1,1
150,150,1,100807,,1,1
151,151,1,100808,,1,1
152,152,1,100804,,1,1
153,153,1,100809,,1,1
154,154,1,100901,,1,1
155,155,1,100902,,1,1
156,156,1,100903,,1,1
157,157,1,100904,,1,1
158,158,1,101101,,1,1
159,159,1,101102,,1,1
160,160,1,101103,,1,1
161,161,1,101105,,1,1
162,162,1,101106,,1,1
163,163,1,101107,,1,1
164,164,1,101104,,1,1
165,165,1,101201,,1,1
166,166,1,101205,,1,1
167,167,1,101202,,1,1
168,168,1,101203,,1,1
169,169,1,101206,,1,1
170,170,1,101204,,1,1
171,171,1,101207,,1,1
172,172,1,101301,,1,1
173,173,1,101302,,1,1
174,174,1,101305,,1,1
175,175,1,101306,,1,1
176,176,1,101303,,1,1
177,177,1,101307,,1,1
178,178,1,101304,,1,1
179,179,1,101401,,1,1
180,180,1,101402,,1,1
181,181,1,101403,,1,1
182,182,1,101404,,1,1
183,183,1,101501,,1,1
184,184,1,101508,,1,1
185,185,1,101502,,1,1
186,186,1,101509,,1,1
187,187,1,101505,,1,1
188,188,1,101503,,1,1
189,189,1,101504,,1,1
190,190,1,101510,,1,1
191,191,1,101506,,1,1
192,192,1,101507,,1,1
193,193,1,101511,,1,1
194,194,1,101601,,1,1
195,195,1,101602,,1,1
196,196,1,101603,,1,1
197,197,1,101604,,1,1
198,198,1,101702,,1,1
199,199,1,101701,,1,1
200,200,1,101703,,1,1
201,201,1,101704,,1,1
202,202,1,101801,,1,1
203,203,1,101805,,1,1
204,204,1,101802,,1,1
205,205,1,101803,,1,1
206,206,1,101806,,1,1
207,207,1,101804,,1,1
208,208,1,101901,,1,1
209,209,1,101902,,1,1
210,210,1,101903,,1,1
211,211,1,102001,,1,1
212,212,1,102002,,1,1
213,213,1,102003,,1,1
214,214,1,102004,,1,1
215,215,1,102101,,1,1
216,216,1,102102,,1,1
217,217,1,102103,,1,1
218,218,1,102104,,1,1
219,219,1,102201,,1,1
220,220,1,102203,,1,1
221,221,1,102202,,1,1
222,222,1,102205,,1,1
223,223,1,102204,,1,1
224,224,1,102301,,1,1
225,225,1,102302,,1,1
226,226,1,102303,,1,1
227,227,1,102304,,1,1
228,228,1,102401,,1,1
229,229,1,102402,,1,1
230,230,1,102403,,1,1
231,231,1,102404,,1,1
232,232,1,102405,,1,1
233,233,1,102501,,1,1
234,234,1,102502,,1,1
235,235,1,102503,,1,1
236,236,1,102504,,1,1
237,237,1,102505,,1,1
238,238,1,102506,,1,1
239,239,1,102507,,1,1
240,240,1,102508,,1,1
241,241,1,102601,,1,1
242,242,1,102701,,1,1
243,243,1,102702,,1,1
244,244,1,102703,,1,1
245,245,1,102801,,1,1
246,246,1,102802,,1,1
247,247,1,102803,,1,1
248,248,1,102804,,1,1
249,249,0,0,,0,1
250,250,3,300301,,1,1
251,251,3,300001,,1,1
252,252,3,300206,,1,1
253,253,3,300106,,1,1
254,254,3,300101,,1,1
255,255,3,300302,,1,1
256,256,3,300002,,1,1
257,257,3,300207,,1,1
258,258,3,300202,,1,1
259,259,3,300102,,1,1
260,260,3,300303,,1,1
261,261,3,300003,,1,1
262,262,3,300008,,1,1
263,263,3,300203,,1,1
264,264,3,300103,,1,1
265,265,3,300304,,1,1
266,266,3,300309,,1,1
267,267,3,300009,,1,1
268,268,3,300204,,1,1
269,269,3,300104,,1,1
270,270,3,300105,,1,1
271,271,3,300306,,1,1
272,272,3,300107,,1,1
273,273,3,300208,,1,1
274,274,3,300004,,1,1
275,275,3,300305,,1,1
276,276,3,300006,,1,1
277,277,3,300307,,1,1
278,278,3,300108,,1,1
279,279,3,300209,,1,1
280,280,3,300005,,1,1
281,281,3,300201,,1,1
282,282,3,300007,,1,1
283,283,3,300308,,1,1
284,284,3,300109,,1,1
285,285,3,300205,,1,1
286,286,2,200701,,1,1
287,287,2,200702,,1,1
288,288,2,200703,,1,1
289,289,2,200704,,1,1
290,290,2,200705,,1,1
291,291,2,200706,,1,1
292,292,2,200101,,1,1
293,293,2,200102,,1,1
294,294,2,200103,,1,1
295,295,2,200506,,1,1
296,296,2,200506,,2,1
297,297,2,200506,,3,1
298,298,2,200506,,5,1
299,299,2,200501,,1,1
300,300,2,200501,,2,1
301,301,2,200501,,3,1
302,302,2,200501,,4,1
303,303,2,200501,,5,1
304,304,2,200502,,1,1
305,305,2,200502,,2,1
306,306,2,200502,,3,1
307,307,2,200502,,5,1
308,308,2,200503,,1,1
309,309,2,200503,,2,1
310,310,2,200503,,3,1
311,311,2,200504,,1,1
312,312,2,200505,,1,1
313,313,8,0,,500,1
314,314,8,0,,1000,1
315,315,8,0,,2000,1
316,316,8,0,,2500,1
317,317,8,0,,5000,1
318,318,8,0,,10000,1
319,319,8,0,,20000,1
320,320,8,0,,35000,1
321,321,8,0,,60000,1
322,322,8,0,,100000,1
323,323,8,0,,150000,1
324,324,4,405001,,1,1
325,325,4,405007,,1,1
326,326,6,1000,"{""skill_type"":3}",1,1
327,327,8,0,,1,1
328,328,8,0,,2,1
329,329,7,0,,1,1
330,330,7,0,,50,1
331,331,2,200941,,1,1
332,332,2,200937,,1,1
333,333,2,200907,,1,1
334,334,2,200943,,1,1
335,335,2,200944,,1,1
336,336,2,200945,,1,1
337,337,2,200946,,1,1
338,338,2,200947,,1,1
339,339,2,200948,,1,1
340,340,2,200949,,1,1
341,341,2,200950,,1,1
342,342,6,5000070,,1,1
343,343,4,406001,,1,1
344,344,4,406001,,2,1
345,345,4,406001,,3,1
346,346,4,406001,,5,1
347,347,7,0,,3,1
348,348,7,0,,5,1
349,349,7,0,,10,1
350,350,7,0,,15,1
351,351,7,0,,20,1
352,352,7,0,,30,1
353,353,6,5000080,"{""skill_type"":1}",1,1
354,354,6,5000090,"{""skill_type"":1}",1,1
355,355,2,200951,,1,1
356,356,8,0,,10,1
357,357,7,0,,10,1
358,358,7,0,,10,1
359,359,7,0,,10,1
360,360,7,0,,10,1
361,361,4,406004,,1,1
362,362,13,4,,1,1
363,363,13,5,,1,1
364,364,13,6,,1,1
365,365,7,0,,1,1
366,366,1,100802,,10,1
367,367,2,200501,,10,1
368,368,1,100802,,15,1
369,369,2,200502,,15,1
370,370,1,100802,,20,1
371,371,2,200503,,10,1
372,372,1,100802,,30,1
373,373,2,200503,,20,1
374,374,1,100807,,10,1
375,375,2,200503,,30,1
376,376,1,100807,,20,1
377,377,2,200503,,40,1
378,378,1,100808,,30,1
379,379,2,200503,,50,1
380,380,1,100804,,10,1
381,381,2,200503,,60,1
382,382,1,100804,,30,1
383,383,6,668000,,1,1
384,384,6,668000,,5,1
385,385,2,200504,,3,1
386,386,2,200504,,5,1
387,387,2,200503,,4,1
388,388,2,200503,,6,1
389,389,2,200503,,9,1
390,390,2,200503,,12,1
391,391,2,200503,,18,1
392,392,2,200502,,4,1
393,393,2,200502,,6,1
394,394,2,200502,,12,1
395,395,7,0,,1,1
396,396,1,102504,,10,1
397,397,2,200501,,10,1
398,398,1,102504,,15,1
399,399,2,200502,,15,1
400,400,1,102504,,20,1
401,401,2,200503,,10,1
402,402,1,102504,,30,1
403,403,2,200503,,20,1
404,404,1,102506,,10,1
405,405,2,200503,,30,1
406,406,1,102506,,20,1
407,407,2,200503,,40,1
408,408,1,102506,,30,1
409,409,2,200503,,50,1
410,410,1,102507,,10,1
411,411,2,200503,,60,1
412,412,1,102507,,30,1
413,413,6,669000,,1,1
414,414,6,669000,,5,1
415,415,6,5000530,"{""skill_type"":3}",1,1
416,416,6,5000290,"{""skill_type"":1}",1,1
417,417,6,5000050,"{""skill_type"":1}",1,1
418,418,14,17,,1,0
419,419,14,18,,1,0
420,420,14,19,,1,0
421,421,14,20,,1,0
422,422,14,21,,1,0
423,423,14,22,,1,0
424,424,14,23,,1,0
425,425,14,24,,1,0
426,426,14,25,,1,0
427,427,14,28,,1,0
428,428,14,26,,1,0
429,429,14,27,,1,0
430,430,14,33,,1,0
431,431,14,34,,1,0
432,432,14,35,,1,0
433,433,14,36,,1,0
434,434,14,58,,1,0
435,435,14,59,,1,0
436,436,14,39,,1,0
437,437,14,57,,1,0
438,438,14,42,,1,0
439,439,14,44,,1,0
440,440,14,46,,1,0
441,441,14,41,,1,0
442,442,14,43,,1,0
443,443,14,55,,1,0
444,444,14,53,,1,0
445,445,14,47,,1,0
446,446,14,54,,1,0
447,447,14,45,,1,0
448,448,14,52,,1,0
449,449,14,56,,1,0
450,450,14,50,,1,0
451,451,14,40,,1,0
452,452,14,49,,1,0
453,453,14,48,,1,0
454,454,14,51,,1,0
455,455,14,85,,1,0
456,456,14,86,,1,0
457,457,14,87,,1,0
458,458,14,143,,1,0
459,459,2,200501,,20,1
460,460,2,200502,,10,1
461,461,2,200502,,20,1
462,462,2,200502,,30,1
463,463,2,200503,,10,1
464,464,2,200503,,15,1
465,465,4,405007,,5,1
466,466,4,406005,,5,1
467,467,2,200503,,24,1
468,468,6,5000970,"{""skill_type"":2}",1,1
469,469,6,5000980,"{""skill_type"":2}",1,1
470,470,6,5000200,"{""skill_type"":3}",1,1
471,471,2,200503,,5,1
472,472,4,405001,,1,1
473,473,2,200503,,10,1
474,474,1,100904,,5,1
475,475,4,405001,,10,1
476,476,2,200503,,20,1
477,477,4,405007,,3,1
478,478,1,101504,,5,1
479,479,2,200502,,3,1
480,480,2,200503,,5,1
481,481,8,0,,10000,1
482,482,2,200503,,10,1
483,483,1,100804,,3,1
484,484,2,200503,,25,1
485,485,4,405008,,1,1
486,486,2,200504,,18,1
487,487,1,100804,,5,1
488,488,2,200703,,1,1
489,489,2,200503,,8,1
490,490,2,200503,,5,1
491,491,2,200503,,25,1
492,492,2,200503,,35,1
493,493,1,102202,,3,1
494,494,1,102202,,5,1
495,495,1,102202,,10,1
496,496,1,102205,,3,1
497,497,1,102205,,10,1
498,498,1,101303,,3,1
499,499,1,101303,,5,1
500,500,1,101303,,10,1
501,501,1,102103,,3,1
502,502,1,102103,,5,1
503,503,1,102103,,10,1
504,504,1,101803,,3,1
505,505,1,101803,,10,1
506,506,1,102003,,3,1
507,507,1,102003,,10,1
508,508,1,101503,,3,1
509,509,1,101503,,5,1
510,510,1,101503,,10,1
511,511,4,405001,,5,1
512,512,4,405001,,10,1
513,513,4,405007,,2,1
514,514,4,405007,,3,1
515,515,3,300436,,1,1
516,516,3,300440,,1,1
517,517,3,300438,,1,1
518,518,3,300435,,1,1
519,519,3,300439,,1,1
520,520,3,300437,,1,1
521,521,2,200503,,40,1
522,522,2,200503,,20,1
523,523,6,5001340,,1,1
524,524,6,5001330,,1,1
525,525,4,406007,,1,1
526,526,4,406007,,2,1
527,527,4,406007,,5,1
528,528,4,406007,,10,1
529,529,4,406007,,12,1
530,530,4,406007,,15,1
531,531,4,406007,,20,1
532,532,4,406007,,25,1
1000,1000,0,0,,0,1
1002,1002,7,0,,10,1
1003,1003,7,0,,1,1
1004,1004,7,0,,1,1
1005,1005,7,0,,1,1
1006,1006,7,0,,1,1
1007,1007,7,0,,1,1
1008,1008,7,0,,1,1
1009,1009,7,0,,1,1
1010,1010,7,0,,1,1
1011,1011,7,0,,1,1
1012,1012,7,0,,5,1
1013,1013,7,0,,1,1
1014,1014,7,0,,1,1
1015,1015,7,0,,1,1
1016,1016,7,0,,1,1
1017,1017,7,0,,1,1
1018,1018,7,0,,1,1
1019,1019,7,0,,1,1
1020,1020,7,0,,1,1
1021,1021,7,0,,1,1
1022,1022,7,0,,10,1
1023,1023,7,0,,1,1
1024,1024,7,0,,1,1
1025,1025,7,0,,1,1
1026,1026,7,0,,1,1
1027,1027,7,0,,1,1
1028,1028,7,0,,1,1
1029,1029,7,0,,1,1
1030,1030,7,0,,1,1
1031,1031,7,0,,1,1
1032,1032,7,0,,5,1
1033,1033,7,0,,1,1
1034,1034,7,0,,1,1
1035,1035,7,0,,1,1
1036,1036,7,0,,1,1
1037,1037,7,0,,1,1
1038,1038,7,0,,1,1
1039,1039,7,0,,1,1
1040,1040,7,0,,1,1
1041,1041,7,0,,1,1
1042,1042,7,0,,10,1
1043,1043,7,0,,1,1
1044,1044,7,0,,1,1
1045,1045,7,0,,1,1
1046,1046,7,0,,1,1
1047,1047,7,0,,1,1
1048,1048,7,0,,1,1
1049,1049,7,0,,1,1
1050,1050,7,0,,1,1
1051,1051,7,0,,1,1
1052,1052,7,0,,5,1
1053,1053,7,0,,1,1
1054,1054,7,0,,1,1
1055,1055,7,0,,1,1
1056,1056,7,0,,1,1
1057,1057,7,0,,1,1
1058,1058,7,0,,1,1
1059,1059,7,0,,1,1
1060,1060,7,0,,1,1
1061,1061,7,0,,1,1
1062,1062,7,0,,10,1
1063,1063,7,0,,1,1
1064,1064,7,0,,1,1
1065,1065,7,0,,1,1
1066,1066,7,0,,1,1
1067,1067,7,0,,1,1
1068,1068,7,0,,1,1
1069,1069,7,0,,1,1
1070,1070,7,0,,1,1
1071,1071,7,0,,1,1
1072,1072,7,0,,5,1
1073,1073,7,0,,1,1
1074,1074,7,0,,1,1
1075,1075,7,0,,1,1
1076,1076,7,0,,1,1
1077,1077,7,0,,1,1
1078,1078,7,0,,1,1
1079,1079,7,0,,1,1
1080,1080,7,0,,1,1
1081,1081,7,0,,1,1
1082,1082,7,0,,10,1
1083,1083,7,0,,1,1
1084,1084,7,0,,1,1
1085,1085,7,0,,1,1
1086,1086,7,0,,1,1
1087,1087,7,0,,1,1
1088,1088,7,0,,1,1
1089,1089,7,0,,1,1
1090,1090,7,0,,1,1
1091,1091,7,0,,1,1
1092,1092,7,0,,5,1
1093,1093,7,0,,1,1
1094,1094,7,0,,1,1
1095,1095,7,0,,1,1
1096,1096,7,0,,1,1
1097,1097,7,0,,1,1
1098,1098,7,0,,1,1
1099,1099,7,0,,1,1
1100,1100,7,0,,1,1
1101,1101,7,0,,1,1
1102,1102,7,0,,10,1
1103,1103,7,0,,1,1
1104,1104,7,0,,1,1
1105,1105,7,0,,1,1
1106,1106,7,0,,1,1
1107,1107,7,0,,1,1
1108,1108,7,0,,1,1
1109,1109,7,0,,1,1
1110,1110,7,0,,1,1
1111,1111,7,0,,1,1
1112,1112,7,0,,5,1
1113,1113,7,0,,1,1
1114,1114,7,0,,1,1
1115,1115,7,0,,1,1
1116,1116,7,0,,1,1
1117,1117,7,0,,1,1
1118,1118,7,0,,1,1
1119,1119,7,0,,1,1
1120,1120,7,0,,1,1
1121,1121,7,0,,1,1
1122,1122,7,0,,10,1
1123,1123,7,0,,5,1
1124,1124,7,0,,10,1
1125,1125,7,0,,5,1
1126,1126,0,0,,0,1
1127,1127,0,0,,0,1
1128,1128,0,0,,0,1
1129,1129,0,0,,0,1
1130,1130,0,0,,0,1
1131,1131,0,0,,0,1
1132,1132,0,0,,0,1
1133,1133,0,0,,0,1
1134,1134,0,0,,0,1
1135,1135,0,0,,0,1
1136,1136,0,0,,0,1
1137,1137,0,0,,0,1
1138,1138,0,0,,0,1
1139,1139,0,0,,0,1
1140,1140,0,0,,0,1
2000,2000,0,0,,0,1
2001,2001,1,100001,,5,4
2002,2002,1,100101,,5,4
2003,2003,1,100201,,5,4
2004,2004,1,100202,,5,4
2005,2005,1,100301,,5,4
2006,2006,1,100401,,5,4
2007,2007,1,100402,,5,4
2008,2008,1,100403,,5,4
2009,2009,1,100501,,5,4
2010,2010,1,100701,,5,4
2011,2011,1,100801,,5,4
2012,2012,1,100901,,5,4
2013,2013,1,101101,,5,4
2014,2014,1,101201,,5,4
2015,2015,1,101205,,5,4
2016,2016,1,101301,,5,4
2017,2017,1,101401,,5,4
2018,2018,1,101501,,5,4
2019,2019,1,101506,,5,4
2020,2020,1,101507,,5,4
2021,2021,1,101508,,5,4
2022,2022,1,101601,,5,4
2023,2023,1,101701,,5,4
2024,2024,1,101801,,5,4
2025,2025,1,101805,,5,4
2026,2026,1,102001,,5,4
2027,2027,1,102101,,5,4
2028,2028,1,102201,,5,4
2029,2029,1,102301,,5,4
2030,2030,1,102401,,5,4
2031,2031,1,102501,,5,4
2032,2032,2,200503,,1,4
2033,2033,2,200102,,10,4
2034,2034,2,200504,,1,4
2035,2035,1,100003,,1,4
2036,2035,1,100103,,1,4
2037,2035,1,100204,,1,4
2038,2035,1,100205,,1,4
2039,2035,1,100303,,1,4
2040,2035,1,100406,,1,4
2041,2035,1,100503,,1,4
2042,2035,1,100803,,1,4
2043,2035,1,100807,,1,4
2044,2035,1,100903,,1,4
2045,2035,1,101103,,1,4
2046,2035,1,101203,,1,4
2047,2035,1,101303,,1,4
2048,2035,1,101403,,1,4
2049,2035,1,101503,,1,4
2050,2035,1,101803,,1,4
2051,2035,1,102103,,1,4
2052,2035,1,102503,,1,4
2053,2035,1,102801,,1,4
2054,2035,1,102601,,1,4
2055,2036,1,100105,,1,4
2056,2036,1,100107,,1,4
2057,2036,1,100207,,1,4
2058,2036,1,100506,,1,4
2059,2036,1,100703,,1,4
2060,2036,1,100808,,1,4
2061,2036,1,101105,,1,4
2062,2036,1,101106,,1,4
2063,2036,1,101603,,1,4
2064,2036,1,101703,,1,4
2065,2036,1,101806,,1,4
2066,2036,1,101902,,1,4
2067,2036,1,102003,,1,4
2068,2036,1,102103,,1,4
2069,2036,1,102202,,1,4
2070,2036,1,102303,,1,4
2071,2036,1,102403,,1,4
2072,2036,1,102404,,1,4
2073,2036,1,102504,,1,4
2074,2036,1,102802,,1,4
2075,2037,1,100103,,1,4
2076,2037,1,100204,,1,4
2077,2037,1,100303,,1,4
2078,2037,1,100406,,1,4
2079,2037,1,100503,,1,4
2080,2037,1,100703,,1,4
2081,2037,1,100803,,1,4
2082,2037,1,100903,,1,4
2083,2037,1,101105,,1,4
2084,2037,1,101203,,1,4
2085,2037,1,101403,,1,4
2086,2037,1,101503,,1,4
2087,2037,1,101603,,1,4
2088,2037,1,101703,,1,4
2089,2037,1,102003,,1,4
2090,2037,1,102303,,1,4
2091,2037,1,102404,,1,4
2092,2037,1,102205,,1,4
2093,2037,1,102505,,1,4
2094,2037,1,102803,,1,4
2095,2038,1,100003,,1,4
2096,2038,1,100105,,1,4
2097,2038,1,100107,,1,4
2098,2038,1,100205,,1,4
2099,2038,1,100207,,1,4
2100,2038,1,100506,,1,4
2101,2038,1,100807,,1,4
2102,2038,1,100808,,1,4
2103,2038,1,101103,,1,4
2104,2038,1,101106,,1,4
2105,2038,1,101303,,1,4
2106,2038,1,101803,,1,4
2107,2038,1,101902,,1,4
2108,2038,1,102202,,1,4
2109,2038,1,102403,,1,4
2110,2038,1,102504,,1,4
2111,2038,1,102505,,1,4
2112,2038,1,102601,,1,4
2113,2038,1,102802,,1,4
2114,2038,1,102803,,1,4
3000,3000,7,0,,0,1
3001,3001,7,0,,50,1
3002,3002,1,100002,,1,1
3003,3003,1,100102,,1,1
3004,3004,1,100203,,1,1
3005,3005,1,100302,,1,1
3006,3006,1,100405,,1,1
3007,3007,1,100502,,1,1
3008,3008,1,100702,,1,1
3009,3009,1,100902,,1,1
3010,3010,1,101302,,1,1
3011,3011,1,101402,,1,1
3012,3012,1,101505,,1,1
3013,3013,1,101602,,1,1
3014,3014,1,101702,,1,1
3015,3015,1,101802,,1,1
3016,3016,1,101901,,1,1
3017,3017,1,102002,,1,1
3018,3018,1,102102,,1,1
3019,3019,1,102203,,1,1
3020,3020,1,102302,,1,1
3021,3021,1,102402,,1,1
3022,3022,1,100001,,1,1
3023,3023,1,100101,,1,1
3024,3024,1,100201,,1,1
3025,3025,1,100301,,1,1
3026,3026,1,100401,,1,1
3027,3027,1,100501,,1,1
3028,3028,1,100701,,1,1
3029,3029,1,100901,,1,1
3030,3030,1,101301,,1,1
3031,3031,1,101401,,1,1
3032,3032,1,101506,,1,1
3033,3033,1,101601,,1,1
3034,3034,1,101801,,1,1
3035,3035,1,102001,,1,1
3036,3036,1,102101,,1,1
3037,3037,1,102201,,1,1
3038,3038,1,102301,,1,1
3039,3039,1,100001,,1,1
3040,3040,2,200101,,1,1
3041,3041,8,0,,2000,1
3042,3042,7,0,,1,1
3043,3043,1,102203,,1,1
3044,3044,1,102302,,1,1
3045,3045,1,102402,,1,1
3046,3046,1,100001,,1,1
3047,3047,1,100101,,1,1
3048,3048,1,100201,,1,1
3049,3049,1,100301,,1,1
3050,3050,1,100401,,1,1
3051,3051,1,100501,,1,1
3052,3052,1,100701,,1,1
3053,3053,1,100901,,1,1
3054,3054,1,101301,,1,1
3055,3055,1,101401,,1,1
3056,3056,1,101506,,1,1
3057,3057,1,101601,,1,1
3058,3058,1,101801,,1,1
3059,3059,1,102001,,1,1
3060,3060,1,102203,,1,1
3061,3061,1,102302,,1,1
3062,3062,1,102402,,1,1
3063,3063,1,100001,,1,1
3064,3064,1,100101,,1,1
3065,3065,1,100201,,1,1
3066,3066,1,100301,,1,1
3067,3067,1,100401,,1,1
3068,3068,1,100501,,1,1
3069,3069,1,100701,,1,1
3070,3070,1,100901,,1,1
3071,3071,1,101301,,1,1
3072,3072,1,101401,,1,1
3073,3073,1,101506,,1,1
3074,3074,1,101601,,1,1
3075,3075,1,101801,,1,1
3076,3076,1,102001,,1,1
3077,3077,1,102203,,1,1
3078,3078,1,102302,,1,1
3079,3079,1,102402,,1,1
3080,3080,1,100001,,1,1
3081,3081,1,100101,,1,1
3082,3082,1,100201,,1,1
3083,3083,1,100301,,1,1
3084,3084,1,100401,,1,1
3085,3085,1,100501,,1,1
3086,3086,1,100701,,1,1
3087,3087,1,100901,,1,1
3088,3088,1,101301,,1,1
3089,3089,1,101401,,1,1
3090,3090,1,101506,,1,1
3091,3091,1,101601,,1,1
3092,3092,1,101801,,1,1
3093,3093,1,102001,,1,1
3094,3094,1,100001,,1,1
3095,3095,1,100101,,1,1
3096,3096,1,100201,,1,1
3097,3097,1,100301,,1,1
3098,3098,1,100401,,1,1
3099,3099,1,100501,,1,1
3100,3100,1,100701,,1,1
3101,3101,1,100001,,1,1
3102,3102,1,100502,,1,1
3103,3103,7,0,,1,1
3104,3104,1,100102,,1,1
3105,3105,8,0,,1,1
3106,3106,1,101901,,1,1
3107,3107,4,405001,,1,1
3108,3108,7,0,,50,1
3109,3109,7,0,,10,1
3110,3110,7,0,,10,1
3111,3111,7,0,,10,1
3112,3112,7,0,,10,1
3113,3113,7,0,,10,1
3114,3114,7,0,,10,1
3115,3115,2,200502,,1,1
3116,3116,3,300302,,1,1
3117,3117,2,200502,,1,1
3118,3118,1,100804,,1,1
3119,3119,2,200502,,1,1
3120,3120,2,200101,,1,1
3121,3121,2,200502,,1,1
3122,3122,6,724000,,1,1
3123,3123,6,724000,,1,1
3124,3124,6,724000,,1,1
3125,3125,6,724000,,1,1
3126,3126,6,724000,,1,1
3127,3127,6,724000,,1,1
3128,3128,6,724000,,1,1
3129,3129,6,724000,,1,1
3130,3130,6,724000,,1,1
3131,3131,6,724000,,1,1
3132,3132,6,724000,,1,1
3133,3133,6,724000,,1,1
3134,3134,6,724000,,1,1
3135,3135,6,724000,,1,1
3136,3136,6,724000,,1,1
3137,3137,6,724000,,1,1
3138,3138,6,724000,,1,1
3139,3139,6,724000,,1,1
3140,3140,6,724000,,1,1
3141,3141,6,724000,,1,1
4000,4000,1,100102,,1,1
4001,4001,2,200503,,1,1
4002,4002,1,100003,,3,1
4003,4003,1,100103,,3,1
4004,4004,2,200701,,1,1
4005,4005,2,200504,,1,1
4006,4006,1,100004,,1,1
4007,4007,2,200505,,1,1
4008,4008,2,200701,,1,1
4009,4009,2,200701,,1,1
4010,4010,2,200701,,1,1
4011,4011,3,300410,,1,1
4012,4011,2,200701,,1,1
4013,4011,1,100104,,1,1
4014,4012,2,200701,,1,1
4015,4012,1,100104,,1,1
4016,4013,2,200505,,1,1
4017,4013,1,100104,,1,1
4018,4014,2,200505,,1,1
4019,4015,2,200504,,1,1
4020,4016,2,200503,,1,1
4021,4021,4,405007,,1,1
4022,4021,1,100404,,1,1
4023,4021,2,200504,,1,1
4024,4022,1,100404,,1,1
4025,4022,2,200504,,1,1
4026,4023,1,100404,,1,1
4027,4023,2,200503,,1,1
4028,4024,1,100404,,1,1
4029,4025,1,100406,,1,1
4030,4026,1,100405,,1,1
4031,4031,2,200503,,10,1
4032,4032,1,100804,,5,1
4033,4033,1,101107,,5,1
4034,4034,2,200702,,1,1
4035,4035,2,200503,,20,1
4036,4036,1,101307,,5,1
4037,4037,2,200505,,3,1
4041,4041,6,5000340,"{""skill_type"":3}",1,1
4042,4041,2,200702,,2,1
4043,4041,3,300010,,1,1
4044,4041,3,300110,,1,1
4045,4041,3,300210,,1,1
4046,4046,6,5000340,"{""skill_type"":3}",1,1
4047,4046,2,200702,,1,1
4048,4046,3,300010,,1,1
4049,4049,2,200505,,1,1
4050,4049,1,101206,,1,1
4051,4051,4,405008,,3,1
4052,4051,1,100904,,1,1
4053,4051,2,200504,,1,1
4054,4054,4,405008,,1,1
4055,4054,1,100904,,1,1
4056,4054,2,200503,,1,1
4057,4057,1,100904,,1,1
4058,4057,2,200503,,1,1
4059,4059,1,100904,,1,1
4060,4060,1,100903,,1,1
4061,4061,1,100902,,1,1
4071,4071,2,200503,,10,1
4072,4072,1,101104,,5,1
4073,4073,1,101204,,5,1
4074,4074,2,200703,,1,1
4075,4075,2,200503,,20,1
4076,4076,1,101304,,7,1
4077,4077,2,200505,,3,1
4078,4078,1,101604,,10,1
4079,4079,2,200703,,1,1
4080,4080,2,200703,,1,1
4081,4081,2,200703,,2,1
4082,4081,3,300010,,1,1
4083,4081,3,300110,,1,1
4084,4081,3,300210,,1,1
4085,4085,2,200703,,1,1
4086,4085,3,300010,,1,1
4087,4087,2,200505,,1,1
4088,4087,1,102204,,1,1
4089,4089,4,405008,,3,1
4090,4089,1,102104,,1,1
4091,4089,2,200504,,1,1
4092,4092,4,405008,,1,1
4093,4092,1,102104,,1,1
4094,4092,2,200503,,1,1
4095,4095,1,102104,,1,1
4096,4095,2,200503,,1,1
4097,4097,1,102104,,1,1
4098,4098,1,102103,,1,1
4099,4099,1,102102,,1,1
4100,4100,2,200503,,10,1
4101,4101,1,100207,,5,1
4102,4102,1,101504,,5,1
4103,4103,2,200701,,1,1
4104,4104,2,200503,,20,1
4105,4105,1,101104,,7,1
4106,4106,2,200504,,7,1
4107,4107,1,101207,,10,1
4108,4108,2,200701,,1,1
4109,4109,2,200701,,1,1
4110,4110,2,200505,,5,1
4111,4111,3,300432,,1,1
4112,4112,2,200701,,2,1
4113,4112,3,300010,,1,1
4114,4112,3,300110,,1,1
4115,4112,3,300210,,1,1
4116,4112,3,300432,,2,1
4117,4117,2,200701,,1,1
4118,4117,3,300010,,1,1
4119,4117,3,300432,,1,1
4120,4120,2,200505,,1,1
4121,4120,1,102204,,1,1
4122,4122,4,405008,,3,1
4123,4122,1,100404,,1,1
4124,4122,2,200504,,1,1
4125,4125,4,405008,,1,1
4126,4125,1,100404,,1,1
4127,4125,2,200503,,1,1
4128,4128,1,100404,,1,1
4129,4128,2,200503,,1,1
4130,4130,1,100404,,1,1
4131,4131,1,100406,,1,1
4132,4132,1,100405,,1,1
4133,4133,2,200503,,10,1
4134,4134,1,100804,,5,1
4135,4135,1,101804,,5,1
4136,4136,2,200702,,1,1
4137,4137,2,200503,,20,1
4138,4138,1,100304,,7,1
4139,4139,2,200504,,7,1
4140,4140,1,102304,,10,1
4141,4141,2,200702,,1,1
4142,4142,2,200702,,1,1
4143,4143,2,200505,,4,1
4144,4144,3,300419,,1,1
4145,4145,2,200702,,2,1
4146,4145,3,300010,,1,1
4147,4145,3,300110,,1,1
4148,4145,3,300210,,1,1
4149,4145,3,300419,,2,1
4150,4150,2,200702,,1,1
4151,4150,3,300010,,1,1
4152,4150,3,300419,,1,1
4153,4153,2,200505,,1,1
4154,4153,1,102304,,1,1
4155,4155,4,405008,,3,1
4156,4155,1,100904,,1,1
4157,4155,2,200504,,1,1
4158,4158,4,405008,,1,1
4159,4158,1,100904,,1,1
4160,4158,2,200503,,1,1
4161,4161,1,100904,,1,1
4162,4161,2,200503,,1,1
4163,4163,1,100904,,1,1
4164,4164,1,100903,,1,1
4165,4165,1,100902,,1,1
5000,5000,2,200103,,1,1
5001,5001,2,200103,,2,1
5002,5002,2,200103,,3,1
5003,5003,2,200503,,1,1
5004,5004,2,200503,,3,1
5005,5005,2,200503,,5,1
5010,5010,1,101903,,30,1
5011,5010,1,100304,,30,1
5012,5010,1,102004,,30,1
5013,5010,12,2,,1,1
5020,5020,1,100103,,10,1
5021,5020,2,200503,,5,1
5022,5020,2,200103,,5,1
5023,5023,1,100802,,10,1
5024,5023,2,200503,,5,1
5025,5023,2,200103,,5,1
5030,5030,1,102104,,30,1
5031,5030,1,102204,,30,1
5032,5030,1,101504,,30,1
5033,5030,12,2,,1,1
6000,6000,0,0,,0,1
6001,6001,2,200506,,3,1
6002,6002,2,200501,,1,1
6003,6003,2,200502,,1,1
6004,6004,2,200503,,1,1
6005,6005,2,200504,,1,1
10000000,10000000,0,0,,0,1
10000101,10000101,1,100001,,1,1
10000102,10000102,1,100001,,2,1
10000103,10000103,1,100001,,3,1
10000104,10000104,1,100001,,4,1
10000105,10000105,1,100001,,5,1
10000106,10000106,1,100001,,6,1
10000107,10000107,1,100001,,7,1
10000108,10000108,1,100001,,8,1
10000109,10000109,1,100001,,9,1
10000110,10000110,1,100001,,10,1
10000201,10000201,1,100002,,1,1
10000202,10000202,1,100002,,2,1
10000203,10000203,1,100002,,3,1
10000204,10000204,1,100002,,4,1
10000205,10000205,1,100002,,5,1
10000206,10000206,1,100002,,6,1
10000207,10000207,1,100002,,7,1
10000208,10000208,1,100002,,8,1
10000209,10000209,1,100002,,9,1
10000210,10000210,1,100002,,10,1
10000301,10000301,1,100003,,1,1
10000302,10000302,1,100003,,2,1
10000303,10000303,1,100003,,3,1
10000304,10000304,1,100003,,4,1
10000305,10000305,1,100003,,5,1
10000306,10000306,1,100003,,6,1
10000307,10000307,1,100003,,7,1
10000308,10000308,1,100003,,8,1
10000309,10000309,1,100003,,9,1
10000310,10000310,1,100003,,10,1
10000401,10000401,1,100004,,1,1
10000402,10000402,1,100004,,2,1
10000403,10000403,1,100004,,3,1
10000404,10000404,1,100004,,4,1
10000405,10000405,1,100004,,5,1
10000406,10000406,1,100004,,6,1
10000407,10000407,1,100004,,7,1
10000408,10000408,1,100004,,8,1
10000409,10000409,1,100004,,9,1
10000410,10000410,1,100004,,10,1
10010101,10010101,1,100101,,1,1
10010102,10010102,1,100101,,2,1
10010103,10010103,1,100101,,3,1
10010104,10010104,1,100101,,4,1
10010105,10010105,1,100101,,5,1
10010106,10010106,1,100101,,6,1
10010107,10010107,1,100101,,7,1
10010108,10010108,1,100101,,8,1
10010109,10010109,1,100101,,9,1
10010110,10010110,1,100101,,10,1
10010201,10010201,1,100102,,1,1
10010202,10010202,1,100102,,2,1
10010203,10010203,1,100102,,3,1
10010204,10010204,1,100102,,4,1
10010205,10010205,1,100102,,5,1
10010206,10010206,1,100102,,6,1
10010207,10010207,1,100102,,7,1
10010208,10010208,1,100102,,8,1
10010209,10010209,1,100102,,9,1
10010210,10010210,1,100102,,10,1
10010301,10010301,1,100103,,1,1
10010302,10010302,1,100103,,2,1
10010303,10010303,1,100103,,3,1
10010304,10010304,1,100103,,4,1
10010305,10010305,1,100103,,5,1
10010306,10010306,1,100103,,6,1
10010307,10010307,1,100103,,7,1
10010308,10010308,1,100103,,8,1
10010309,10010309,1,100103,,9,1
10010310,10010310,1,100103,,10,1
10010401,10010401,1,100104,,1,1
10010402,10010402,1,100104,,2,1
10010403,10010403,1,100104,,3,1
10010404,10010404,1,100104,,4,1
10010405,10010405,1,100104,,5,1
10010406,10010406,1,100104,,6,1
10010407,10010407,1,100104,,7,1
10010408,10010408,1,100104,,8,1
10010409,10010409,1,100104,,9,1
10010410,10010410,1,100104,,10,1
10010501,10010501,1,100105,,1,1
10010502,10010502,1,100105,,2,1
10010503,10010503,1,100105,,3,1
10010504,10010504,1,100105,,4,1
10010505,10010505,1,100105,,5,1
10010506,10010506,1,100105,,6,1
10010507,10010507,1,100105,,7,1
10010508,10010508,1,100105,,8,1
10010509,10010509,1,100105,,9,1
10010510,10010510,1,100105,,10,1
10010601,10010601,1,100106,,1,1
10010602,10010602,1,100106,,2,1
10010603,10010603,1,100106,,3,1
10010604,10010604,1,100106,,4,1
10010605,10010605,1,100106,,5,1
10010606,10010606,1,100106,,6,1
10010607,10010607,1,100106,,7,1
10010608,10010608,1,100106,,8,1
10010609,10010609,1,100106,,9,1
10010610,10010610,1,100106,,10,1
10010701,10010701,1,100107,,1,1
10010702,10010702,1,100107,,2,1
10010703,10010703,1,100107,,3,1
10010704,10010704,1,100107,,4,1
10010705,10010705,1,100107,,5,1
10010706,10010706,1,100107,,6,1
10010707,10010707,1,100107,,7,1
10010708,10010708,1,100107,,8,1
10010709,10010709,1,100107,,9,1
10010710,10010710,1,100107,,10,1
10020101,10020101,1,100201,,1,1
10020102,10020102,1,100201,,2,1
10020103,10020103,1,100201,,3,1
10020104,10020104,1,100201,,4,1
10020105,10020105,1,100201,,5,1
10020106,10020106,1,100201,,6,1
10020107,10020107,1,100201,,7,1
10020108,10020108,1,100201,,8,1
10020109,10020109,1,100201,,9,1
10020110,10020110,1,100201,,10,1
10020201,10020201,1,100202,,1,1
10020202,10020202,1,100202,,2,1
10020203,10020203,1,100202,,3,1
10020204,10020204,1,100202,,4,1
10020205,10020205,1,100202,,5,1
10020206,10020206,1,100202,,6,1
10020207,10020207,1,100202,,7,1
10020208,10020208,1,100202,,8,1
10020209,10020209,1,100202,,9,1
10020210,10020210,1,100202,,10,1
10020301,10020301,1,100203,,1,1
10020302,10020302,1,100203,,2,1
10020303,10020303,1,100203,,3,1
10020304,10020304,1,100203,,4,1
10020305,10020305,1,100203,,5,1
10020306,10020306,1,100203,,6,1
10020307,10020307,1,100203,,7,1
10020308,10020308,1,100203,,8,1
10020309,10020309,1,100203,,9,1
10020310,10020310,1,100203,,10,1
10020401,10020401,1,100204,,1,1
10020402,10020402,1,100204,,2,1
10020403,10020403,1,100204,,3,1
10020404,10020404,1,100204,,4,1
10020405,10020405,1,100204,,5,1
10020406,10020406,1,100204,,6,1
10020407,10020407,1,100204,,7,1
10020408,10020408,1,100204,,8,1
10020409,10020409,1,100204,,9,1
10020410,10020410,1,100204,,10,1
10020501,10020501,1,100205,,1,1
10020502,10020502,1,100205,,2,1
10020503,10020503,1,100205,,3,1
10020504,10020504,1,100205,,4,1
10020505,10020505,1,100205,,5,1
10020506,10020506,1,100205,,6,1
10020507,10020507,1,100205,,7,1
10020508,10020508,1,100205,,8,1
10020509,10020509,1,100205,,9,1
10020510,10020510,1,100205,,10,1
10020601,10020601,1,100206,,1,1
10020602,10020602,1,100206,,2,1
10020603,10020603,1,100206,,3,1
10020604,10020604,1,100206,,4,1
10020605,10020605,1,100206,,5,1
10020606,10020606,1,100206,,6,1
10020607,10020607,1,100206,,7,1
10020608,10020608,1,100206,,8,1
10020609,10020609,1,100206,,9,1
10020610,10020610,1,100206,,10,1
10020701,10020701,1,100207,,1,1
10020702,10020702,1,100207,,2,1
10020703,10020703,1,100207,,3,1
10020704,10020704,1,100207,,4,1
10020705,10020705,1,100207,,5,1
10020706,10020706,1,100207,,6,1
10020707,10020707,1,100207,,7,1
10020708,10020708,1,100207,,8,1
10020709,10020709,1,100207,,9,1
10020710,10020710,1,100207,,10,1
10030101,10030101,1,100301,,1,1
10030102,10030102,1,100301,,2,1
10030103,10030103,1,100301,,3,1
10030104,10030104,1,100301,,4,1
10030105,10030105,1,100301,,5,1
10030106,10030106,1,100301,,6,1
10030107,10030107,1,100301,,7,1
10030108,10030108,1,100301,,8,1
10030109,10030109,1,100301,,9,1
10030110,10030110,1,100301,,10,1
10030201,10030201,1,100302,,1,1
10030202,10030202,1,100302,,2,1
10030203,10030203,1,100302,,3,1
10030204,10030204,1,100302,,4,1
10030205,10030205,1,100302,,5,1
10030206,10030206,1,100302,,6,1
10030207,10030207,1,100302,,7,1
10030208,10030208,1,100302,,8,1
10030209,10030209,1,100302,,9,1
10030210,10030210,1,100302,,10,1
10030301,10030301,1,100303,,1,1
10030302,10030302,1,100303,,2,1
10030303,10030303,1,100303,,3,1
10030304,10030304,1,100303,,4,1
10030305,10030305,1,100303,,5,1
10030306,10030306,1,100303,,6,1
10030307,10030307,1,100303,,7,1
10030308,10030308,1,100303,,8,1
10030309,10030309,1,100303,,9,1
10030310,10030310,1,100303,,10,1
10030401,10030401,1,100304,,1,1
10030402,10030402,1,100304,,2,1
10030403,10030403,1,100304,,3,1
10030404,10030404,1,100304,,4,1
10030405,10030405,1,100304,,5,1
10030406,10030406,1,100304,,6,1
10030407,10030407,1,100304,,7,1
10030408,10030408,1,100304,,8,1
10030409,10030409,1,100304,,9,1
10030410,10030410,1,100304,,10,1
10040101,10040101,1,100401,,1,1
10040102,10040102,1,100401,,2,1
10040103,10040103,1,100401,,3,1
10040104,10040104,1,100401,,4,1
10040105,10040105,1,100401,,5,1
10040106,10040106,1,100401,,6,1
10040107,10040107,1,100401,,7,1
10040108,10040108,1,100401,,8,1
10040109,10040109,1,100401,,9,1
10040110,10040110,1,100401,,10,1
10040201,10040201,1,100402,,1,1
10040202,10040202,1,100402,,2,1
10040203,10040203,1,100402,,3,1
10040204,10040204,1,100402,,4,1
10040205,10040205,1,100402,,5,1
10040206,10040206,1,100402,,6,1
10040207,10040207,1,100402,,7,1
10040208,10040208,1,100402,,8,1
10040209,10040209,1,100402,,9,1
10040210,10040210,1,100402,,10,1
10040301,10040301,1,100403,,1,1
10040302,10040302,1,100403,,2,1
10040303,10040303,1,100403,,3,1
10040304,10040304,1,100403,,4,1
10040305,10040305,1,100403,,5,1
10040306,10040306,1,100403,,6,1
10040307,10040307,1,100403,,7,1
10040308,10040308,1,100403,,8,1
10040309,10040309,1,100403,,9,1
10040310,10040310,1,100403,,10,1
10040401,10040401,1,100404,,1,1
10040402,10040402,1,100404,,2,1
10040403,10040403,1,100404,,3,1
10040404,10040404,1,100404,,4,1
10040405,10040405,1,100404,,5,1
10040406,10040406,1,100404,,6,1
10040407,10040407,1,100404,,7,1
10040408,10040408,1,100404,,8,1
10040409,10040409,1,100404,,9,1
10040410,10040410,1,100404,,10,1
10040501,10040501,1,100405,,1,1
10040502,10040502,1,100405,,2,1
10040503,10040503,1,100405,,3,1
10040504,10040504,1,100405,,4,1
10040505,10040505,1,100405,,5,1
10040506,10040506,1,100405,,6,1
10040507,10040507,1,100405,,7,1
10040508,10040508,1,100405,,8,1
10040509,10040509,1,100405,,9,1
10040510,10040510,1,100405,,10,1
10040601,10040601,1,100406,,1,1
10040602,10040602,1,100406,,2,1
10040603,10040603,1,100406,,3,1
10040604,10040604,1,100406,,4,1
10040605,10040605,1,100406,,5,1
10040606,10040606,1,100406,,6,1
10040607,10040607,1,100406,,7,1
10040608,10040608,1,100406,,8,1
10040609,10040609,1,100406,,9,1
10040610,10040610,1,100406,,10,1
10050101,10050101,1,100501,,1,1
10050102,10050102,1,100501,,2,1
10050103,10050103,1,100501,,3,1
10050104,10050104,1,100501,,4,1
10050105,10050105,1,100501,,5,1
10050106,10050106,1,100501,,6,1
10050107,10050107,1,100501,,7,1
10050108,10050108,1,100501,,8,1
10050109,10050109,1,100501,,9,1
10050110,10050110,1,100501,,10,1
10050201,10050201,1,100502,,1,1
10050202,10050202,1,100502,,2,1
10050203,10050203,1,100502,,3,1
10050204,10050204,1,100502,,4,1
10050205,10050205,1,100502,,5,1
10050206,10050206,1,100502,,6,1
10050207,10050207,1,100502,,7,1
10050208,10050208,1,100502,,8,1
10050209,10050209,1,100502,,9,1
10050210,10050210,1,100502,,10,1
10050301,10050301,1,100503,,1,1
10050302,10050302,1,100503,,2,1
10050303,10050303,1,100503,,3,1
10050304,10050304,1,100503,,4,1
10050305,10050305,1,100503,,5,1
10050306,10050306,1,100503,,6,1
10050307,10050307,1,100503,,7,1
10050308,10050308,1,100503,,8,1
10050309,10050309,1,100503,,9,1
10050310,10050310,1,100503,,10,1
10050401,10050401,1,100504,,1,1
10050402,10050402,1,100504,,2,1
10050403,10050403,1,100504,,3,1
10050404,10050404,1,100504,,4,1
10050405,10050405,1,100504,,5,1
10050406,10050406,1,100504,,6,1
10050407,10050407,1,100504,,7,1
10050408,10050408,1,100504,,8,1
10050409,10050409,1,100504,,9,1
10050410,10050410,1,100504,,10,1
10050501,10050501,1,100505,,1,1
10050502,10050502,1,100505,,2,1
10050503,10050503,1,100505,,3,1
10050504,10050504,1,100505,,4,1
10050505,10050505,1,100505,,5,1
10050506,10050506,1,100505,,6,1
10050507,10050507,1,100505,,7,1
10050508,10050508,1,100505,,8,1
10050509,10050509,1,100505,,9,1
10050510,10050510,1,100505,,10,1
10050601,10050601,1,100506,,1,1
10050602,10050602,1,100506,,2,1
10050603,10050603,1,100506,,3,1
10050604,10050604,1,100506,,4,1
10050605,10050605,1,100506,,5,1
10050606,10050606,1,100506,,6,1
10050607,10050607,1,100506,,7,1
10050608,10050608,1,100506,,8,1
10050609,10050609,1,100506,,9,1
10050610,10050610,1,100506,,10,1
10050701,10050701,1,100507,,1,1
10050702,10050702,1,100507,,2,1
10050703,10050703,1,100507,,3,1
10050704,10050704,1,100507,,4,1
10050705,10050705,1,100507,,5,1
10050706,10050706,1,100507,,6,1
10050707,10050707,1,100507,,7,1
10050708,10050708,1,100507,,8,1
10050709,10050709,1,100507,,9,1
10050710,10050710,1,100507,,10,1
10070101,10070101,1,100701,,1,1
10070102,10070102,1,100701,,2,1
10070103,10070103,1,100701,,3,1
10070104,10070104,1,100701,,4,1
10070105,10070105,1,100701,,5,1
10070106,10070106,1,100701,,6,1
10070107,10070107,1,100701,,7,1
10070108,10070108,1,100701,,8,1
10070109,10070109,1,100701,,9,1
10070110,10070110,1,100701,,10,1
10070201,10070201,1,100702,,1,1
10070202,10070202,1,100702,,2,1
10070203,10070203,1,100702,,3,1
10070204,10070204,1,100702,,4,1
10070205,10070205,1,100702,,5,1
10070206,10070206,1,100702,,6,1
10070207,10070207,1,100702,,7,1
10070208,10070208,1,100702,,8,1
10070209,10070209,1,100702,,9,1
10070210,10070210,1,100702,,10,1
10070301,10070301,1,100703,,1,1
10070302,10070302,1,100703,,2,1
10070303,10070303,1,100703,,3,1
10070304,10070304,1,100703,,4,1
10070305,10070305,1,100703,,5,1
10070306,10070306,1,100703,,6,1
10070307,10070307,1,100703,,7,1
10070308,10070308,1,100703,,8,1
10070309,10070309,1,100703,,9,1
10070310,10070310,1,100703,,10,1
10070401,10070401,1,100704,,1,1
10070402,10070402,1,100704,,2,1
10070403,10070403,1,100704,,3,1
10070404,10070404,1,100704,,4,1
10070405,10070405,1,100704,,5,1
10070406,10070406,1,100704,,6,1
10070407,10070407,1,100704,,7,1
10070408,10070408,1,100704,,8,1
10070409,10070409,1,100704,,9,1
10070410,10070410,1,100704,,10,1
10080101,10080101,1,100801,,1,1
10080102,10080102,1,100801,,2,1
10080103,10080103,1,100801,,3,1
10080104,10080104,1,100801,,4,1
10080105,10080105,1,100801,,5,1
10080106,10080106,1,100801,,6,1
10080107,10080107,1,100801,,7,1
10080108,10080108,1,100801,,8,1
10080109,10080109,1,100801,,9,1
10080110,10080110,1,100801,,10,1
10080201,10080201,1,100802,,1,1
10080202,10080202,1,100802,,2,1
10080203,10080203,1,100802,,3,1
10080204,10080204,1,100802,,4,1
10080205,10080205,1,100802,,5,1
10080206,10080206,1,100802,,6,1
10080207,10080207,1,100802,,7,1
10080208,10080208,1,100802,,8,1
10080209,10080209,1,100802,,9,1
10080210,10080210,1,100802,,10,1
10080301,10080301,1,100803,,1,1
10080302,10080302,1,100803,,2,1
10080303,10080303,1,100803,,3,1
10080304,10080304,1,100803,,4,1
10080305,10080305,1,100803,,5,1
10080306,10080306,1,100803,,6,1
10080307,10080307,1,100803,,7,1
10080308,10080308,1,100803,,8,1
10080309,10080309,1,100803,,9,1
10080310,10080310,1,100803,,10,1
10080401,10080401,1,100804,,1,1
10080402,10080402,1,100804,,2,1
10080403,10080403,1,100804,,3,1
10080404,10080404,1,100804,,4,1
10080405,10080405,1,100804,,5,1
10080406,10080406,1,100804,,6,1
10080407,10080407,1,100804,,7,1
10080408,10080408,1,100804,,8,1
10080409,10080409,1,100804,,9,1
10080410,10080410,1,100804,,10,1
10080501,10080501,1,100805,,1,1
10080502,10080502,1,100805,,2,1
10080503,10080503,1,100805,,3,1
10080504,10080504,1,100805,,4,1
10080505,10080505,1,100805,,5,1
10080506,10080506,1,100805,,6,1
10080507,10080507,1,100805,,7,1
10080508,10080508,1,100805,,8,1
10080509,10080509,1,100805,,9,1
10080510,10080510,1,100805,,10,1
10080601,10080601,1,100806,,1,1
10080602,10080602,1,100806,,2,1
10080603,10080603,1,100806,,3,1
10080604,10080604,1,100806,,4,1
10080605,10080605,1,100806,,5,1
10080606,10080606,1,100806,,6,1
10080607,10080607,1,100806,,7,1
10080608,10080608,1,100806,,8,1
10080609,10080609,1,100806,,9,1
10080610,10080610,1,100806,,10,1
10080701,10080701,1,100807,,1,1
10080702,10080702,1,100807,,2,1
10080703,10080703,1,100807,,3,1
10080704,10080704,1,100807,,4,1
10080705,10080705,1,100807,,5,1
10080706,10080706,1,100807,,6,1
10080707,10080707,1,100807,,7,1
10080708,10080708,1,100807,,8,1
10080709,10080709,1,100807,,9,1
10080710,10080710,1,100807,,10,1
10080801,10080801,1,100808,,1,1
10080802,10080802,1,100808,,2,1
10080803,10080803,1,100808,,3,1
10080804,10080804,1,100808,,4,1
10080805,10080805,1,100808,,5,1
10080806,10080806,1,100808,,6,1
10080807,10080807,1,100808,,7,1
10080808,10080808,1,100808,,8,1
10080809,10080809,1,100808,,9,1
10080810,10080810,1,100808,,10,1
10080901,10080901,1,100809,,1,1
10080902,10080902,1,100809,,2,1
10080903,10080903,1,100809,,3,1
10080904,10080904,1,100809,,4,1
10080905,10080905,1,100809,,5,1
10080906,10080906,1,100809,,6,1
10080907,10080907,1,100809,,7,1
10080908,10080908,1,100809,,8,1
10080909,10080909,1,100809,,9,1
10080910,10080910,1,100809,,10,1
10090101,10090101,1,100901,,1,1
10090102,10090102,1,100901,,2,1
10090103,10090103,1,100901,,3,1
10090104,10090104,1,100901,,4,1
10090105,10090105,1,100901,,5,1
10090106,10090106,1,100901,,6,1
10090107,10090107,1,100901,,7,1
10090108,10090108,1,100901,,8,1
10090109,10090109,1,100901,,9,1
10090110,10090110,1,100901,,10,1
10090201,10090201,1,100902,,1,1
10090202,10090202,1,100902,,2,1
10090203,10090203,1,100902,,3,1
10090204,10090204,1,100902,,4,1
10090205,10090205,1,100902,,5,1
10090206,10090206,1,100902,,6,1
10090207,10090207,1,100902,,7,1
10090208,10090208,1,100902,,8,1
10090209,10090209,1,100902,,9,1
10090210,10090210,1,100902,,10,1
10090301,10090301,1,100903,,1,1
10090302,10090302,1,100903,,2,1
10090303,10090303,1,100903,,3,1
10090304,10090304,1,100903,,4,1
10090305,10090305,1,100903,,5,1
10090306,10090306,1,100903,,6,1
10090307,10090307,1,100903,,7,1
10090308,10090308,1,100903,,8,1
10090309,10090309,1,100903,,9,1
10090310,10090310,1,100903,,10,1
10090401,10090401,1,100904,,1,1
10090402,10090402,1,100904,,2,1
10090403,10090403,1,100904,,3,1
10090404,10090404,1,100904,,4,1
10090405,10090405,1,100904,,5,1
10090406,10090406,1,100904,,6,1
10090407,10090407,1,100904,,7,1
10090408,10090408,1,100904,,8,1
10090409,10090409,1,100904,,9,1
10090410,10090410,1,100904,,10,1
10110101,10110101,1,101101,,1,1
10110102,10110102,1,101101,,2,1
10110103,10110103,1,101101,,3,1
10110104,10110104,1,101101,,4,1
10110105,10110105,1,101101,,5,1
10110106,10110106,1,101101,,6,1
10110107,10110107,1,101101,,7,1
10110108,10110108,1,101101,,8,1
10110109,10110109,1,101101,,9,1
10110110,10110110,1,101101,,10,1
10110201,10110201,1,101102,,1,1
10110202,10110202,1,101102,,2,1
10110203,10110203,1,101102,,3,1
10110204,10110204,1,101102,,4,1
10110205,10110205,1,101102,,5,1
10110206,10110206,1,101102,,6,1
10110207,10110207,1,101102,,7,1
10110208,10110208,1,101102,,8,1
10110209,10110209,1,101102,,9,1
10110210,10110210,1,101102,,10,1
10110301,10110301,1,101103,,1,1
10110302,10110302,1,101103,,2,1
10110303,10110303,1,101103,,3,1
10110304,10110304,1,101103,,4,1
10110305,10110305,1,101103,,5,1
10110306,10110306,1,101103,,6,1
10110307,10110307,1,101103,,7,1
10110308,10110308,1,101103,,8,1
10110309,10110309,1,101103,,9,1
10110310,10110310,1,101103,,10,1
10110401,10110401,1,101104,,1,1
10110402,10110402,1,101104,,2,1
10110403,10110403,1,101104,,3,1
10110404,10110404,1,101104,,4,1
10110405,10110405,1,101104,,5,1
10110406,10110406,1,101104,,6,1
10110407,10110407,1,101104,,7,1
10110408,10110408,1,101104,,8,1
10110409,10110409,1,101104,,9,1
10110410,10110410,1,101104,,10,1
10110501,10110501,1,101105,,1,1
10110502,10110502,1,101105,,2,1
10110503,10110503,1,101105,,3,1
10110504,10110504,1,101105,,4,1
10110505,10110505,1,101105,,5,1
10110506,10110506,1,101105,,6,1
10110507,10110507,1,101105,,7,1
10110508,10110508,1,101105,,8,1
10110509,10110509,1,101105,,9,1
10110510,10110510,1,101105,,10,1
10110601,10110601,1,101106,,1,1
10110602,10110602,1,101106,,2,1
10110603,10110603,1,101106,,3,1
10110604,10110604,1,101106,,4,1
10110605,10110605,1,101106,,5,1
10110606,10110606,1,101106,,6,1
10110607,10110607,1,101106,,7,1
10110608,10110608,1,101106,,8,1
10110609,10110609,1,101106,,9,1
10110610,10110610,1,101106,,10,1
10110701,10110701,1,101107,,1,1
10110702,10110702,1,101107,,2,1
10110703,10110703,1,101107,,3,1
10110704,10110704,1,101107,,4,1
10110705,10110705,1,101107,,5,1
10110706,10110706,1,101107,,6,1
10110707,10110707,1,101107,,7,1
10110708,10110708,1,101107,,8,1
10110709,10110709,1,101107,,9,1
10110710,10110710,1,101107,,10,1
10120101,10120101,1,101201,,1,1
10120102,10120102,1,101201,,2,1
10120103,10120103,1,101201,,3,1
10120104,10120104,1,101201,,4,1
10120105,10120105,1,101201,,5,1
10120106,10120106,1,101201,,6,1
10120107,10120107,1,101201,,7,1
10120108,10120108,1,101201,,8,1
10120109,10120109,1,101201,,9,1
10120110,10120110,1,101201,,10,1
10120201,10120201,1,101202,,1,1
10120202,10120202,1,101202,,2,1
10120203,10120203,1,101202,,3,1
10120204,10120204,1,101202,,4,1
10120205,10120205,1,101202,,5,1
10120206,10120206,1,101202,,6,1
10120207,10120207,1,101202,,7,1
10120208,10120208,1,101202,,8,1
10120209,10120209,1,101202,,9,1
10120210,10120210,1,101202,,10,1
10120301,10120301,1,101203,,1,1
10120302,10120302,1,101203,,2,1
10120303,10120303,1,101203,,3,1
10120304,10120304,1,101203,,4,1
10120305,10120305,1,101203,,5,1
10120306,10120306,1,101203,,6,1
10120307,10120307,1,101203,,7,1
10120308,10120308,1,101203,,8,1
10120309,10120309,1,101203,,9,1
10120310,10120310,1,101203,,10,1
10120401,10120401,1,101204,,1,1
10120402,10120402,1,101204,,2,1
10120403,10120403,1,101204,,3,1
10120404,10120404,1,101204,,4,1
10120405,10120405,1,101204,,5,1
10120406,10120406,1,101204,,6,1
10120407,10120407,1,101204,,7,1
10120408,10120408,1,101204,,8,1
10120409,10120409,1,101204,,9,1
10120410,10120410,1,101204,,10,1
10120501,10120501,1,101205,,1,1
10120502,10120502,1,101205,,2,1
10120503,10120503,1,101205,,3,1
10120504,10120504,1,101205,,4,1
10120505,10120505,1,101205,,5,1
10120506,10120506,1,101205,,6,1
10120507,10120507,1,101205,,7,1
10120508,10120508,1,101205,,8,1
10120509,10120509,1,101205,,9,1
10120510,10120510,1,101205,,10,1
10120601,10120601,1,101206,,1,1
10120602,10120602,1,101206,,2,1
10120603,10120603,1,101206,,3,1
10120604,10120604,1,101206,,4,1
10120605,10120605,1,101206,,5,1
10120606,10120606,1,101206,,6,1
10120607,10120607,1,101206,,7,1
10120608,10120608,1,101206,,8,1
10120609,10120609,1,101206,,9,1
10120610,10120610,1,101206,,10,1
10120701,10120701,1,101207,,1,1
10120702,10120702,1,101207,,2,1
10120703,10120703,1,101207,,3,1
10120704,10120704,1,101207,,4,1
10120705,10120705,1,101207,,5,1
10120706,10120706,1,101207,,6,1
10120707,10120707,1,101207,,7,1
10120708,10120708,1,101207,,8,1
10120709,10120709,1,101207,,9,1
10120710,10120710,1,101207,,10,1
10130101,10130101,1,101301,,1,1
10130102,10130102,1,101301,,2,1
10130103,10130103,1,101301,,3,1
10130104,10130104,1,101301,,4,1
10130105,10130105,1,101301,,5,1
10130106,10130106,1,101301,,6,1
10130107,10130107,1,101301,,7,1
10130108,10130108,1,101301,,8,1
10130109,10130109,1,101301,,9,1
10130110,10130110,1,101301,,10,1
10130201,10130201,1,101302,,1,1
10130202,10130202,1,101302,,2,1
10130203,10130203,1,101302,,3,1
10130204,10130204,1,101302,,4,1
10130205,10130205,1,101302,,5,1
10130206,10130206,1,101302,,6,1
10130207,10130207,1,101302,,7,1
10130208,10130208,1,101302,,8,1
10130209,10130209,1,101302,,9,1
10130210,10130210,1,101302,,10,1
10130301,10130301,1,101303,,1,1
10130302,10130302,1,101303,,2,1
10130303,10130303,1,101303,,3,1
10130304,10130304,1,101303,,4,1
10130305,10130305,1,101303,,5,1
10130306,10130306,1,101303,,6,1
10130307,10130307,1,101303,,7,1
10130308,10130308,1,101303,,8,1
10130309,10130309,1,101303,,9,1
10130310,10130310,1,101303,,10,1
10130401,10130401,1,101304,,1,1
10130402,10130402,1,101304,,2,1
10130403,10130403,1,101304,,3,1
10130404,10130404,1,101304,,4,1
10130405,10130405,1,101304,,5,1
10130406,10130406,1,101304,,6,1
10130407,10130407,1,101304,,7,1
10130408,10130408,1,101304,,8,1
10130409,10130409,1,101304,,9,1
10130410,10130410,1,101304,,10,1
10130501,10130501,1,101305,,1,1
10130502,10130502,1,101305,,2,1
10130503,10130503,1,101305,,3,1
10130504,10130504,1,101305,,4,1
10130505,10130505,1,101305,,5,1
10130506,10130506,1,101305,,6,1
10130507,10130507,1,101305,,7,1
10130508,10130508,1,101305,,8,1
10130509,10130509,1,101305,,9,1
10130510,10130510,1,101305,,10,1
10130601,10130601,1,101306,,1,1
10130602,10130602,1,101306,,2,1
10130603,10130603,1,101306,,3,1
10130604,10130604,1,101306,,4,1
10130605,10130605,1,101306,,5,1
10130606,10130606,1,101306,,6,1
10130607,10130607,1,101306,,7,1
10130608,10130608,1,101306,,8,1
10130609,10130609,1,101306,,9,1
10130610,10130610,1,101306,,10,1
10130701,10130701,1,101307,,1,1
10130702,10130702,1,101307,,2,1
10130703,10130703,1,101307,,3,1
10130704,10130704,1,101307,,4,1
10130705,10130705,1,101307,,5,1
10130706,10130706,1,101307,,6,1
10130707,10130707,1,101307,,7,1
10130708,10130708,1,101307,,8,1
10130709,10130709,1,101307,,9,1
10130710,10130710,1,101307,,10,1
10140101,10140101,1,101401,,1,1
10140102,10140102,1,101401,,2,1
10140103,10140103,1,101401,,3,1
10140104,10140104,1,101401,,4,1
10140105,10140105,1,101401,,5,1
10140106,10140106,1,101401,,6,1
10140107,10140107,1,101401,,7,1
10140108,10140108,1,101401,,8,1
10140109,10140109,1,101401,,9,1
10140110,10140110,1,101401,,10,1
10140201,10140201,1,101402,,1,1
10140202,10140202,1,101402,,2,1
10140203,10140203,1,101402,,3,1
10140204,10140204,1,101402,,4,1
10140205,10140205,1,101402,,5,1
10140206,10140206,1,101402,,6,1
10140207,10140207,1,101402,,7,1
10140208,10140208,1,101402,,8,1
10140209,10140209,1,101402,,9,1
10140210,10140210,1,101402,,10,1
10140301,10140301,1,101403,,1,1
10140302,10140302,1,101403,,2,1
10140303,10140303,1,101403,,3,1
10140304,10140304,1,101403,,4,1
10140305,10140305,1,101403,,5,1
10140306,10140306,1,101403,,6,1
10140307,10140307,1,101403,,7,1
10140308,10140308,1,101403,,8,1
10140309,10140309,1,101403,,9,1
10140310,10140310,1,101403,,10,1
10140401,10140401,1,101404,,1,1
10140402,10140402,1,101404,,2,1
10140403,10140403,1,101404,,3,1
10140404,10140404,1,101404,,4,1
10140405,10140405,1,101404,,5,1
10140406,10140406,1,101404,,6,1
10140407,10140407,1,101404,,7,1
10140408,10140408,1,101404,,8,1
10140409,10140409,1,101404,,9,1
10140410,10140410,1,101404,,10,1
10150101,10150101,1,101501,,1,1
10150102,10150102,1,101501,,2,1
10150103,10150103,1,101501,,3,1
10150104,10150104,1,101501,,4,1
10150105,10150105,1,101501,,5,1
10150106,10150106,1,101501,,6,1
10150107,10150107,1,101501,,7,1
10150108,10150108,1,101501,,8,1
10150109,10150109,1,101501,,9,1
10150110,10150110,1,101501,,10,1
10150201,10150201,1,101502,,1,1
10150202,10150202,1,101502,,2,1
10150203,10150203,1,101502,,3,1
10150204,10150204,1,101502,,4,1
10150205,10150205,1,101502,,5,1
10150206,10150206,1,101502,,6,1
10150207,10150207,1,101502,,7,1
10150208,10150208,1,101502,,8,1
10150209,10150209,1,101502,,9,1
10150210,10150210,1,101502,,10,1
10150301,10150301,1,101503,,1,1
10150302,10150302,1,101503,,2,1
10150303,10150303,1,101503,,3,1
10150304,10150304,1,101503,,4,1
10150305,10150305,1,101503,,5,1
10150306,10150306,1,101503,,6,1
10150307,10150307,1,101503,,7,1
10150308,10150308,1,101503,,8,1
10150309,10150309,1,101503,,9,1
10150310,10150310,1,101503,,10,1
10150401,10150401,1,101504,,1,1
10150402,10150402,1,101504,,2,1
10150403,10150403,1,101504,,3,1
10150404,10150404,1,101504,,4,1
10150405,10150405,1,101504,,5,1
10150406,10150406,1,101504,,6,1
10150407,10150407,1,101504,,7,1
10150408,10150408,1,101504,,8,1
10150409,10150409,1,101504,,9,1
10150410,10150410,1,101504,,10,1
10150501,10150501,1,101505,,1,1
10150502,10150502,1,101505,,2,1
10150503,10150503,1,101505,,3,1
10150504,10150504,1,101505,,4,1
10150505,10150505,1,101505,,5,1
10150506,10150506,1,101505,,6,1
10150507,10150507,1,101505,,7,1
10150508,10150508,1,101505,,8,1
10150509,10150509,1,101505,,9,1
10150510,10150510,1,101505,,10,1
10150601,10150601,1,101506,,1,1
10150602,10150602,1,101506,,2,1
10150603,10150603,1,101506,,3,1
10150604,10150604,1,101506,,4,1
10150605,10150605,1,101506,,5,1
10150606,10150606,1,101506,,6,1
10150607,10150607,1,101506,,7,1
10150608,10150608,1,101506,,8,1
10150609,10150609,1,101506,,9,1
10150610,10150610,1,101506,,10,1
10150701,10150701,1,101507,,1,1
10150702,10150702,1,101507,,2,1
10150703,10150703,1,101507,,3,1
10150704,10150704,1,101507,,4,1
10150705,10150705,1,101507,,5,1
10150706,10150706,1,101507,,6,1
10150707,10150707,1,101507,,7,1
10150708,10150708,1,101507,,8,1
10150709,10150709,1,101507,,9,1
10150710,10150710,1,101507,,10,1
10150801,10150801,1,101508,,1,1
10150802,10150802,1,101508,,2,1
10150803,10150803,1,101508,,3,1
10150804,10150804,1,101508,,4,1
10150805,10150805,1,101508,,5,1
10150806,10150806,1,101508,,6,1
10150807,10150807,1,101508,,7,1
10150808,10150808,1,101508,,8,1
10150809,10150809,1,101508,,9,1
10150810,10150810,1,101508,,10,1
10150901,10150901,1,101509,,1,1
10150902,10150902,1,101509,,2,1
10150903,10150903,1,101509,,3,1
10150904,10150904,1,101509,,4,1
10150905,10150905,1,101509,,5,1
10150906,10150906,1,101509,,6,1
10150907,10150907,1,101509,,7,1
10150908,10150908,1,101509,,8,1
10150909,10150909,1,101509,,9,1
10150910,10150910,1,101509,,10,1
10151001,10151001,1,101510,,1,1
10151002,10151002,1,101510,,2,1
10151003,10151003,1,101510,,3,1
10151004,10151004,1,101510,,4,1
10151005,10151005,1,101510,,5,1
10151006,10151006,1,101510,,6,1
10151007,10151007,1,101510,,7,1
10151008,10151008,1,101510,,8,1
10151009,10151009,1,101510,,9,1
10151010,10151010,1,101510,,10,1
10151101,10151101,1,101511,,1,1
10151102,10151102,1,101511,,2,1
10151103,10151103,1,101511,,3,1
10151104,10151104,1,101511,,4,1
10151105,10151105,1,101511,,5,1
10151106,10151106,1,101511,,6,1
10151107,10151107,1,101511,,7,1
10151108,10151108,1,101511,,8,1
10151109,10151109,1,101511,,9,1
10151110,10151110,1,101511,,10,1
10160101,10160101,1,101601,,1,1
10160102,10160102,1,101601,,2,1
10160103,10160103,1,101601,,3,1
10160104,10160104,1,101601,,4,1
10160105,10160105,1,101601,,5,1
10160106,10160106,1,101601,,6,1
10160107,10160107,1,101601,,7,1
10160108,10160108,1,101601,,8,1
10160109,10160109,1,101601,,9,1
10160110,10160110,1,101601,,10,1
10160201,10160201,1,101602,,1,1
10160202,10160202,1,101602,,2,1
10160203,10160203,1,101602,,3,1
10160204,10160204,1,101602,,4,1
10160205,10160205,1,101602,,5,1
10160206,10160206,1,101602,,6,1
10160207,10160207,1,101602,,7,1
10160208,10160208,1,101602,,8,1
10160209,10160209,1,101602,,9,1
10160210,10160210,1,101602,,10,1
10160301,10160301,1,101603,,1,1
10160302,10160302,1,101603,,2,1
10160303,10160303,1,101603,,3,1
10160304,10160304,1,101603,,4,1
10160305,10160305,1,101603,,5,1
10160306,10160306,1,101603,,6,1
10160307,10160307,1,101603,,7,1
10160308,10160308,1,101603,,8,1
10160309,10160309,1,101603,,9,1
10160310,10160310,1,101603,,10,1
10160401,10160401,1,101604,,1,1
10160402,10160402,1,101604,,2,1
10160403,10160403,1,101604,,3,1
10160404,10160404,1,101604,,4,1
10160405,10160405,1,101604,,5,1
10160406,10160406,1,101604,,6,1
10160407,10160407,1,101604,,7,1
10160408,10160408,1,101604,,8,1
10160409,10160409,1,101604,,9,1
10160410,10160410,1,101604,,10,1
10170101,10170101,1,101701,,1,1
10170102,10170102,1,101701,,2,1
10170103,10170103,1,101701,,3,1
10170104,10170104,1,101701,,4,1
10170105,10170105,1,101701,,5,1
10170106,10170106,1,101701,,6,1
10170107,10170107,1,101701,,7,1
10170108,10170108,1,101701,,8,1
10170109,10170109,1,101701,,9,1
10170110,10170110,1,101701,,10,1
10170201,10170201,1,101702,,1,1
10170202,10170202,1,101702,,2,1
10170203,10170203,1,101702,,3,1
10170204,10170204,1,101702,,4,1
10170205,10170205,1,101702,,5,1
10170206,10170206,1,101702,,6,1
10170207,10170207,1,101702,,7,1
10170208,10170208,1,101702,,8,1
10170209,10170209,1,101702,,9,1
10170210,10170210,1,101702,,10,1
10170301,10170301,1,101703,,1,1
10170302,10170302,1,101703,,2,1
10170303,10170303,1,101703,,3,1
10170304,10170304,1,101703,,4,1
10170305,10170305,1,101703,,5,1
10170306,10170306,1,101703,,6,1
10170307,10170307,1,101703,,7,1
10170308,10170308,1,101703,,8,1
10170309,10170309,1,101703,,9,1
10170310,10170310,1,101703,,10,1
10170401,10170401,1,101704,,1,1
10170402,10170402,1,101704,,2,1
10170403,10170403,1,101704,,3,1
10170404,10170404,1,101704,,4,1
10170405,10170405,1,101704,,5,1
10170406,10170406,1,101704,,6,1
10170407,10170407,1,101704,,7,1
10170408,10170408,1,101704,,8,1
10170409,10170409,1,101704,,9,1
10170410,10170410,1,101704,,10,1
10180101,10180101,1,101801,,1,1
10180102,10180102,1,101801,,2,1
10180103,10180103,1,101801,,3,1
10180104,10180104,1,101801,,4,1
10180105,10180105,1,101801,,5,1
10180106,10180106,1,101801,,6,1
10180107,10180107,1,101801,,7,1
10180108,10180108,1,101801,,8,1
10180109,10180109,1,101801,,9,1
10180110,10180110,1,101801,,10,1
10180201,10180201,1,101802,,1,1
10180202,10180202,1,101802,,2,1
10180203,10180203,1,101802,,3,1
10180204,10180204,1,101802,,4,1
10180205,10180205,1,101802,,5,1
10180206,10180206,1,101802,,6,1
10180207,10180207,1,101802,,7,1
10180208,10180208,1,101802,,8,1
10180209,10180209,1,101802,,9,1
10180210,10180210,1,101802,,10,1
10180301,10180301,1,101803,,1,1
10180302,10180302,1,101803,,2,1
10180303,10180303,1,101803,,3,1
10180304,10180304,1,101803,,4,1
10180305,10180305,1,101803,,5,1
10180306,10180306,1,101803,,6,1
10180307,10180307,1,101803,,7,1
10180308,10180308,1,101803,,8,1
10180309,10180309,1,101803,,9,1
10180310,10180310,1,101803,,10,1
10180401,10180401,1,101804,,1,1
10180402,10180402,1,101804,,2,1
10180403,10180403,1,101804,,3,1
10180404,10180404,1,101804,,4,1
10180405,10180405,1,101804,,5,1
10180406,10180406,1,101804,,6,1
10180407,10180407,1,101804,,7,1
10180408,10180408,1,101804,,8,1
10180409,10180409,1,101804,,9,1
10180410,10180410,1,101804,,10,1
10180501,10180501,1,101805,,1,1
10180502,10180502,1,101805,,2,1
10180503,10180503,1,101805,,3,1
10180504,10180504,1,101805,,4,1
10180505,10180505,1,101805,,5,1
10180506,10180506,1,101805,,6,1
10180507,10180507,1,101805,,7,1
10180508,10180508,1,101805,,8,1
10180509,10180509,1,101805,,9,1
10180510,10180510,1,101805,,10,1
10180601,10180601,1,101806,,1,1
10180602,10180602,1,101806,,2,1
10180603,10180603,1,101806,,3,1
10180604,10180604,1,101806,,4,1
10180605,10180605,1,101806,,5,1
10180606,10180606,1,101806,,6,1
10180607,10180607,1,101806,,7,1
10180608,10180608,1,101806,,8,1
10180609,10180609,1,101806,,9,1
10180610,10180610,1,101806,,10,1
10190101,10190101,1,101901,,1,1
10190102,10190102,1,101901,,2,1
10190103,10190103,1,101901,,3,1
10190104,10190104,1,101901,,4,1
10190105,10190105,1,101901,,5,1
10190106,10190106,1,101901,,6,1
10190107,10190107,1,101901,,7,1
10190108,10190108,1,101901,,8,1
10190109,10190109,1,101901,,9,1
10190110,10190110,1,101901,,10,1
10190201,10190201,1,101902,,1,1
10190202,10190202,1,101902,,2,1
10190203,10190203,1,101902,,3,1
10190204,10190204,1,101902,,4,1
10190205,10190205,1,101902,,5,1
10190206,10190206,1,101902,,6,1
10190207,10190207,1,101902,,7,1
10190208,10190208,1,101902,,8,1
10190209,10190209,1,101902,,9,1
10190210,10190210,1,101902,,10,1
10190301,10190301,1,101903,,1,1
10190302,10190302,1,101903,,2,1
10190303,10190303,1,101903,,3,1
10190304,10190304,1,101903,,4,1
10190305,10190305,1,101903,,5,1
10190306,10190306,1,101903,,6,1
10190307,10190307,1,101903,,7,1
10190308,10190308,1,101903,,8,1
10190309,10190309,1,101903,,9,1
10190310,10190310,1,101903,,10,1
10200101,10200101,1,102001,,1,1
10200102,10200102,1,102001,,2,1
10200103,10200103,1,102001,,3,1
10200104,10200104,1,102001,,4,1
10200105,10200105,1,102001,,5,1
10200106,10200106,1,102001,,6,1
10200107,10200107,1,102001,,7,1
10200108,10200108,1,102001,,8,1
10200109,10200109,1,102001,,9,1
10200110,10200110,1,102001,,10,1
10200201,10200201,1,102002,,1,1
10200202,10200202,1,102002,,2,1
10200203,10200203,1,102002,,3,1
10200204,10200204,1,102002,,4,1
10200205,10200205,1,102002,,5,1
10200206,10200206,1,102002,,6,1
10200207,10200207,1,102002,,7,1
10200208,10200208,1,102002,,8,1
10200209,10200209,1,102002,,9,1
10200210,10200210,1,102002,,10,1
10200301,10200301,1,102003,,1,1
10200302,10200302,1,102003,,2,1
10200303,10200303,1,102003,,3,1
10200304,10200304,1,102003,,4,1
10200305,10200305,1,102003,,5,1
10200306,10200306,1,102003,,6,1
10200307,10200307,1,102003,,7,1
10200308,10200308,1,102003,,8,1
10200309,10200309,1,102003,,9,1
10200310,10200310,1,102003,,10,1
10200401,10200401,1,102004,,1,1
10200402,10200402,1,102004,,2,1
10200403,10200403,1,102004,,3,1
10200404,10200404,1,102004,,4,1
10200405,10200405,1,102004,,5,1
10200406,10200406,1,102004,,6,1
10200407,10200407,1,102004,,7,1
10200408,10200408,1,102004,,8,1
10200409,10200409,1,102004,,9,1
10200410,10200410,1,102004,,10,1
10210101,10210101,1,102101,,1,1
10210102,10210102,1,102101,,2,1
10210103,10210103,1,102101,,3,1
10210104,10210104,1,102101,,4,1
10210105,10210105,1,102101,,5,1
10210106,10210106,1,102101,,6,1
10210107,10210107,1,102101,,7,1
10210108,10210108,1,102101,,8,1
10210109,10210109,1,102101,,9,1
10210110,10210110,1,102101,,10,1
10210201,10210201,1,102102,,1,1
10210202,10210202,1,102102,,2,1
10210203,10210203,1,102102,,3,1
10210204,10210204,1,102102,,4,1
10210205,10210205,1,102102,,5,1
10210206,10210206,1,102102,,6,1
10210207,10210207,1,102102,,7,1
10210208,10210208,1,102102,,8,1
10210209,10210209,1,102102,,9,1
10210210,10210210,1,102102,,10,1
10210301,10210301,1,102103,,1,1
10210302,10210302,1,102103,,2,1
10210303,10210303,1,102103,,3,1
10210304,10210304,1,102103,,4,1
10210305,10210305,1,102103,,5,1
10210306,10210306,1,102103,,6,1
10210307,10210307,1,102103,,7,1
10210308,10210308,1,102103,,8,1
10210309,10210309,1,102103,,9,1
10210310,10210310,1,102103,,10,1
10210401,10210401,1,102104,,1,1
10210402,10210402,1,102104,,2,1
10210403,10210403,1,102104,,3,1
10210404,10210404,1,102104,,4,1
10210405,10210405,1,102104,,5,1
10210406,10210406,1,102104,,6,1
10210407,10210407,1,102104,,7,1
10210408,10210408,1,102104,,8,1
10210409,10210409,1,102104,,9,1
10210410,10210410,1,102104,,10,1
10220101,10220101,1,102201,,1,1
10220102,10220102,1,102201,,2,1
10220103,10220103,1,102201,,3,1
10220104,10220104,1,102201,,4,1
10220105,10220105,1,102201,,5,1
10220106,10220106,1,102201,,6,1
10220107,10220107,1,102201,,7,1
10220108,10220108,1,102201,,8,1
10220109,10220109,1,102201,,9,1
10220110,10220110,1,102201,,10,1
10220201,10220201,1,102202,,1,1
10220202,10220202,1,102202,,2,1
10220203,10220203,1,102202,,3,1
10220204,10220204,1,102202,,4,1
10220205,10220205,1,102202,,5,1
10220206,10220206,1,102202,,6,1
10220207,10220207,1,102202,,7,1
10220208,10220208,1,102202,,8,1
10220209,10220209,1,102202,,9,1
10220210,10220210,1,102202,,10,1
10220301,10220301,1,102203,,1,1
10220302,10220302,1,102203,,2,1
10220303,10220303,1,102203,,3,1
10220304,10220304,1,102203,,4,1
10220305,10220305,1,102203,,5,1
10220306,10220306,1,102203,,6,1
10220307,10220307,1,102203,,7,1
10220308,10220308,1,102203,,8,1
10220309,10220309,1,102203,,9,1
10220310,10220310,1,102203,,10,1
10220401,10220401,1,102204,,1,1
10220402,10220402,1,102204,,2,1
10220403,10220403,1,102204,,3,1
10220404,10220404,1,102204,,4,1
10220405,10220405,1,102204,,5,1
10220406,10220406,1,102204,,6,1
10220407,10220407,1,102204,,7,1
10220408,10220408,1,102204,,8,1
10220409,10220409,1,102204,,9,1
10220410,10220410,1,102204,,10,1
10220501,10220501,1,102205,,1,1
10220502,10220502,1,102205,,2,1
10220503,10220503,1,102205,,3,1
10220504,10220504,1,102205,,4,1
10220505,10220505,1,102205,,5,1
10220506,10220506,1,102205,,6,1
10220507,10220507,1,102205,,7,1
10220508,10220508,1,102205,,8,1
10220509,10220509,1,102205,,9,1
10220510,10220510,1,102205,,10,1
10230101,10230101,1,102301,,1,1
10230102,10230102,1,102301,,2,1
10230103,10230103,1,102301,,3,1
10230104,10230104,1,102301,,4,1
10230105,10230105,1,102301,,5,1
10230106,10230106,1,102301,,6,1
10230107,10230107,1,102301,,7,1
10230108,10230108,1,102301,,8,1
10230109,10230109,1,102301,,9,1
10230110,10230110,1,102301,,10,1
10230201,10230201,1,102302,,1,1
10230202,10230202,1,102302,,2,1
10230203,10230203,1,102302,,3,1
10230204,10230204,1,102302,,4,1
10230205,10230205,1,102302,,5,1
10230206,10230206,1,102302,,6,1
10230207,10230207,1,102302,,7,1
10230208,10230208,1,102302,,8,1
10230209,10230209,1,102302,,9,1
10230210,10230210,1,102302,,10,1
10230301,10230301,1,102303,,1,1
10230302,10230302,1,102303,,2,1
10230303,10230303,1,102303,,3,1
10230304,10230304,1,102303,,4,1
10230305,10230305,1,102303,,5,1
10230306,10230306,1,102303,,6,1
10230307,10230307,1,102303,,7,1
10230308,10230308,1,102303,,8,1
10230309,10230309,1,102303,,9,1
10230310,10230310,1,102303,,10,1
10230401,10230401,1,102304,,1,1
10230402,10230402,1,102304,,2,1
10230403,10230403,1,102304,,3,1
10230404,10230404,1,102304,,4,1
10230405,10230405,1,102304,,5,1
10230406,10230406,1,102304,,6,1
10230407,10230407,1,102304,,7,1
10230408,10230408,1,102304,,8,1
10230409,10230409,1,102304,,9,1
10230410,10230410,1,102304,,10,1
10240101,10240101,1,102401,,1,1
10240102,10240102,1,102401,,2,1
10240103,10240103,1,102401,,3,1
10240104,10240104,1,102401,,4,1
10240105,10240105,1,102401,,5,1
10240106,10240106,1,102401,,6,1
10240107,10240107,1,102401,,7,1
10240108,10240108,1,102401,,8,1
10240109,10240109,1,102401,,9,1
10240110,10240110,1,102401,,10,1
10240201,10240201,1,102402,,1,1
10240202,10240202,1,102402,,2,1
10240203,10240203,1,102402,,3,1
10240204,10240204,1,102402,,4,1
10240205,10240205,1,102402,,5,1
10240206,10240206,1,102402,,6,1
10240207,10240207,1,102402,,7,1
10240208,10240208,1,102402,,8,1
10240209,10240209,1,102402,,9,1
10240210,10240210,1,102402,,10,1
10240301,10240301,1,102403,,1,1
10240302,10240302,1,102403,,2,1
10240303,10240303,1,102403,,3,1
10240304,10240304,1,102403,,4,1
10240305,10240305,1,102403,,5,1
10240306,10240306,1,102403,,6,1
10240307,10240307,1,102403,,7,1
10240308,10240308,1,102403,,8,1
10240309,10240309,1,102403,,9,1
10240310,10240310,1,102403,,10,1
10240401,10240401,1,102404,,1,1
10240402,10240402,1,102404,,2,1
10240403,10240403,1,102404,,3,1
10240404,10240404,1,102404,,4,1
10240405,10240405,1,102404,,5,1
10240406,10240406,1,102404,,6,1
10240407,10240407,1,102404,,7,1
10240408,10240408,1,102404,,8,1
10240409,10240409,1,102404,,9,1
10240410,10240410,1,102404,,10,1
10240501,10240501,1,102405,,1,1
10240502,10240502,1,102405,,2,1
10240503,10240503,1,102405,,3,1
10240504,10240504,1,102405,,4,1
10240505,10240505,1,102405,,5,1
10240506,10240506,1,102405,,6,1
10240507,10240507,1,102405,,7,1
10240508,10240508,1,102405,,8,1
10240509,10240509,1,102405,,9,1
10240510,10240510,1,102405,,10,1
10250101,10250101,1,102501,,1,1
10250102,10250102,1,102501,,2,1
10250103,10250103,1,102501,,3,1
10250104,10250104,1,102501,,4,1
10250105,10250105,1,102501,,5,1
10250106,10250106,1,102501,,6,1
10250107,10250107,1,102501,,7,1
10250108,10250108,1,102501,,8,1
10250109,10250109,1,102501,,9,1
10250110,10250110,1,102501,,10,1
10250201,10250201,1,102502,,1,1
10250202,10250202,1,102502,,2,1
10250203,10250203,1,102502,,3,1
10250204,10250204,1,102502,,4,1
10250205,10250205,1,102502,,5,1
10250206,10250206,1,102502,,6,1
10250207,10250207,1,102502,,7,1
10250208,10250208,1,102502,,8,1
10250209,10250209,1,102502,,9,1
10250210,10250210,1,102502,,10,1
10250301,10250301,1,102503,,1,1
10250302,10250302,1,102503,,2,1
10250303,10250303,1,102503,,3,1
10250304,10250304,1,102503,,4,1
10250305,10250305,1,102503,,5,1
10250306,10250306,1,102503,,6,1
10250307,10250307,1,102503,,7,1
10250308,10250308,1,102503,,8,1
10250309,10250309,1,102503,,9,1
10250310,10250310,1,102503,,10,1
10250401,10250401,1,102504,,1,1
10250402,10250402,1,102504,,2,1
10250403,10250403,1,102504,,3,1
10250404,10250404,1,102504,,4,1
10250405,10250405,1,102504,,5,1
10250406,10250406,1,102504,,6,1
10250407,10250407,1,102504,,7,1
10250408,10250408,1,102504,,8,1
10250409,10250409,1,102504,,9,1
10250410,10250410,1,102504,,10,1
10250501,10250501,1,102505,,1,1
10250502,10250502,1,102505,,2,1
10250503,10250503,1,102505,,3,1
10250504,10250504,1,102505,,4,1
10250505,10250505,1,102505,,5,1
10250506,10250506,1,102505,,6,1
10250507,10250507,1,102505,,7,1
10250508,10250508,1,102505,,8,1
10250509,10250509,1,102505,,9,1
10250510,10250510,1,102505,,10,1
10250601,10250601,1,102506,,1,1
10250602,10250602,1,102506,,2,1
10250603,10250603,1,102506,,3,1
10250604,10250604,1,102506,,4,1
10250605,10250605,1,102506,,5,1
10250606,10250606,1,102506,,6,1
10250607,10250607,1,102506,,7,1
10250608,10250608,1,102506,,8,1
10250609,10250609,1,102506,,9,1
10250610,10250610,1,102506,,10,1
10250701,10250701,1,102507,,1,1
10250702,10250702,1,102507,,2,1
10250703,10250703,1,102507,,3,1
10250704,10250704,1,102507,,4,1
10250705,10250705,1,102507,,5,1
10250706,10250706,1,102507,,6,1
10250707,10250707,1,102507,,7,1
10250708,10250708,1,102507,,8,1
10250709,10250709,1,102507,,9,1
10250710,10250710,1,102507,,10,1
10250801,10250801,1,102508,,1,1
10250802,10250802,1,102508,,2,1
10250803,10250803,1,102508,,3,1
10250804,10250804,1,102508,,4,1
10250805,10250805,1,102508,,5,1
10250806,10250806,1,102508,,6,1
10250807,10250807,1,102508,,7,1
10250808,10250808,1,102508,,8,1
10250809,10250809,1,102508,,9,1
10250810,10250810,1,102508,,10,1
10260101,10260101,1,102601,,1,1
10260102,10260102,1,102601,,2,1
10260103,10260103,1,102601,,3,1
10260104,10260104,1,102601,,4,1
10260105,10260105,1,102601,,5,1
10260106,10260106,1,102601,,6,1
10260107,10260107,1,102601,,7,1
10260108,10260108,1,102601,,8,1
10260109,10260109,1,102601,,9,1
10260110,10260110,1,102601,,10,1
10270101,10270101,1,102701,,1,1
10270102,10270102,1,102701,,2,1
10270103,10270103,1,102701,,3,1
10270104,10270104,1,102701,,4,1
10270105,10270105,1,102701,,5,1
10270106,10270106,1,102701,,6,1
10270107,10270107,1,102701,,7,1
10270108,10270108,1,102701,,8,1
10270109,10270109,1,102701,,9,1
10270110,10270110,1,102701,,10,1
10270201,10270201,1,102702,,1,1
10270202,10270202,1,102702,,2,1
10270203,10270203,1,102702,,3,1
10270204,10270204,1,102702,,4,1
10270205,10270205,1,102702,,5,1
10270206,10270206,1,102702,,6,1
10270207,10270207,1,102702,,7,1
10270208,10270208,1,102702,,8,1
10270209,10270209,1,102702,,9,1
10270210,10270210,1,102702,,10,1
10270301,10270301,1,102703,,1,1
10270302,10270302,1,102703,,2,1
10270303,10270303,1,102703,,3,1
10270304,10270304,1,102703,,4,1
10270305,10270305,1,102703,,5,1
10270306,10270306,1,102703,,6,1
10270307,10270307,1,102703,,7,1
10270308,10270308,1,102703,,8,1
10270309,10270309,1,102703,,9,1
10270310,10270310,1,102703,,10,1
10280101,10280101,1,102801,,1,1
10280102,10280102,1,102801,,2,1
10280103,10280103,1,102801,,3,1
10280104,10280104,1,102801,,4,1
10280105,10280105,1,102801,,5,1
10280106,10280106,1,102801,,6,1
10280107,10280107,1,102801,,7,1
10280108,10280108,1,102801,,8,1
10280109,10280109,1,102801,,9,1
10280110,10280110,1,102801,,10,1
10280201,10280201,1,102802,,1,1
10280202,10280202,1,102802,,2,1
10280203,10280203,1,102802,,3,1
10280204,10280204,1,102802,,4,1
10280205,10280205,1,102802,,5,1
10280206,10280206,1,102802,,6,1
10280207,10280207,1,102802,,7,1
10280208,10280208,1,102802,,8,1
10280209,10280209,1,102802,,9,1
10280210,10280210,1,102802,,10,1
10280301,10280301,1,102803,,1,1
10280302,10280302,1,102803,,2,1
10280303,10280303,1,102803,,3,1
10280304,10280304,1,102803,,4,1
10280305,10280305,1,102803,,5,1
10280306,10280306,1,102803,,6,1
10280307,10280307,1,102803,,7,1
10280308,10280308,1,102803,,8,1
10280309,10280309,1,102803,,9,1
10280310,10280310,1,102803,,10,1
10280401,10280401,1,102804,,1,1
10280402,10280402,1,102804,,2,1
10280403,10280403,1,102804,,3,1
10280404,10280404,1,102804,,4,1
10280405,10280405,1,102804,,5,1
10280406,10280406,1,102804,,6,1
10280407,10280407,1,102804,,7,1
10280408,10280408,1,102804,,8,1
10280409,10280409,1,102804,,9,1
10280410,10280410,1,102804,,10,1
20010101,20010101,2,200101,,1,1
20010102,20010102,2,200101,,2,1
20010103,20010103,2,200101,,3,1
20010104,20010104,2,200101,,4,1
20010105,20010105,2,200101,,5,1
20010106,20010106,2,200101,,6,1
20010107,20010107,2,200101,,7,1
20010108,20010108,2,200101,,8,1
20010109,20010109,2,200101,,9,1
20010110,20010110,2,200101,,10,1
20010201,20010201,2,200102,,1,1
20010202,20010202,2,200102,,2,1
20010203,20010203,2,200102,,3,1
20010204,20010204,2,200102,,4,1
20010205,20010205,2,200102,,5,1
20010206,20010206,2,200102,,6,1
20010207,20010207,2,200102,,7,1
20010208,20010208,2,200102,,8,1
20010209,20010209,2,200102,,9,1
20010210,20010210,2,200102,,10,1
20010301,20010301,2,200103,,1,1
20010302,20010302,2,200103,,2,1
20010303,20010303,2,200103,,3,1
20010304,20010304,2,200103,,4,1
20010305,20010305,2,200103,,5,1
20010306,20010306,2,200103,,6,1
20010307,20010307,2,200103,,7,1
20010308,20010308,2,200103,,8,1
20010309,20010309,2,200103,,9,1
20010310,20010310,2,200103,,10,1
20050601,20050601,2,200506,,1,1
20050602,20050602,2,200506,,2,1
20050603,20050603,2,200506,,3,1
20050604,20050604,2,200506,,4,1
20050605,20050605,2,200506,,5,1
20050606,20050606,2,200506,,6,1
20050607,20050607,2,200506,,7,1
20050608,20050608,2,200506,,8,1
20050609,20050609,2,200506,,9,1
20050610,20050610,2,200506,,10,1
20050101,20050101,2,200501,,1,1
20050102,20050102,2,200501,,2,1
20050103,20050103,2,200501,,3,1
20050104,20050104,2,200501,,4,1
20050105,20050105,2,200501,,5,1
20050106,20050106,2,200501,,6,1
20050107,20050107,2,200501,,7,1
20050108,20050108,2,200501,,8,1
20050109,20050109,2,200501,,9,1
20050110,20050110,2,200501,,10,1
20050201,20050201,2,200502,,1,1
20050202,20050202,2,200502,,2,1
20050203,20050203,2,200502,,3,1
20050204,20050204,2,200502,,4,1
20050205,20050205,2,200502,,5,1
20050206,20050206,2,200502,,6,1
20050207,20050207,2,200502,,7,1
20050208,20050208,2,200502,,8,1
20050209,20050209,2,200502,,9,1
20050210,20050210,2,200502,,10,1
20050301,20050301,2,200503,,1,1
20050302,20050302,2,200503,,2,1
20050303,20050303,2,200503,,3,1
20050304,20050304,2,200503,,4,1
20050305,20050305,2,200503,,5,1
20050306,20050306,2,200503,,6,1
20050307,20050307,2,200503,,7,1
20050308,20050308,2,200503,,8,1
20050309,20050309,2,200503,,9,1
20050310,20050310,2,200503,,10,1
20050401,20050401,2,200504,,1,1
20050402,20050402,2,200504,,2,1
20050403,20050403,2,200504,,3,1
20050404,20050404,2,200504,,4,1
20050405,20050405,2,200504,,5,1
20050406,20050406,2,200504,,6,1
20050407,20050407,2,200504,,7,1
20050408,20050408,2,200504,,8,1
20050409,20050409,2,200504,,9,1
20050410,20050410,2,200504,,10,1
20050501,20050501,2,200505,,1,1
20050502,20050502,2,200505,,2,1
20050503,20050503,2,200505,,3,1
20050504,20050504,2,200505,,4,1
20050505,20050505,2,200505,,5,1
20050506,20050506,2,200505,,6,1
20050507,20050507,2,200505,,7,1
20050508,20050508,2,200505,,8,1
20050509,20050509,2,200505,,9,1
20050510,20050510,2,200505,,10,1
20070101,20070101,2,200701,,1,1
20070102,20070102,2,200701,,2,1
20070103,20070103,2,200701,,3,1
20070104,20070104,2,200701,,4,1
20070105,20070105,2,200701,,5,1
20070106,20070106,2,200701,,6,1
20070107,20070107,2,200701,,7,1
20070108,20070108,2,200701,,8,1
20070109,20070109,2,200701,,9,1
20070110,20070110,2,200701,,10,1
20070401,20070401,2,200704,,1,1
20070402,20070402,2,200704,,2,1
20070403,20070403,2,200704,,3,1
20070404,20070404,2,200704,,4,1
20070405,20070405,2,200704,,5,1
20070406,20070406,2,200704,,6,1
20070407,20070407,2,200704,,7,1
20070408,20070408,2,200704,,8,1
20070409,20070409,2,200704,,9,1
20070410,20070410,2,200704,,10,1
20070201,20070201,2,200702,,1,1
20070202,20070202,2,200702,,2,1
20070203,20070203,2,200702,,3,1
20070204,20070204,2,200702,,4,1
20070205,20070205,2,200702,,5,1
20070206,20070206,2,200702,,6,1
20070207,20070207,2,200702,,7,1
20070208,20070208,2,200702,,8,1
20070209,20070209,2,200702,,9,1
20070210,20070210,2,200702,,10,1
20070501,20070501,2,200705,,1,1
20070502,20070502,2,200705,,2,1
20070503,20070503,2,200705,,3,1
20070504,20070504,2,200705,,4,1
20070505,20070505,2,200705,,5,1
20070506,20070506,2,200705,,6,1
20070507,20070507,2,200705,,7,1
20070508,20070508,2,200705,,8,1
20070509,20070509,2,200705,,9,1
20070510,20070510,2,200705,,10,1
20070301,20070301,2,200703,,1,1
20070302,20070302,2,200703,,2,1
20070303,20070303,2,200703,,3,1
20070304,20070304,2,200703,,4,1
20070305,20070305,2,200703,,5,1
20070306,20070306,2,200703,,6,1
20070307,20070307,2,200703,,7,1
20070308,20070308,2,200703,,8,1
20070309,20070309,2,200703,,9,1
20070310,20070310,2,200703,,10,1
20070601,20070601,2,200706,,1,1
20070602,20070602,2,200706,,2,1
20070603,20070603,2,200706,,3,1
20070604,20070604,2,200706,,4,1
20070605,20070605,2,200706,,5,1
20070606,20070606,2,200706,,6,1
20070607,20070607,2,200706,,7,1
20070608,20070608,2,200706,,8,1
20070609,20070609,2,200706,,9,1
20070610,20070610,2,200706,,10,1
20080201,20080201,2,200802,,1,1
20080202,20080202,2,200802,,2,1
20080203,20080203,2,200802,,3,1
20080204,20080204,2,200802,,4,1
20080205,20080205,2,200802,,5,1
20080206,20080206,2,200802,,6,1
20080207,20080207,2,200802,,7,1
20080208,20080208,2,200802,,8,1
20080209,20080209,2,200802,,9,1
20080210,20080210,2,200802,,10,1
20080301,20080301,2,200803,,1,1
20080302,20080302,2,200803,,2,1
20080303,20080303,2,200803,,3,1
20080304,20080304,2,200803,,4,1
20080305,20080305,2,200803,,5,1
20080306,20080306,2,200803,,6,1
20080307,20080307,2,200803,,7,1
20080308,20080308,2,200803,,8,1
20080309,20080309,2,200803,,9,1
20080310,20080310,2,200803,,10,1
20080401,20080401,2,200804,,1,1
20080402,20080402,2,200804,,2,1
20080403,20080403,2,200804,,3,1
20080404,20080404,2,200804,,4,1
20080405,20080405,2,200804,,5,1
20080406,20080406,2,200804,,6,1
20080407,20080407,2,200804,,7,1
20080408,20080408,2,200804,,8,1
20080409,20080409,2,200804,,9,1
20080410,20080410,2,200804,,10,1
20080501,20080501,2,200805,,1,1
20080502,20080502,2,200805,,2,1
20080503,20080503,2,200805,,3,1
20080504,20080504,2,200805,,4,1
20080505,20080505,2,200805,,5,1
20080506,20080506,2,200805,,6,1
20080507,20080507,2,200805,,7,1
20080508,20080508,2,200805,,8,1
20080509,20080509,2,200805,,9,1
20080510,20080510,2,200805,,10,1
20080801,20080801,2,200808,,1,1
20080802,20080802,2,200808,,2,1
20080803,20080803,2,200808,,3,1
20080804,20080804,2,200808,,4,1
20080805,20080805,2,200808,,5,1
20080806,20080806,2,200808,,6,1
20080807,20080807,2,200808,,7,1
20080808,20080808,2,200808,,8,1
20080809,20080809,2,200808,,9,1
20080810,20080810,2,200808,,10,1
20080901,20080901,2,200809,,1,1
20080902,20080902,2,200809,,2,1
20080903,20080903,2,200809,,3,1
20080904,20080904,2,200809,,4,1
20080905,20080905,2,200809,,5,1
20080906,20080906,2,200809,,6,1
20080907,20080907,2,200809,,7,1
20080908,20080908,2,200809,,8,1
20080909,20080909,2,200809,,9,1
20080910,20080910,2,200809,,10,1
20081001,20081001,2,200810,,1,1
20081002,20081002,2,200810,,2,1
20081003,20081003,2,200810,,3,1
20081004,20081004,2,200810,,4,1
20081005,20081005,2,200810,,5,1
20081006,20081006,2,200810,,6,1
20081007,20081007,2,200810,,7,1
20081008,20081008,2,200810,,8,1
20081009,20081009,2,200810,,9,1
20081010,20081010,2,200810,,10,1
20081101,20081101,2,200811,,1,1
20081102,20081102,2,200811,,2,1
20081103,20081103,2,200811,,3,1
20081104,20081104,2,200811,,4,1
20081105,20081105,2,200811,,5,1
20081106,20081106,2,200811,,6,1
20081107,20081107,2,200811,,7,1
20081108,20081108,2,200811,,8,1
20081109,20081109,2,200811,,9,1
20081110,20081110,2,200811,,10,1
20081201,20081201,2,200812,,1,1
20081202,20081202,2,200812,,2,1
20081203,20081203,2,200812,,3,1
20081204,20081204,2,200812,,4,1
20081205,20081205,2,200812,,5,1
20081206,20081206,2,200812,,6,1
20081207,20081207,2,200812,,7,1
20081208,20081208,2,200812,,8,1
20081209,20081209,2,200812,,9,1
20081210,20081210,2,200812,,10,1
20081301,20081301,2,200813,,1,1
20081302,20081302,2,200813,,2,1
20081303,20081303,2,200813,,3,1
20081304,20081304,2,200813,,4,1
20081305,20081305,2,200813,,5,1
20081306,20081306,2,200813,,6,1
20081307,20081307,2,200813,,7,1
20081308,20081308,2,200813,,8,1
20081309,20081309,2,200813,,9,1
20081310,20081310,2,200813,,10,1
20080601,20080601,2,200806,,1,1
20080602,20080602,2,200806,,2,1
20080603,20080603,2,200806,,3,1
20080604,20080604,2,200806,,4,1
20080605,20080605,2,200806,,5,1
20080606,20080606,2,200806,,6,1
20080607,20080607,2,200806,,7,1
20080608,20080608,2,200806,,8,1
20080609,20080609,2,200806,,9,1
20080610,20080610,2,200806,,10,1
20080701,20080701,2,200807,,1,1
20080702,20080702,2,200807,,2,1
20080703,20080703,2,200807,,3,1
20080704,20080704,2,200807,,4,1
20080705,20080705,2,200807,,5,1
20080706,20080706,2,200807,,6,1
20080707,20080707,2,200807,,7,1
20080708,20080708,2,200807,,8,1
20080709,20080709,2,200807,,9,1
20080710,20080710,2,200807,,10,1
20090101,20090101,2,200901,,1,1
20090102,20090102,2,200901,,2,1
20090103,20090103,2,200901,,3,1
20090104,20090104,2,200901,,4,1
20090105,20090105,2,200901,,5,1
20090106,20090106,2,200901,,6,1
20090107,20090107,2,200901,,7,1
20090108,20090108,2,200901,,8,1
20090109,20090109,2,200901,,9,1
20090110,20090110,2,200901,,10,1
20090201,20090201,2,200902,,1,1
20090202,20090202,2,200902,,2,1
20090203,20090203,2,200902,,3,1
20090204,20090204,2,200902,,4,1
20090205,20090205,2,200902,,5,1
20090206,20090206,2,200902,,6,1
20090207,20090207,2,200902,,7,1
20090208,20090208,2,200902,,8,1
20090209,20090209,2,200902,,9,1
20090210,20090210,2,200902,,10,1
20090601,20090601,2,200906,,1,1
20090602,20090602,2,200906,,2,1
20090603,20090603,2,200906,,3,1
20090604,20090604,2,200906,,4,1
20090605,20090605,2,200906,,5,1
20090606,20090606,2,200906,,6,1
20090607,20090607,2,200906,,7,1
20090608,20090608,2,200906,,8,1
20090609,20090609,2,200906,,9,1
20090610,20090610,2,200906,,10,1
20090301,20090301,2,200903,,1,1
20090302,20090302,2,200903,,2,1
20090303,20090303,2,200903,,3,1
20090304,20090304,2,200903,,4,1
20090305,20090305,2,200903,,5,1
20090306,20090306,2,200903,,6,1
20090307,20090307,2,200903,,7,1
20090308,20090308,2,200903,,8,1
20090309,20090309,2,200903,,9,1
20090310,20090310,2,200903,,10,1
20090401,20090401,2,200904,,1,1
20090402,20090402,2,200904,,2,1
20090403,20090403,2,200904,,3,1
20090404,20090404,2,200904,,4,1
20090405,20090405,2,200904,,5,1
20090406,20090406,2,200904,,6,1
20090407,20090407,2,200904,,7,1
20090408,20090408,2,200904,,8,1
20090409,20090409,2,200904,,9,1
20090410,20090410,2,200904,,10,1
20090501,20090501,2,200905,,1,1
20090502,20090502,2,200905,,2,1
20090503,20090503,2,200905,,3,1
20090504,20090504,2,200905,,4,1
20090505,20090505,2,200905,,5,1
20090506,20090506,2,200905,,6,1
20090507,20090507,2,200905,,7,1
20090508,20090508,2,200905,,8,1
20090509,20090509,2,200905,,9,1
20090510,20090510,2,200905,,10,1
20090801,20090801,2,200908,,1,1
20090802,20090802,2,200908,,2,1
20090803,20090803,2,200908,,3,1
20090804,20090804,2,200908,,4,1
20090805,20090805,2,200908,,5,1
20090806,20090806,2,200908,,6,1
20090807,20090807,2,200908,,7,1
20090808,20090808,2,200908,,8,1
20090809,20090809,2,200908,,9,1
20090810,20090810,2,200908,,10,1
20091201,20091201,2,200912,,1,1
20091202,20091202,2,200912,,2,1
20091203,20091203,2,200912,,3,1
20091204,20091204,2,200912,,4,1
20091205,20091205,2,200912,,5,1
20091206,20091206,2,200912,,6,1
20091207,20091207,2,200912,,7,1
20091208,20091208,2,200912,,8,1
20091209,20091209,2,200912,,9,1
20091210,20091210,2,200912,,10,1
20090901,20090901,2,200909,,1,1
20090902,20090902,2,200909,,2,1
20090903,20090903,2,200909,,3,1
20090904,20090904,2,200909,,4,1
20090905,20090905,2,200909,,5,1
20090906,20090906,2,200909,,6,1
20090907,20090907,2,200909,,7,1
20090908,20090908,2,200909,,8,1
20090909,20090909,2,200909,,9,1
20090910,20090910,2,200909,,10,1
20091001,20091001,2,200910,,1,1
20091002,20091002,2,200910,,2,1
20091003,20091003,2,200910,,3,1
20091004,20091004,2,200910,,4,1
20091005,20091005,2,200910,,5,1
20091006,20091006,2,200910,,6,1
20091007,20091007,2,200910,,7,1
20091008,20091008,2,200910,,8,1
20091009,20091009,2,200910,,9,1
20091010,20091010,2,200910,,10,1
20090701,20090701,2,200907,,1,1
20090702,20090702,2,200907,,2,1
20090703,20090703,2,200907,,3,1
20090704,20090704,2,200907,,4,1
20090705,20090705,2,200907,,5,1
20090706,20090706,2,200907,,6,1
20090707,20090707,2,200907,,7,1
20090708,20090708,2,200907,,8,1
20090709,20090709,2,200907,,9,1
20090710,20090710,2,200907,,10,1
20091101,20091101,2,200911,,1,1
20091102,20091102,2,200911,,2,1
20091103,20091103,2,200911,,3,1
20091104,20091104,2,200911,,4,1
20091105,20091105,2,200911,,5,1
20091106,20091106,2,200911,,6,1
20091107,20091107,2,200911,,7,1
20091108,20091108,2,200911,,8,1
20091109,20091109,2,200911,,9,1
20091110,20091110,2,200911,,10,1
20091401,20091401,2,200914,,1,1
20091402,20091402,2,200914,,2,1
20091403,20091403,2,200914,,3,1
20091404,20091404,2,200914,,4,1
20091405,20091405,2,200914,,5,1
20091406,20091406,2,200914,,6,1
20091407,20091407,2,200914,,7,1
20091408,20091408,2,200914,,8,1
20091409,20091409,2,200914,,9,1
20091410,20091410,2,200914,,10,1
20091301,20091301,2,200913,,1,1
20091302,20091302,2,200913,,2,1
20091303,20091303,2,200913,,3,1
20091304,20091304,2,200913,,4,1
20091305,20091305,2,200913,,5,1
20091306,20091306,2,200913,,6,1
20091307,20091307,2,200913,,7,1
20091308,20091308,2,200913,,8,1
20091309,20091309,2,200913,,9,1
20091310,20091310,2,200913,,10,1
20091601,20091601,2,200916,,1,1
20091602,20091602,2,200916,,2,1
20091603,20091603,2,200916,,3,1
20091604,20091604,2,200916,,4,1
20091605,20091605,2,200916,,5,1
20091606,20091606,2,200916,,6,1
20091607,20091607,2,200916,,7,1
20091608,20091608,2,200916,,8,1
20091609,20091609,2,200916,,9,1
20091610,20091610,2,200916,,10,1
20093401,20093401,2,200934,,1,1
20093402,20093402,2,200934,,2,1
20093403,20093403,2,200934,,3,1
20093404,20093404,2,200934,,4,1
20093405,20093405,2,200934,,5,1
20093406,20093406,2,200934,,6,1
20093407,20093407,2,200934,,7,1
20093408,20093408,2,200934,,8,1
20093409,20093409,2,200934,,9,1
20093410,20093410,2,200934,,10,1
20093501,20093501,2,200935,,1,1
20093502,20093502,2,200935,,2,1
20093503,20093503,2,200935,,3,1
20093504,20093504,2,200935,,4,1
20093505,20093505,2,200935,,5,1
20093506,20093506,2,200935,,6,1
20093507,20093507,2,200935,,7,1
20093508,20093508,2,200935,,8,1
20093509,20093509,2,200935,,9,1
20093510,20093510,2,200935,,10,1
20093601,20093601,2,200936,,1,1
20093602,20093602,2,200936,,2,1
20093603,20093603,2,200936,,3,1
20093604,20093604,2,200936,,4,1
20093605,20093605,2,200936,,5,1
20093606,20093606,2,200936,,6,1
20093607,20093607,2,200936,,7,1
20093608,20093608,2,200936,,8,1
20093609,20093609,2,200936,,9,1
20093610,20093610,2,200936,,10,1
20093701,20093701,2,200937,,1,1
20093702,20093702,2,200937,,2,1
20093703,20093703,2,200937,,3,1
20093704,20093704,2,200937,,4,1
20093705,20093705,2,200937,,5,1
20093706,20093706,2,200937,,6,1
20093707,20093707,2,200937,,7,1
20093708,20093708,2,200937,,8,1
20093709,20093709,2,200937,,9,1
20093710,20093710,2,200937,,10,1
20093801,20093801,2,200938,,1,1
20093802,20093802,2,200938,,2,1
20093803,20093803,2,200938,,3,1
20093804,20093804,2,200938,,4,1
20093805,20093805,2,200938,,5,1
20093806,20093806,2,200938,,6,1
20093807,20093807,2,200938,,7,1
20093808,20093808,2,200938,,8,1
20093809,20093809,2,200938,,9,1
20093810,20093810,2,200938,,10,1
20093901,20093901,2,200939,,1,1
20093902,20093902,2,200939,,2,1
20093903,20093903,2,200939,,3,1
20093904,20093904,2,200939,,4,1
20093905,20093905,2,200939,,5,1
20093906,20093906,2,200939,,6,1
20093907,20093907,2,200939,,7,1
20093908,20093908,2,200939,,8,1
20093909,20093909,2,200939,,9,1
20093910,20093910,2,200939,,10,1
20094001,20094001,2,200940,,1,1
20094002,20094002,2,200940,,2,1
20094003,20094003,2,200940,,3,1
20094004,20094004,2,200940,,4,1
20094005,20094005,2,200940,,5,1
20094006,20094006,2,200940,,6,1
20094007,20094007,2,200940,,7,1
20094008,20094008,2,200940,,8,1
20094009,20094009,2,200940,,9,1
20094010,20094010,2,200940,,10,1
20094101,20094101,2,200941,,1,1
20094102,20094102,2,200941,,2,1
20094103,20094103,2,200941,,3,1
20094104,20094104,2,200941,,4,1
20094105,20094105,2,200941,,5,1
20094106,20094106,2,200941,,6,1
20094107,20094107,2,200941,,7,1
20094108,20094108,2,200941,,8,1
20094109,20094109,2,200941,,9,1
20094110,20094110,2,200941,,10,1
20094301,20094301,2,200943,,1,1
20094302,20094302,2,200943,,2,1
20094303,20094303,2,200943,,3,1
20094304,20094304,2,200943,,4,1
20094305,20094305,2,200943,,5,1
20094306,20094306,2,200943,,6,1
20094307,20094307,2,200943,,7,1
20094308,20094308,2,200943,,8,1
20094309,20094309,2,200943,,9,1
20094310,20094310,2,200943,,10,1
20094401,20094401,2,200944,,1,1
20094402,20094402,2,200944,,2,1
20094403,20094403,2,200944,,3,1
20094404,20094404,2,200944,,4,1
20094405,20094405,2,200944,,5,1
20094406,20094406,2,200944,,6,1
20094407,20094407,2,200944,,7,1
20094408,20094408,2,200944,,8,1
20094409,20094409,2,200944,,9,1
20094410,20094410,2,200944,,10,1
20094501,20094501,2,200945,,1,1
20094502,20094502,2,200945,,2,1
20094503,20094503,2,200945,,3,1
20094504,20094504,2,200945,,4,1
20094505,20094505,2,200945,,5,1
20094506,20094506,2,200945,,6,1
20094507,20094507,2,200945,,7,1
20094508,20094508,2,200945,,8,1
20094509,20094509,2,200945,,9,1
20094510,20094510,2,200945,,10,1
20094601,20094601,2,200946,,1,1
20094602,20094602,2,200946,,2,1
20094603,20094603,2,200946,,3,1
20094604,20094604,2,200946,,4,1
20094605,20094605,2,200946,,5,1
20094606,20094606,2,200946,,6,1
20094607,20094607,2,200946,,7,1
20094608,20094608,2,200946,,8,1
20094609,20094609,2,200946,,9,1
20094610,20094610,2,200946,,10,1
20094701,20094701,2,200947,,1,1
20094702,20094702,2,200947,,2,1
20094703,20094703,2,200947,,3,1
20094704,20094704,2,200947,,4,1
20094705,20094705,2,200947,,5,1
20094706,20094706,2,200947,,6,1
20094707,20094707,2,200947,,7,1
20094708,20094708,2,200947,,8,1
20094709,20094709,2,200947,,9,1
20094710,20094710,2,200947,,10,1
20094801,20094801,2,200948,,1,1
20094802,20094802,2,200948,,2,1
20094803,20094803,2,200948,,3,1
20094804,20094804,2,200948,,4,1
20094805,20094805,2,200948,,5,1
20094806,20094806,2,200948,,6,1
20094807,20094807,2,200948,,7,1
20094808,20094808,2,200948,,8,1
20094809,20094809,2,200948,,9,1
20094810,20094810,2,200948,,10,1
20094901,20094901,2,200949,,1,1
20094902,20094902,2,200949,,2,1
20094903,20094903,2,200949,,3,1
20094904,20094904,2,200949,,4,1
20094905,20094905,2,200949,,5,1
20094906,20094906,2,200949,,6,1
20094907,20094907,2,200949,,7,1
20094908,20094908,2,200949,,8,1
20094909,20094909,2,200949,,9,1
20094910,20094910,2,200949,,10,1
20095001,20095001,2,200950,,1,1
20095002,20095002,2,200950,,2,1
20095003,20095003,2,200950,,3,1
20095004,20095004,2,200950,,4,1
20095005,20095005,2,200950,,5,1
20095006,20095006,2,200950,,6,1
20095007,20095007,2,200950,,7,1
20095008,20095008,2,200950,,8,1
20095009,20095009,2,200950,,9,1
20095010,20095010,2,200950,,10,1
20095101,20095101,2,200951,,1,1
20095102,20095102,2,200951,,2,1
20095103,20095103,2,200951,,3,1
20095104,20095104,2,200951,,4,1
20095105,20095105,2,200951,,5,1
20095106,20095106,2,200951,,6,1
20095107,20095107,2,200951,,7,1
20095108,20095108,2,200951,,8,1
20095109,20095109,2,200951,,9,1
20095110,20095110,2,200951,,10,1
20096301,20096301,2,200963,,1,1
20096302,20096302,2,200963,,2,1
20096303,20096303,2,200963,,3,1
20096304,20096304,2,200963,,4,1
20096305,20096305,2,200963,,5,1
20096306,20096306,2,200963,,6,1
20096307,20096307,2,200963,,7,1
20096308,20096308,2,200963,,8,1
20096309,20096309,2,200963,,9,1
20096310,20096310,2,200963,,10,1
20095201,20095201,2,200952,,1,1
20095202,20095202,2,200952,,2,1
20095203,20095203,2,200952,,3,1
20095204,20095204,2,200952,,4,1
20095205,20095205,2,200952,,5,1
20095206,20095206,2,200952,,6,1
20095207,20095207,2,200952,,7,1
20095208,20095208,2,200952,,8,1
20095209,20095209,2,200952,,9,1
20095210,20095210,2,200952,,10,1
20095301,20095301,2,200953,,1,1
20095302,20095302,2,200953,,2,1
20095303,20095303,2,200953,,3,1
20095304,20095304,2,200953,,4,1
20095305,20095305,2,200953,,5,1
20095306,20095306,2,200953,,6,1
20095307,20095307,2,200953,,7,1
20095308,20095308,2,200953,,8,1
20095309,20095309,2,200953,,9,1
20095310,20095310,2,200953,,10,1
20095401,20095401,2,200954,,1,1
20095402,20095402,2,200954,,2,1
20095403,20095403,2,200954,,3,1
20095404,20095404,2,200954,,4,1
20095405,20095405,2,200954,,5,1
20095406,20095406,2,200954,,6,1
20095407,20095407,2,200954,,7,1
20095408,20095408,2,200954,,8,1
20095409,20095409,2,200954,,9,1
20095410,20095410,2,200954,,10,1
20095501,20095501,2,200955,,1,1
20095502,20095502,2,200955,,2,1
20095503,20095503,2,200955,,3,1
20095504,20095504,2,200955,,4,1
20095505,20095505,2,200955,,5,1
20095506,20095506,2,200955,,6,1
20095507,20095507,2,200955,,7,1
20095508,20095508,2,200955,,8,1
20095509,20095509,2,200955,,9,1
20095510,20095510,2,200955,,10,1
20095601,20095601,2,200956,,1,1
20095602,20095602,2,200956,,2,1
20095603,20095603,2,200956,,3,1
20095604,20095604,2,200956,,4,1
20095605,20095605,2,200956,,5,1
20095606,20095606,2,200956,,6,1
20095607,20095607,2,200956,,7,1
20095608,20095608,2,200956,,8,1
20095609,20095609,2,200956,,9,1
20095610,20095610,2,200956,,10,1
20095701,20095701,2,200957,,1,1
20095702,20095702,2,200957,,2,1
20095703,20095703,2,200957,,3,1
20095704,20095704,2,200957,,4,1
20095705,20095705,2,200957,,5,1
20095706,20095706,2,200957,,6,1
20095707,20095707,2,200957,,7,1
20095708,20095708,2,200957,,8,1
20095709,20095709,2,200957,,9,1
20095710,20095710,2,200957,,10,1
20095801,20095801,2,200958,,1,1
20095802,20095802,2,200958,,2,1
20095803,20095803,2,200958,,3,1
20095804,20095804,2,200958,,4,1
20095805,20095805,2,200958,,5,1
20095806,20095806,2,200958,,6,1
20095807,20095807,2,200958,,7,1
20095808,20095808,2,200958,,8,1
20095809,20095809,2,200958,,9,1
20095810,20095810,2,200958,,10,1
20095901,20095901,2,200959,,1,1
20095902,20095902,2,200959,,2,1
20095903,20095903,2,200959,,3,1
20095904,20095904,2,200959,,4,1
20095905,20095905,2,200959,,5,1
20095906,20095906,2,200959,,6,1
20095907,20095907,2,200959,,7,1
20095908,20095908,2,200959,,8,1
20095909,20095909,2,200959,,9,1
20095910,20095910,2,200959,,10,1
20096001,20096001,2,200960,,1,1
20096002,20096002,2,200960,,2,1
20096003,20096003,2,200960,,3,1
20096004,20096004,2,200960,,4,1
20096005,20096005,2,200960,,5,1
20096006,20096006,2,200960,,6,1
20096007,20096007,2,200960,,7,1
20096008,20096008,2,200960,,8,1
20096009,20096009,2,200960,,9,1
20096010,20096010,2,200960,,10,1
20096101,20096101,2,200961,,1,1
20096102,20096102,2,200961,,2,1
20096103,20096103,2,200961,,3,1
20096104,20096104,2,200961,,4,1
20096105,20096105,2,200961,,5,1
20096106,20096106,2,200961,,6,1
20096107,20096107,2,200961,,7,1
20096108,20096108,2,200961,,8,1
20096109,20096109,2,200961,,9,1
20096110,20096110,2,200961,,10,1
20096201,20096201,2,200962,,1,1
20096202,20096202,2,200962,,2,1
20096203,20096203,2,200962,,3,1
20096204,20096204,2,200962,,4,1
20096205,20096205,2,200962,,5,1
20096206,20096206,2,200962,,6,1
20096207,20096207,2,200962,,7,1
20096208,20096208,2,200962,,8,1
20096209,20096209,2,200962,,9,1
20096210,20096210,2,200962,,10,1
20100001,20100001,2,201000,,1,1
20100002,20100002,2,201000,,2,1
20100003,20100003,2,201000,,3,1
20100004,20100004,2,201000,,4,1
20100005,20100005,2,201000,,5,1
20100006,20100006,2,201000,,6,1
20100007,20100007,2,201000,,7,1
20100008,20100008,2,201000,,8,1
20100009,20100009,2,201000,,9,1
20100010,20100010,2,201000,,10,1
30000101,30000101,3,300001,,1,1
30000601,30000601,3,300006,,1,1
30000201,30000201,3,300002,,1,1
30000701,30000701,3,300007,,1,1
30000301,30000301,3,300003,,1,1
30000801,30000801,3,300008,,1,1
30000401,30000401,3,300004,,1,1
30000901,30000901,3,300009,,1,1
30000501,30000501,3,300005,,1,1
30001001,30001001,3,300010,,1,1
30001101,30001101,3,300011,,1,1
30010101,30010101,3,300101,,1,1
30010601,30010601,3,300106,,1,1
30010201,30010201,3,300102,,1,1
30010701,30010701,3,300107,,1,1
30010301,30010301,3,300103,,1,1
30010801,30010801,3,300108,,1,1
30010401,30010401,3,300104,,1,1
30010901,30010901,3,300109,,1,1
30010501,30010501,3,300105,,1,1
30011001,30011001,3,300110,,1,1
30011101,30011101,3,300111,,1,1
30020101,30020101,3,300201,,1,1
30020601,30020601,3,300206,,1,1
30020201,30020201,3,300202,,1,1
30020701,30020701,3,300207,,1,1
30020301,30020301,3,300203,,1,1
30020801,30020801,3,300208,,1,1
30020401,30020401,3,300204,,1,1
30020901,30020901,3,300209,,1,1
30020501,30020501,3,300205,,1,1
30021001,30021001,3,300210,,1,1
30021101,30021101,3,300211,,1,1
30030101,30030101,3,300301,,1,1
30030601,30030601,3,300306,,1,1
30030201,30030201,3,300302,,1,1
30030701,30030701,3,300307,,1,1
30030301,30030301,3,300303,,1,1
30030801,30030801,3,300308,,1,1
30030401,30030401,3,300304,,1,1
30030901,30030901,3,300309,,1,1
30030501,30030501,3,300305,,1,1
30031001,30031001,3,300310,,1,1
30031101,30031101,3,300311,,1,1
30060101,30060101,3,300601,,1,1
30040101,30040101,3,300401,,1,1
30040201,30040201,3,300402,,1,1
30040301,30040301,3,300403,,1,1
30040401,30040401,3,300404,,1,1
30040501,30040501,3,300405,,1,1
30040601,30040601,3,300406,,1,1
30040701,30040701,3,300407,,1,1
30040801,30040801,3,300408,,1,1
30040901,30040901,3,300409,,1,1
30041601,30041601,3,300416,,1,1
30041701,30041701,3,300417,,1,1
30041801,30041801,3,300418,,1,1
30041001,30041001,3,300410,,1,1
30041101,30041101,3,300411,,1,1
30041201,30041201,3,300412,,1,1
30041901,30041901,3,300419,,1,1
30042001,30042001,3,300420,,1,1
30042101,30042101,3,300421,,1,1
30042201,30042201,3,300422,,1,1
30042301,30042301,3,300423,,1,1
30042401,30042401,3,300424,,1,1
30042501,30042501,3,300425,,1,1
30042601,30042601,3,300426,,1,1
30042701,30042701,3,300427,,1,1
30042901,30042901,3,300429,,1,1
30043001,30043001,3,300430,,1,1
30043201,30043201,3,300432,,1,1
30043301,30043301,3,300433,,1,1
30043401,30043401,3,300434,,1,1
40400101,40400101,4,404001,,1,1
40400201,40400201,4,404002,,1,1
40400301,40400301,4,404003,,1,1
40400401,40400401,4,404004,,1,1
40400501,40400501,4,404005,,1,1
40400601,40400601,4,404006,,1,1
40400701,40400701,4,404007,,1,1
40400801,40400801,4,404008,,1,1
40500101,40500101,4,405001,,1,1
40500701,40500701,4,405007,,1,1
40500801,40500801,4,405008,,1,1
65000130,65000130,6,5000130,,1,1
65000140,65000140,6,5000140,,1,1
65000320,65000320,6,5000320,,1,1
65000970,65000970,6,5000970,,1,1
70000001,70000001,7,0,,1,1
70000002,70000002,7,0,,2,1
70000003,70000003,7,0,,3,1
70000004,70000004,7,0,,4,1
70000005,70000005,7,0,,5,1
70000006,70000006,7,0,,6,1
70000007,70000007,7,0,,7,1
70000008,70000008,7,0,,8,1
70000009,70000009,7,0,,9,1
70000010,70000010,7,0,,10,1
70000015,70000015,7,0,,15,1
70000020,70000020,7,0,,20,1
70000025,70000025,7,0,,25,1
70000030,70000030,7,0,,30,1
70000035,70000035,7,0,,35,1
70000040,70000040,7,0,,40,1
70000045,70000045,7,0,,45,1
70000050,70000050,7,0,,50,1
70000055,70000055,7,0,,55,1
70000060,70000060,7,0,,60,1
70000065,70000065,7,0,,65,1
70000070,70000070,7,0,,70,1
70000075,70000075,7,0,,75,1
70000080,70000080,7,0,,80,1
70000085,70000085,7,0,,85,1
70000090,70000090,7,0,,90,1
70000095,70000095,7,0,,95,1
70000100,70000100,7,0,,100,1
80000050,80000050,8,0,,50,1
80000100,80000100,8,0,,100,1
80000150,80000150,8,0,,150,1
80000200,80000200,8,0,,200,1
80000250,80000250,8,0,,250,1
80000300,80000300,8,0,,300,1
80000350,80000350,8,0,,350,1
80000400,80000400,8,0,,400,1
80000450,80000450,8,0,,450,1
80000500,80000500,8,0,,500,1
80000550,80000550,8,0,,550,1
80000600,80000600,8,0,,600,1
80000650,80000650,8,0,,650,1
80000700,80000700,8,0,,700,1
80000750,80000750,8,0,,750,1
80000800,80000800,8,0,,800,1
80000850,80000850,8,0,,850,1
80000900,80000900,8,0,,900,1
80000950,80000950,8,0,,950,1
80001000,80001000,8,0,,1000,1
80001500,80001500,8,0,,1500,1
80002000,80002000,8,0,,2000,1
80002500,80002500,8,0,,2500,1
80003000,80003000,8,0,,3000,1
80003500,80003500,8,0,,3500,1
80004000,80004000,8,0,,4000,1
80004500,80004500,8,0,,4500,1
80005000,80005000,8,0,,5000,1
80006000,80006000,8,0,,6000,1
80007000,80007000,8,0,,7000,1
80008000,80008000,8,0,,8000,1
80009000,80009000,8,0,,9000,1
80010000,80010000,8,0,,10000,1
80020000,80020000,8,0,,20000,1
80030000,80030000,8,0,,30000,1
80040000,80040000,8,0,,40000,1
80050000,80050000,8,0,,50000,1
80060000,80060000,8,0,,60000,1
80070000,80070000,8,0,,70000,1
80080000,80080000,8,0,,80000,1
80090000,80090000,8,0,,90000,1
80100000,80100000,8,0,,100000,1
99000129,99000102,13,28,,1,1
99000130,99000103,13,28,,1,1
99000131,99000103,4,405001,,1,1
